zone_sk,mode_sk,annee,mois,annee_mois_dt,co2_predicted,energie_predicted,carbon_intensity,prediction_type,generated_at
1,2,2023,1,2023-01-01,111.49,128.48,0.8678,future,2026-04-04 09:20:25
1,2,2023,2,2023-02-01,107.06,128.48,0.8333,future,2026-04-04 09:20:25
1,2,2023,3,2023-03-01,105.23,129.69,0.8114,future,2026-04-04 09:20:25
1,2,2023,4,2023-04-01,118.16,128.48,0.9197,future,2026-04-04 09:20:25
1,2,2023,5,2023-05-01,124.58,128.48,0.9696,future,2026-04-04 09:20:25
1,2,2023,6,2023-06-01,124.58,128.48,0.9696,future,2026-04-04 09:20:25
1,2,2023,7,2023-07-01,124.58,128.48,0.9696,future,2026-04-04 09:20:25
1,2,2023,8,2023-08-01,122.18,128.48,0.951,future,2026-04-04 09:20:25
1,2,2023,9,2023-09-01,104.48,127.7,0.8182,future,2026-04-04 09:20:25
1,2,2023,10,2023-10-01,110.7,128.48,0.8616,future,2026-04-04 09:20:25
1,2,2023,11,2023-11-01,111.49,128.48,0.8678,future,2026-04-04 09:20:25
1,2,2023,12,2023-12-01,111.49,128.01,0.8709,future,2026-04-04 09:20:25
1,2,2024,1,2024-01-01,111.49,128.48,0.8678,future,2026-04-04 09:20:25
1,2,2024,2,2024-02-01,107.06,128.48,0.8333,future,2026-04-04 09:20:25
1,2,2024,3,2024-03-01,105.23,129.69,0.8114,future,2026-04-04 09:20:25
1,2,2024,4,2024-04-01,118.16,128.48,0.9197,future,2026-04-04 09:20:25
1,2,2024,5,2024-05-01,124.58,128.48,0.9696,future,2026-04-04 09:20:25
1,2,2024,6,2024-06-01,124.58,128.48,0.9696,future,2026-04-04 09:20:25
1,2,2024,7,2024-07-01,124.58,128.48,0.9696,future,2026-04-04 09:20:25
1,2,2024,8,2024-08-01,122.18,128.48,0.951,future,2026-04-04 09:20:25
1,2,2024,9,2024-09-01,104.48,127.7,0.8182,future,2026-04-04 09:20:25
1,2,2024,10,2024-10-01,110.7,128.48,0.8616,future,2026-04-04 09:20:25
1,2,2024,11,2024-11-01,111.49,128.48,0.8678,future,2026-04-04 09:20:25
1,2,2024,12,2024-12-01,111.49,128.01,0.8709,future,2026-04-04 09:20:25
1,3,2023,1,2023-01-01,3.68,80.14,0.0459,future,2026-04-04 09:20:25
1,3,2023,2,2023-02-01,3.68,79.69,0.0462,future,2026-04-04 09:20:25
1,3,2023,3,2023-03-01,3.68,80.56,0.0457,future,2026-04-04 09:20:25
1,3,2023,4,2023-04-01,3.68,79.69,0.0462,future,2026-04-04 09:20:25
1,3,2023,5,2023-05-01,3.68,80.14,0.0459,future,2026-04-04 09:20:25
1,3,2023,6,2023-06-01,3.68,80.14,0.0459,future,2026-04-04 09:20:25
1,3,2023,7,2023-07-01,3.68,80.31,0.0458,future,2026-04-04 09:20:25
1,3,2023,8,2023-08-01,3.7,80.31,0.0461,future,2026-04-04 09:20:25
1,3,2023,9,2023-09-01,3.69,79.83,0.0462,future,2026-04-04 09:20:25
1,3,2023,10,2023-10-01,3.7,80.31,0.0461,future,2026-04-04 09:20:25
1,3,2023,11,2023-11-01,3.68,80.31,0.0458,future,2026-04-04 09:20:25
1,3,2023,12,2023-12-01,3.68,80.14,0.0459,future,2026-04-04 09:20:25
1,3,2024,1,2024-01-01,3.68,80.14,0.0459,future,2026-04-04 09:20:25
1,3,2024,2,2024-02-01,3.68,79.69,0.0462,future,2026-04-04 09:20:25
1,3,2024,3,2024-03-01,3.68,80.56,0.0457,future,2026-04-04 09:20:25
1,3,2024,4,2024-04-01,3.68,79.69,0.0462,future,2026-04-04 09:20:25
1,3,2024,5,2024-05-01,3.68,80.14,0.0459,future,2026-04-04 09:20:25
1,3,2024,6,2024-06-01,3.68,80.14,0.0459,future,2026-04-04 09:20:25
1,3,2024,7,2024-07-01,3.68,80.31,0.0458,future,2026-04-04 09:20:25
1,3,2024,8,2024-08-01,3.7,80.31,0.0461,future,2026-04-04 09:20:25
1,3,2024,9,2024-09-01,3.69,79.83,0.0462,future,2026-04-04 09:20:25
1,3,2024,10,2024-10-01,3.7,80.31,0.0461,future,2026-04-04 09:20:25
1,3,2024,11,2024-11-01,3.68,80.31,0.0458,future,2026-04-04 09:20:25
1,3,2024,12,2024-12-01,3.68,80.14,0.0459,future,2026-04-04 09:20:25
1,5,2023,1,2023-01-01,3.13,62.48,0.0501,future,2026-04-04 09:20:25
1,5,2023,2,2023-02-01,3.13,61.7,0.0507,future,2026-04-04 09:20:25
1,5,2023,3,2023-03-01,3.13,62.23,0.0503,future,2026-04-04 09:20:25
1,5,2023,4,2023-04-01,3.13,61.7,0.0507,future,2026-04-04 09:20:25
1,5,2023,5,2023-05-01,3.13,62.29,0.0502,future,2026-04-04 09:20:25
1,5,2023,6,2023-06-01,3.13,62.29,0.0502,future,2026-04-04 09:20:25
1,5,2023,7,2023-07-01,3.13,62.29,0.0502,future,2026-04-04 09:20:25
1,5,2023,8,2023-08-01,3.14,62.29,0.0504,future,2026-04-04 09:20:25
1,5,2023,9,2023-09-01,3.14,62.23,0.0505,future,2026-04-04 09:20:25
1,5,2023,10,2023-10-01,3.14,62.29,0.0504,future,2026-04-04 09:20:25
1,5,2023,11,2023-11-01,3.13,62.48,0.0501,future,2026-04-04 09:20:25
1,5,2023,12,2023-12-01,3.13,62.48,0.0501,future,2026-04-04 09:20:25
1,5,2024,1,2024-01-01,3.13,62.48,0.0501,future,2026-04-04 09:20:25
1,5,2024,2,2024-02-01,3.13,61.7,0.0507,future,2026-04-04 09:20:25
1,5,2024,3,2024-03-01,3.13,62.23,0.0503,future,2026-04-04 09:20:25
1,5,2024,4,2024-04-01,3.13,61.7,0.0507,future,2026-04-04 09:20:25
1,5,2024,5,2024-05-01,3.13,62.29,0.0502,future,2026-04-04 09:20:25
1,5,2024,6,2024-06-01,3.13,62.29,0.0502,future,2026-04-04 09:20:25
1,5,2024,7,2024-07-01,3.13,62.29,0.0502,future,2026-04-04 09:20:25
1,5,2024,8,2024-08-01,3.14,62.29,0.0504,future,2026-04-04 09:20:25
1,5,2024,9,2024-09-01,3.14,62.23,0.0505,future,2026-04-04 09:20:25
1,5,2024,10,2024-10-01,3.14,62.29,0.0504,future,2026-04-04 09:20:25
1,5,2024,11,2024-11-01,3.13,62.48,0.0501,future,2026-04-04 09:20:25
1,5,2024,12,2024-12-01,3.13,62.48,0.0501,future,2026-04-04 09:20:25
1,6,2023,1,2023-01-01,8.36,28.28,0.2956,future,2026-04-04 09:20:25
1,6,2023,2,2023-02-01,8.36,28.28,0.2956,future,2026-04-04 09:20:25
1,6,2023,3,2023-03-01,8.36,28.28,0.2956,future,2026-04-04 09:20:25
1,6,2023,4,2023-04-01,8.54,28.15,0.3034,future,2026-04-04 09:20:25
1,6,2023,5,2023-05-01,8.54,28.15,0.3034,future,2026-04-04 09:20:25
1,6,2023,6,2023-06-01,8.54,27.77,0.3075,future,2026-04-04 09:20:25
1,6,2023,7,2023-07-01,8.54,28.15,0.3034,future,2026-04-04 09:20:25
1,6,2023,8,2023-08-01,8.36,28.15,0.297,future,2026-04-04 09:20:25
1,6,2023,9,2023-09-01,8.61,28.47,0.3024,future,2026-04-04 09:20:25
1,6,2023,10,2023-10-01,8.18,28.28,0.2893,future,2026-04-04 09:20:25
1,6,2023,11,2023-11-01,8.36,28.28,0.2956,future,2026-04-04 09:20:25
1,6,2023,12,2023-12-01,8.36,28.28,0.2956,future,2026-04-04 09:20:25
1,6,2024,1,2024-01-01,8.36,28.28,0.2956,future,2026-04-04 09:20:25
1,6,2024,2,2024-02-01,8.36,28.28,0.2956,future,2026-04-04 09:20:25
1,6,2024,3,2024-03-01,8.36,28.28,0.2956,future,2026-04-04 09:20:25
1,6,2024,4,2024-04-01,8.54,28.15,0.3034,future,2026-04-04 09:20:25
1,6,2024,5,2024-05-01,8.54,28.15,0.3034,future,2026-04-04 09:20:25
1,6,2024,6,2024-06-01,8.54,27.77,0.3075,future,2026-04-04 09:20:25
1,6,2024,7,2024-07-01,8.54,28.15,0.3034,future,2026-04-04 09:20:25
1,6,2024,8,2024-08-01,8.36,28.15,0.297,future,2026-04-04 09:20:25
1,6,2024,9,2024-09-01,8.61,28.47,0.3024,future,2026-04-04 09:20:25
1,6,2024,10,2024-10-01,8.18,28.28,0.2893,future,2026-04-04 09:20:25
1,6,2024,11,2024-11-01,8.36,28.28,0.2956,future,2026-04-04 09:20:25
1,6,2024,12,2024-12-01,8.36,28.28,0.2956,future,2026-04-04 09:20:25
2,2,2023,1,2023-01-01,27.69,122.98,0.2252,future,2026-04-04 09:20:25
2,2,2023,2,2023-02-01,26.66,122.98,0.2168,future,2026-04-04 09:20:25
2,2,2023,3,2023-03-01,26.66,123.07,0.2166,future,2026-04-04 09:20:25
2,2,2023,4,2023-04-01,27.09,122.98,0.2203,future,2026-04-04 09:20:25
2,2,2023,5,2023-05-01,27.97,122.98,0.2274,future,2026-04-04 09:20:25
2,2,2023,6,2023-06-01,26.84,122.98,0.2182,future,2026-04-04 09:20:25
2,2,2023,7,2023-07-01,27.97,122.98,0.2274,future,2026-04-04 09:20:25
2,2,2023,8,2023-08-01,24.46,122.98,0.1989,future,2026-04-04 09:20:25
2,2,2023,9,2023-09-01,25.25,122.23,0.2066,future,2026-04-04 09:20:25
2,2,2023,10,2023-10-01,24.07,122.98,0.1957,future,2026-04-04 09:20:25
2,2,2023,11,2023-11-01,27.69,122.98,0.2252,future,2026-04-04 09:20:25
2,2,2023,12,2023-12-01,27.69,122.53,0.226,future,2026-04-04 09:20:25
2,2,2024,1,2024-01-01,27.69,122.98,0.2252,future,2026-04-04 09:20:25
2,2,2024,2,2024-02-01,26.66,122.98,0.2168,future,2026-04-04 09:20:25
2,2,2024,3,2024-03-01,26.66,123.07,0.2166,future,2026-04-04 09:20:25
2,2,2024,4,2024-04-01,27.09,122.98,0.2203,future,2026-04-04 09:20:25
2,2,2024,5,2024-05-01,27.97,122.98,0.2274,future,2026-04-04 09:20:25
2,2,2024,6,2024-06-01,26.84,122.98,0.2182,future,2026-04-04 09:20:25
2,2,2024,7,2024-07-01,27.97,122.98,0.2274,future,2026-04-04 09:20:25
2,2,2024,8,2024-08-01,24.46,122.98,0.1989,future,2026-04-04 09:20:25
2,2,2024,9,2024-09-01,25.25,122.23,0.2066,future,2026-04-04 09:20:25
2,2,2024,10,2024-10-01,24.07,122.98,0.1957,future,2026-04-04 09:20:25
2,2,2024,11,2024-11-01,27.69,122.98,0.2252,future,2026-04-04 09:20:25
2,2,2024,12,2024-12-01,27.69,122.53,0.226,future,2026-04-04 09:20:25
2,3,2023,1,2023-01-01,3.62,75.5,0.0479,future,2026-04-04 09:20:25
2,3,2023,2,2023-02-01,3.62,75.07,0.0482,future,2026-04-04 09:20:25
2,3,2023,3,2023-03-01,3.62,75.71,0.0478,future,2026-04-04 09:20:25
2,3,2023,4,2023-04-01,3.62,75.07,0.0482,future,2026-04-04 09:20:25
2,3,2023,5,2023-05-01,3.62,75.5,0.0479,future,2026-04-04 09:20:25
2,3,2023,6,2023-06-01,3.62,75.5,0.0479,future,2026-04-04 09:20:25
2,3,2023,7,2023-07-01,3.62,75.67,0.0478,future,2026-04-04 09:20:25
2,3,2023,8,2023-08-01,3.63,75.67,0.048,future,2026-04-04 09:20:25
2,3,2023,9,2023-09-01,3.63,75.2,0.0483,future,2026-04-04 09:20:25
2,3,2023,10,2023-10-01,3.63,75.67,0.048,future,2026-04-04 09:20:25
2,3,2023,11,2023-11-01,3.62,75.67,0.0478,future,2026-04-04 09:20:25
2,3,2023,12,2023-12-01,3.62,75.5,0.0479,future,2026-04-04 09:20:25
2,3,2024,1,2024-01-01,3.62,75.5,0.0479,future,2026-04-04 09:20:25
2,3,2024,2,2024-02-01,3.62,75.07,0.0482,future,2026-04-04 09:20:25
2,3,2024,3,2024-03-01,3.62,75.71,0.0478,future,2026-04-04 09:20:25
2,3,2024,4,2024-04-01,3.62,75.07,0.0482,future,2026-04-04 09:20:25
2,3,2024,5,2024-05-01,3.62,75.5,0.0479,future,2026-04-04 09:20:25
2,3,2024,6,2024-06-01,3.62,75.5,0.0479,future,2026-04-04 09:20:25
2,3,2024,7,2024-07-01,3.62,75.67,0.0478,future,2026-04-04 09:20:25
2,3,2024,8,2024-08-01,3.63,75.67,0.048,future,2026-04-04 09:20:25
2,3,2024,9,2024-09-01,3.63,75.2,0.0483,future,2026-04-04 09:20:25
2,3,2024,10,2024-10-01,3.63,75.67,0.048,future,2026-04-04 09:20:25
2,3,2024,11,2024-11-01,3.62,75.67,0.0478,future,2026-04-04 09:20:25
2,3,2024,12,2024-12-01,3.62,75.5,0.0479,future,2026-04-04 09:20:25
2,5,2023,1,2023-01-01,2.97,57.77,0.0514,future,2026-04-04 09:20:25
2,5,2023,2,2023-02-01,2.96,57.05,0.0519,future,2026-04-04 09:20:25
2,5,2023,3,2023-03-01,2.96,57.54,0.0514,future,2026-04-04 09:20:25
2,5,2023,4,2023-04-01,2.96,57.05,0.0519,future,2026-04-04 09:20:25
2,5,2023,5,2023-05-01,2.96,57.6,0.0514,future,2026-04-04 09:20:25
2,5,2023,6,2023-06-01,2.96,57.6,0.0514,future,2026-04-04 09:20:25
2,5,2023,7,2023-07-01,2.96,57.6,0.0514,future,2026-04-04 09:20:25
2,5,2023,8,2023-08-01,2.97,57.6,0.0516,future,2026-04-04 09:20:25
2,5,2023,9,2023-09-01,2.97,57.54,0.0516,future,2026-04-04 09:20:25
2,5,2023,10,2023-10-01,2.97,57.6,0.0516,future,2026-04-04 09:20:25
2,5,2023,11,2023-11-01,2.97,57.77,0.0514,future,2026-04-04 09:20:25
2,5,2023,12,2023-12-01,2.97,57.77,0.0514,future,2026-04-04 09:20:25
2,5,2024,1,2024-01-01,2.97,57.77,0.0514,future,2026-04-04 09:20:25
2,5,2024,2,2024-02-01,2.96,57.05,0.0519,future,2026-04-04 09:20:25
2,5,2024,3,2024-03-01,2.96,57.54,0.0514,future,2026-04-04 09:20:25
2,5,2024,4,2024-04-01,2.96,57.05,0.0519,future,2026-04-04 09:20:25
2,5,2024,5,2024-05-01,2.96,57.6,0.0514,future,2026-04-04 09:20:25
2,5,2024,6,2024-06-01,2.96,57.6,0.0514,future,2026-04-04 09:20:25
2,5,2024,7,2024-07-01,2.96,57.6,0.0514,future,2026-04-04 09:20:25
2,5,2024,8,2024-08-01,2.97,57.6,0.0516,future,2026-04-04 09:20:25
2,5,2024,9,2024-09-01,2.97,57.54,0.0516,future,2026-04-04 09:20:25
2,5,2024,10,2024-10-01,2.97,57.6,0.0516,future,2026-04-04 09:20:25
2,5,2024,11,2024-11-01,2.97,57.77,0.0514,future,2026-04-04 09:20:25
2,5,2024,12,2024-12-01,2.97,57.77,0.0514,future,2026-04-04 09:20:25
2,6,2023,1,2023-01-01,8.24,25.77,0.3198,future,2026-04-04 09:20:25
2,6,2023,2,2023-02-01,8.03,25.77,0.3116,future,2026-04-04 09:20:25
2,6,2023,3,2023-03-01,8.48,25.77,0.3291,future,2026-04-04 09:20:25
2,6,2023,4,2023-04-01,8.43,25.65,0.3287,future,2026-04-04 09:20:25
2,6,2023,5,2023-05-01,8.63,25.65,0.3365,future,2026-04-04 09:20:25
2,6,2023,6,2023-06-01,8.63,25.3,0.3411,future,2026-04-04 09:20:25
2,6,2023,7,2023-07-01,8.63,25.65,0.3365,future,2026-04-04 09:20:25
2,6,2023,8,2023-08-01,8.44,25.65,0.329,future,2026-04-04 09:20:25
2,6,2023,9,2023-09-01,8.7,25.77,0.3376,future,2026-04-04 09:20:25
2,6,2023,10,2023-10-01,8.03,25.77,0.3116,future,2026-04-04 09:20:25
2,6,2023,11,2023-11-01,8.24,25.77,0.3198,future,2026-04-04 09:20:25
2,6,2023,12,2023-12-01,8.24,25.77,0.3198,future,2026-04-04 09:20:25
2,6,2024,1,2024-01-01,8.24,25.77,0.3198,future,2026-04-04 09:20:25
2,6,2024,2,2024-02-01,8.03,25.77,0.3116,future,2026-04-04 09:20:25
2,6,2024,3,2024-03-01,8.48,25.77,0.3291,future,2026-04-04 09:20:25
2,6,2024,4,2024-04-01,8.43,25.65,0.3287,future,2026-04-04 09:20:25
2,6,2024,5,2024-05-01,8.63,25.65,0.3365,future,2026-04-04 09:20:25
2,6,2024,6,2024-06-01,8.63,25.3,0.3411,future,2026-04-04 09:20:25
2,6,2024,7,2024-07-01,8.63,25.65,0.3365,future,2026-04-04 09:20:25
2,6,2024,8,2024-08-01,8.44,25.65,0.329,future,2026-04-04 09:20:25
2,6,2024,9,2024-09-01,8.7,25.77,0.3376,future,2026-04-04 09:20:25
2,6,2024,10,2024-10-01,8.03,25.77,0.3116,future,2026-04-04 09:20:25
2,6,2024,11,2024-11-01,8.24,25.77,0.3198,future,2026-04-04 09:20:25
2,6,2024,12,2024-12-01,8.24,25.77,0.3198,future,2026-04-04 09:20:25
3,2,2023,1,2023-01-01,27.44,116.24,0.2361,future,2026-04-04 09:20:25
3,2,2023,2,2023-02-01,26.41,116.24,0.2272,future,2026-04-04 09:20:25
3,2,2023,3,2023-03-01,26.41,116.33,0.227,future,2026-04-04 09:20:25
3,2,2023,4,2023-04-01,26.01,116.24,0.2238,future,2026-04-04 09:20:25
3,2,2023,5,2023-05-01,26.85,116.24,0.231,future,2026-04-04 09:20:25
3,2,2023,6,2023-06-01,25.77,116.24,0.2217,future,2026-04-04 09:20:25
3,2,2023,7,2023-07-01,26.85,116.24,0.231,future,2026-04-04 09:20:25
3,2,2023,8,2023-08-01,23.47,116.24,0.2019,future,2026-04-04 09:20:25
3,2,2023,9,2023-09-01,25.02,116.32,0.2151,future,2026-04-04 09:20:25
3,2,2023,10,2023-10-01,23.84,116.24,0.2051,future,2026-04-04 09:20:25
3,2,2023,11,2023-11-01,27.44,116.24,0.2361,future,2026-04-04 09:20:25
3,2,2023,12,2023-12-01,27.44,115.82,0.2369,future,2026-04-04 09:20:25
3,2,2024,1,2024-01-01,27.44,116.24,0.2361,future,2026-04-04 09:20:25
3,2,2024,2,2024-02-01,26.41,116.24,0.2272,future,2026-04-04 09:20:25
3,2,2024,3,2024-03-01,26.41,116.33,0.227,future,2026-04-04 09:20:25
3,2,2024,4,2024-04-01,26.01,116.24,0.2238,future,2026-04-04 09:20:25
3,2,2024,5,2024-05-01,26.85,116.24,0.231,future,2026-04-04 09:20:25
3,2,2024,6,2024-06-01,25.77,116.24,0.2217,future,2026-04-04 09:20:25
3,2,2024,7,2024-07-01,26.85,116.24,0.231,future,2026-04-04 09:20:25
3,2,2024,8,2024-08-01,23.47,116.24,0.2019,future,2026-04-04 09:20:25
3,2,2024,9,2024-09-01,25.02,116.32,0.2151,future,2026-04-04 09:20:25
3,2,2024,10,2024-10-01,23.84,116.24,0.2051,future,2026-04-04 09:20:25
3,2,2024,11,2024-11-01,27.44,116.24,0.2361,future,2026-04-04 09:20:25
3,2,2024,12,2024-12-01,27.44,115.82,0.2369,future,2026-04-04 09:20:25
3,3,2023,1,2023-01-01,3.59,74.11,0.0484,future,2026-04-04 09:20:25
3,3,2023,2,2023-02-01,3.59,73.69,0.0487,future,2026-04-04 09:20:25
3,3,2023,3,2023-03-01,3.59,74.32,0.0483,future,2026-04-04 09:20:25
3,3,2023,4,2023-04-01,3.59,73.69,0.0487,future,2026-04-04 09:20:25
3,3,2023,5,2023-05-01,3.59,74.11,0.0484,future,2026-04-04 09:20:25
3,3,2023,6,2023-06-01,3.59,74.11,0.0484,future,2026-04-04 09:20:25
3,3,2023,7,2023-07-01,3.59,74.27,0.0483,future,2026-04-04 09:20:25
3,3,2023,8,2023-08-01,3.6,74.27,0.0485,future,2026-04-04 09:20:25
3,3,2023,9,2023-09-01,3.6,74.32,0.0484,future,2026-04-04 09:20:25
3,3,2023,10,2023-10-01,3.6,74.27,0.0485,future,2026-04-04 09:20:25
3,3,2023,11,2023-11-01,3.59,74.27,0.0483,future,2026-04-04 09:20:25
3,3,2023,12,2023-12-01,3.59,74.11,0.0484,future,2026-04-04 09:20:25
3,3,2024,1,2024-01-01,3.59,74.11,0.0484,future,2026-04-04 09:20:25
3,3,2024,2,2024-02-01,3.59,73.69,0.0487,future,2026-04-04 09:20:25
3,3,2024,3,2024-03-01,3.59,74.32,0.0483,future,2026-04-04 09:20:25
3,3,2024,4,2024-04-01,3.59,73.69,0.0487,future,2026-04-04 09:20:25
3,3,2024,5,2024-05-01,3.59,74.11,0.0484,future,2026-04-04 09:20:25
3,3,2024,6,2024-06-01,3.59,74.11,0.0484,future,2026-04-04 09:20:25
3,3,2024,7,2024-07-01,3.59,74.27,0.0483,future,2026-04-04 09:20:25
3,3,2024,8,2024-08-01,3.6,74.27,0.0485,future,2026-04-04 09:20:25
3,3,2024,9,2024-09-01,3.6,74.32,0.0484,future,2026-04-04 09:20:25
3,3,2024,10,2024-10-01,3.6,74.27,0.0485,future,2026-04-04 09:20:25
3,3,2024,11,2024-11-01,3.59,74.27,0.0483,future,2026-04-04 09:20:25
3,3,2024,12,2024-12-01,3.59,74.11,0.0484,future,2026-04-04 09:20:25
3,5,2023,1,2023-01-01,2.96,57.9,0.0511,future,2026-04-04 09:20:25
3,5,2023,2,2023-02-01,2.95,57.18,0.0516,future,2026-04-04 09:20:25
3,5,2023,3,2023-03-01,2.95,57.67,0.0512,future,2026-04-04 09:20:25
3,5,2023,4,2023-04-01,2.95,57.18,0.0516,future,2026-04-04 09:20:25
3,5,2023,5,2023-05-01,2.95,57.73,0.0511,future,2026-04-04 09:20:25
3,5,2023,6,2023-06-01,2.95,57.73,0.0511,future,2026-04-04 09:20:25
3,5,2023,7,2023-07-01,2.95,57.73,0.0511,future,2026-04-04 09:20:25
3,5,2023,8,2023-08-01,2.96,57.73,0.0513,future,2026-04-04 09:20:25
3,5,2023,9,2023-09-01,2.96,57.77,0.0512,future,2026-04-04 09:20:25
3,5,2023,10,2023-10-01,2.96,57.73,0.0513,future,2026-04-04 09:20:25
3,5,2023,11,2023-11-01,2.96,57.9,0.0511,future,2026-04-04 09:20:25
3,5,2023,12,2023-12-01,2.96,57.9,0.0511,future,2026-04-04 09:20:25
3,5,2024,1,2024-01-01,2.96,57.9,0.0511,future,2026-04-04 09:20:25
3,5,2024,2,2024-02-01,2.95,57.18,0.0516,future,2026-04-04 09:20:25
3,5,2024,3,2024-03-01,2.95,57.67,0.0512,future,2026-04-04 09:20:25
3,5,2024,4,2024-04-01,2.95,57.18,0.0516,future,2026-04-04 09:20:25
3,5,2024,5,2024-05-01,2.95,57.73,0.0511,future,2026-04-04 09:20:25
3,5,2024,6,2024-06-01,2.95,57.73,0.0511,future,2026-04-04 09:20:25
3,5,2024,7,2024-07-01,2.95,57.73,0.0511,future,2026-04-04 09:20:25
3,5,2024,8,2024-08-01,2.96,57.73,0.0513,future,2026-04-04 09:20:25
3,5,2024,9,2024-09-01,2.96,57.77,0.0512,future,2026-04-04 09:20:25
3,5,2024,10,2024-10-01,2.96,57.73,0.0513,future,2026-04-04 09:20:25
3,5,2024,11,2024-11-01,2.96,57.9,0.0511,future,2026-04-04 09:20:25
3,5,2024,12,2024-12-01,2.96,57.9,0.0511,future,2026-04-04 09:20:25
3,6,2023,1,2023-01-01,7.35,27.15,0.2707,future,2026-04-04 09:20:25
3,6,2023,2,2023-02-01,7.33,27.28,0.2687,future,2026-04-04 09:20:25
3,6,2023,3,2023-03-01,7.54,27.28,0.2764,future,2026-04-04 09:20:25
3,6,2023,4,2023-04-01,7.7,27.16,0.2835,future,2026-04-04 09:20:25
3,6,2023,5,2023-05-01,7.7,27.03,0.2849,future,2026-04-04 09:20:25
3,6,2023,6,2023-06-01,7.7,26.66,0.2888,future,2026-04-04 09:20:25
3,6,2023,7,2023-07-01,7.7,27.21,0.283,future,2026-04-04 09:20:25
3,6,2023,8,2023-08-01,7.53,27.21,0.2767,future,2026-04-04 09:20:25
3,6,2023,9,2023-09-01,7.77,27.51,0.2824,future,2026-04-04 09:20:25
3,6,2023,10,2023-10-01,7.17,27.33,0.2623,future,2026-04-04 09:20:25
3,6,2023,11,2023-11-01,7.35,27.33,0.2689,future,2026-04-04 09:20:25
3,6,2023,12,2023-12-01,7.35,27.15,0.2707,future,2026-04-04 09:20:25
3,6,2024,1,2024-01-01,7.35,27.15,0.2707,future,2026-04-04 09:20:25
3,6,2024,2,2024-02-01,7.33,27.28,0.2687,future,2026-04-04 09:20:25
3,6,2024,3,2024-03-01,7.54,27.28,0.2764,future,2026-04-04 09:20:25
3,6,2024,4,2024-04-01,7.7,27.16,0.2835,future,2026-04-04 09:20:25
3,6,2024,5,2024-05-01,7.7,27.03,0.2849,future,2026-04-04 09:20:25
3,6,2024,6,2024-06-01,7.7,26.66,0.2888,future,2026-04-04 09:20:25
3,6,2024,7,2024-07-01,7.7,27.21,0.283,future,2026-04-04 09:20:25
3,6,2024,8,2024-08-01,7.53,27.21,0.2767,future,2026-04-04 09:20:25
3,6,2024,9,2024-09-01,7.77,27.51,0.2824,future,2026-04-04 09:20:25
3,6,2024,10,2024-10-01,7.17,27.33,0.2623,future,2026-04-04 09:20:25
3,6,2024,11,2024-11-01,7.35,27.33,0.2689,future,2026-04-04 09:20:25
3,6,2024,12,2024-12-01,7.35,27.15,0.2707,future,2026-04-04 09:20:25
4,2,2023,1,2023-01-01,52.5,116.37,0.4511,future,2026-04-04 09:20:25
4,2,2023,2,2023-02-01,54.03,116.37,0.4643,future,2026-04-04 09:20:25
4,2,2023,3,2023-03-01,53.1,117.48,0.452,future,2026-04-04 09:20:25
4,2,2023,4,2023-04-01,55.35,116.37,0.4756,future,2026-04-04 09:20:25
4,2,2023,5,2023-05-01,55.76,116.37,0.4792,future,2026-04-04 09:20:25
4,2,2023,6,2023-06-01,55.76,116.37,0.4792,future,2026-04-04 09:20:25
4,2,2023,7,2023-07-01,55.76,116.37,0.4792,future,2026-04-04 09:20:25
4,2,2023,8,2023-08-01,52.53,116.37,0.4514,future,2026-04-04 09:20:25
4,2,2023,9,2023-09-01,52.7,116.25,0.4533,future,2026-04-04 09:20:25
4,2,2023,10,2023-10-01,51.27,116.37,0.4406,future,2026-04-04 09:20:25
4,2,2023,11,2023-11-01,52.5,116.37,0.4511,future,2026-04-04 09:20:25
4,2,2023,12,2023-12-01,52.5,115.95,0.4528,future,2026-04-04 09:20:25
4,2,2024,1,2024-01-01,52.5,116.37,0.4511,future,2026-04-04 09:20:25
4,2,2024,2,2024-02-01,54.03,116.37,0.4643,future,2026-04-04 09:20:25
4,2,2024,3,2024-03-01,53.1,117.48,0.452,future,2026-04-04 09:20:25
4,2,2024,4,2024-04-01,55.35,116.37,0.4756,future,2026-04-04 09:20:25
4,2,2024,5,2024-05-01,55.76,116.37,0.4792,future,2026-04-04 09:20:25
4,2,2024,6,2024-06-01,55.76,116.37,0.4792,future,2026-04-04 09:20:25
4,2,2024,7,2024-07-01,55.76,116.37,0.4792,future,2026-04-04 09:20:25
4,2,2024,8,2024-08-01,52.53,116.37,0.4514,future,2026-04-04 09:20:25
4,2,2024,9,2024-09-01,52.7,116.25,0.4533,future,2026-04-04 09:20:25
4,2,2024,10,2024-10-01,51.27,116.37,0.4406,future,2026-04-04 09:20:25
4,2,2024,11,2024-11-01,52.5,116.37,0.4511,future,2026-04-04 09:20:25
4,2,2024,12,2024-12-01,52.5,115.95,0.4528,future,2026-04-04 09:20:25
4,3,2023,1,2023-01-01,3.64,78.06,0.0466,future,2026-04-04 09:20:25
4,3,2023,2,2023-02-01,3.64,77.89,0.0467,future,2026-04-04 09:20:25
4,3,2023,3,2023-03-01,3.64,78.72,0.0462,future,2026-04-04 09:20:25
4,3,2023,4,2023-04-01,3.64,77.89,0.0467,future,2026-04-04 09:20:25
4,3,2023,5,2023-05-01,3.64,78.06,0.0466,future,2026-04-04 09:20:25
4,3,2023,6,2023-06-01,3.64,78.06,0.0466,future,2026-04-04 09:20:25
4,3,2023,7,2023-07-01,3.64,78.23,0.0465,future,2026-04-04 09:20:25
4,3,2023,8,2023-08-01,3.66,78.23,0.0468,future,2026-04-04 09:20:25
4,3,2023,9,2023-09-01,3.65,78.14,0.0467,future,2026-04-04 09:20:25
4,3,2023,10,2023-10-01,3.66,78.23,0.0468,future,2026-04-04 09:20:25
4,3,2023,11,2023-11-01,3.64,78.23,0.0465,future,2026-04-04 09:20:25
4,3,2023,12,2023-12-01,3.64,78.06,0.0466,future,2026-04-04 09:20:25
4,3,2024,1,2024-01-01,3.64,78.06,0.0466,future,2026-04-04 09:20:25
4,3,2024,2,2024-02-01,3.64,77.89,0.0467,future,2026-04-04 09:20:25
4,3,2024,3,2024-03-01,3.64,78.72,0.0462,future,2026-04-04 09:20:25
4,3,2024,4,2024-04-01,3.64,77.89,0.0467,future,2026-04-04 09:20:25
4,3,2024,5,2024-05-01,3.64,78.06,0.0466,future,2026-04-04 09:20:25
4,3,2024,6,2024-06-01,3.64,78.06,0.0466,future,2026-04-04 09:20:25
4,3,2024,7,2024-07-01,3.64,78.23,0.0465,future,2026-04-04 09:20:25
4,3,2024,8,2024-08-01,3.66,78.23,0.0468,future,2026-04-04 09:20:25
4,3,2024,9,2024-09-01,3.65,78.14,0.0467,future,2026-04-04 09:20:25
4,3,2024,10,2024-10-01,3.66,78.23,0.0468,future,2026-04-04 09:20:25
4,3,2024,11,2024-11-01,3.64,78.23,0.0465,future,2026-04-04 09:20:25
4,3,2024,12,2024-12-01,3.64,78.06,0.0466,future,2026-04-04 09:20:25
4,5,2023,1,2023-01-01,3.04,59.51,0.0511,future,2026-04-04 09:20:25
4,5,2023,2,2023-02-01,3.03,58.77,0.0516,future,2026-04-04 09:20:25
4,5,2023,3,2023-03-01,3.03,59.27,0.0511,future,2026-04-04 09:20:25
4,5,2023,4,2023-04-01,3.03,58.77,0.0516,future,2026-04-04 09:20:25
4,5,2023,5,2023-05-01,3.03,59.34,0.0511,future,2026-04-04 09:20:25
4,5,2023,6,2023-06-01,3.03,59.34,0.0511,future,2026-04-04 09:20:25
4,5,2023,7,2023-07-01,3.03,59.34,0.0511,future,2026-04-04 09:20:25
4,5,2023,8,2023-08-01,3.04,59.34,0.0512,future,2026-04-04 09:20:25
4,5,2023,9,2023-09-01,3.04,59.27,0.0513,future,2026-04-04 09:20:25
4,5,2023,10,2023-10-01,3.04,59.34,0.0512,future,2026-04-04 09:20:25
4,5,2023,11,2023-11-01,3.04,59.51,0.0511,future,2026-04-04 09:20:25
4,5,2023,12,2023-12-01,3.04,59.51,0.0511,future,2026-04-04 09:20:25
4,5,2024,1,2024-01-01,3.04,59.51,0.0511,future,2026-04-04 09:20:25
4,5,2024,2,2024-02-01,3.03,58.77,0.0516,future,2026-04-04 09:20:25
4,5,2024,3,2024-03-01,3.03,59.27,0.0511,future,2026-04-04 09:20:25
4,5,2024,4,2024-04-01,3.03,58.77,0.0516,future,2026-04-04 09:20:25
4,5,2024,5,2024-05-01,3.03,59.34,0.0511,future,2026-04-04 09:20:25
4,5,2024,6,2024-06-01,3.03,59.34,0.0511,future,2026-04-04 09:20:25
4,5,2024,7,2024-07-01,3.03,59.34,0.0511,future,2026-04-04 09:20:25
4,5,2024,8,2024-08-01,3.04,59.34,0.0512,future,2026-04-04 09:20:25
4,5,2024,9,2024-09-01,3.04,59.27,0.0513,future,2026-04-04 09:20:25
4,5,2024,10,2024-10-01,3.04,59.34,0.0512,future,2026-04-04 09:20:25
4,5,2024,11,2024-11-01,3.04,59.51,0.0511,future,2026-04-04 09:20:25
4,5,2024,12,2024-12-01,3.04,59.51,0.0511,future,2026-04-04 09:20:25
4,6,2023,1,2023-01-01,9.14,26.47,0.3453,future,2026-04-04 09:20:25
4,6,2023,2,2023-02-01,9.11,26.47,0.3442,future,2026-04-04 09:20:25
4,6,2023,3,2023-03-01,9.11,26.47,0.3442,future,2026-04-04 09:20:25
4,6,2023,4,2023-04-01,9.11,26.35,0.3457,future,2026-04-04 09:20:25
4,6,2023,5,2023-05-01,9.11,26.35,0.3457,future,2026-04-04 09:20:25
4,6,2023,6,2023-06-01,9.11,25.99,0.3505,future,2026-04-04 09:20:25
4,6,2023,7,2023-07-01,9.11,26.35,0.3457,future,2026-04-04 09:20:25
4,6,2023,8,2023-08-01,8.91,26.35,0.3381,future,2026-04-04 09:20:25
4,6,2023,9,2023-09-01,9.18,26.65,0.3445,future,2026-04-04 09:20:25
4,6,2023,10,2023-10-01,8.91,26.47,0.3366,future,2026-04-04 09:20:25
4,6,2023,11,2023-11-01,9.14,26.47,0.3453,future,2026-04-04 09:20:25
4,6,2023,12,2023-12-01,9.14,26.47,0.3453,future,2026-04-04 09:20:25
4,6,2024,1,2024-01-01,9.14,26.47,0.3453,future,2026-04-04 09:20:25
4,6,2024,2,2024-02-01,9.11,26.47,0.3442,future,2026-04-04 09:20:25
4,6,2024,3,2024-03-01,9.11,26.47,0.3442,future,2026-04-04 09:20:25
4,6,2024,4,2024-04-01,9.11,26.35,0.3457,future,2026-04-04 09:20:25
4,6,2024,5,2024-05-01,9.11,26.35,0.3457,future,2026-04-04 09:20:25
4,6,2024,6,2024-06-01,9.11,25.99,0.3505,future,2026-04-04 09:20:25
4,6,2024,7,2024-07-01,9.11,26.35,0.3457,future,2026-04-04 09:20:25
4,6,2024,8,2024-08-01,8.91,26.35,0.3381,future,2026-04-04 09:20:25
4,6,2024,9,2024-09-01,9.18,26.65,0.3445,future,2026-04-04 09:20:25
4,6,2024,10,2024-10-01,8.91,26.47,0.3366,future,2026-04-04 09:20:25
4,6,2024,11,2024-11-01,9.14,26.47,0.3453,future,2026-04-04 09:20:25
4,6,2024,12,2024-12-01,9.14,26.47,0.3453,future,2026-04-04 09:20:25
5,2,2023,1,2023-01-01,55.71,116.11,0.4798,future,2026-04-04 09:20:25
5,2,2023,2,2023-02-01,55.71,116.11,0.4798,future,2026-04-04 09:20:25
5,2,2023,3,2023-03-01,52.69,117.21,0.4495,future,2026-04-04 09:20:25
5,2,2023,4,2023-04-01,59.83,116.11,0.5153,future,2026-04-04 09:20:25
5,2,2023,5,2023-05-01,62.02,116.11,0.5341,future,2026-04-04 09:20:25
5,2,2023,6,2023-06-01,62.02,116.11,0.5341,future,2026-04-04 09:20:25
5,2,2023,7,2023-07-01,62.02,116.11,0.5341,future,2026-04-04 09:20:25
5,2,2023,8,2023-08-01,56.2,116.11,0.484,future,2026-04-04 09:20:25
5,2,2023,9,2023-09-01,56.39,115.98,0.4862,future,2026-04-04 09:20:25
5,2,2023,10,2023-10-01,52.33,116.11,0.4507,future,2026-04-04 09:20:25
5,2,2023,11,2023-11-01,55.71,116.11,0.4798,future,2026-04-04 09:20:25
5,2,2023,12,2023-12-01,55.71,115.68,0.4816,future,2026-04-04 09:20:25
5,2,2024,1,2024-01-01,55.71,116.11,0.4798,future,2026-04-04 09:20:25
5,2,2024,2,2024-02-01,55.71,116.11,0.4798,future,2026-04-04 09:20:25
5,2,2024,3,2024-03-01,52.69,117.21,0.4495,future,2026-04-04 09:20:25
5,2,2024,4,2024-04-01,59.83,116.11,0.5153,future,2026-04-04 09:20:25
5,2,2024,5,2024-05-01,62.02,116.11,0.5341,future,2026-04-04 09:20:25
5,2,2024,6,2024-06-01,62.02,116.11,0.5341,future,2026-04-04 09:20:25
5,2,2024,7,2024-07-01,62.02,116.11,0.5341,future,2026-04-04 09:20:25
5,2,2024,8,2024-08-01,56.2,116.11,0.484,future,2026-04-04 09:20:25
5,2,2024,9,2024-09-01,56.39,115.98,0.4862,future,2026-04-04 09:20:25
5,2,2024,10,2024-10-01,52.33,116.11,0.4507,future,2026-04-04 09:20:25
5,2,2024,11,2024-11-01,55.71,116.11,0.4798,future,2026-04-04 09:20:25
5,2,2024,12,2024-12-01,55.71,115.68,0.4816,future,2026-04-04 09:20:25
5,3,2023,1,2023-01-01,3.68,77.87,0.0473,future,2026-04-04 09:20:25
5,3,2023,2,2023-02-01,3.68,77.69,0.0474,future,2026-04-04 09:20:25
5,3,2023,3,2023-03-01,3.68,78.53,0.0469,future,2026-04-04 09:20:25
5,3,2023,4,2023-04-01,3.68,77.69,0.0474,future,2026-04-04 09:20:25
5,3,2023,5,2023-05-01,3.68,77.87,0.0473,future,2026-04-04 09:20:25
5,3,2023,6,2023-06-01,3.68,77.87,0.0473,future,2026-04-04 09:20:25
5,3,2023,7,2023-07-01,3.68,78.03,0.0472,future,2026-04-04 09:20:25
5,3,2023,8,2023-08-01,3.7,78.03,0.0474,future,2026-04-04 09:20:25
5,3,2023,9,2023-09-01,3.69,77.95,0.0473,future,2026-04-04 09:20:25
5,3,2023,10,2023-10-01,3.7,78.03,0.0474,future,2026-04-04 09:20:25
5,3,2023,11,2023-11-01,3.68,78.03,0.0472,future,2026-04-04 09:20:25
5,3,2023,12,2023-12-01,3.68,77.87,0.0473,future,2026-04-04 09:20:25
5,3,2024,1,2024-01-01,3.68,77.87,0.0473,future,2026-04-04 09:20:25
5,3,2024,2,2024-02-01,3.68,77.69,0.0474,future,2026-04-04 09:20:25
5,3,2024,3,2024-03-01,3.68,78.53,0.0469,future,2026-04-04 09:20:25
5,3,2024,4,2024-04-01,3.68,77.69,0.0474,future,2026-04-04 09:20:25
5,3,2024,5,2024-05-01,3.68,77.87,0.0473,future,2026-04-04 09:20:25
5,3,2024,6,2024-06-01,3.68,77.87,0.0473,future,2026-04-04 09:20:25
5,3,2024,7,2024-07-01,3.68,78.03,0.0472,future,2026-04-04 09:20:25
5,3,2024,8,2024-08-01,3.7,78.03,0.0474,future,2026-04-04 09:20:25
5,3,2024,9,2024-09-01,3.69,77.95,0.0473,future,2026-04-04 09:20:25
5,3,2024,10,2024-10-01,3.7,78.03,0.0474,future,2026-04-04 09:20:25
5,3,2024,11,2024-11-01,3.68,78.03,0.0472,future,2026-04-04 09:20:25
5,3,2024,12,2024-12-01,3.68,77.87,0.0473,future,2026-04-04 09:20:25
5,5,2023,1,2023-01-01,3.03,58.63,0.0517,future,2026-04-04 09:20:25
5,5,2023,2,2023-02-01,3.02,57.9,0.0522,future,2026-04-04 09:20:25
5,5,2023,3,2023-03-01,3.02,58.4,0.0517,future,2026-04-04 09:20:25
5,5,2023,4,2023-04-01,3.02,57.9,0.0522,future,2026-04-04 09:20:25
5,5,2023,5,2023-05-01,3.02,58.46,0.0517,future,2026-04-04 09:20:25
5,5,2023,6,2023-06-01,3.02,58.46,0.0517,future,2026-04-04 09:20:25
5,5,2023,7,2023-07-01,3.02,58.46,0.0517,future,2026-04-04 09:20:25
5,5,2023,8,2023-08-01,3.03,58.46,0.0518,future,2026-04-04 09:20:25
5,5,2023,9,2023-09-01,3.03,58.4,0.0519,future,2026-04-04 09:20:25
5,5,2023,10,2023-10-01,3.03,58.46,0.0518,future,2026-04-04 09:20:25
5,5,2023,11,2023-11-01,3.03,58.63,0.0517,future,2026-04-04 09:20:25
5,5,2023,12,2023-12-01,3.03,58.63,0.0517,future,2026-04-04 09:20:25
5,5,2024,1,2024-01-01,3.03,58.63,0.0517,future,2026-04-04 09:20:25
5,5,2024,2,2024-02-01,3.02,57.9,0.0522,future,2026-04-04 09:20:25
5,5,2024,3,2024-03-01,3.02,58.4,0.0517,future,2026-04-04 09:20:25
5,5,2024,4,2024-04-01,3.02,57.9,0.0522,future,2026-04-04 09:20:25
5,5,2024,5,2024-05-01,3.02,58.46,0.0517,future,2026-04-04 09:20:25
5,5,2024,6,2024-06-01,3.02,58.46,0.0517,future,2026-04-04 09:20:25
5,5,2024,7,2024-07-01,3.02,58.46,0.0517,future,2026-04-04 09:20:25
5,5,2024,8,2024-08-01,3.03,58.46,0.0518,future,2026-04-04 09:20:25
5,5,2024,9,2024-09-01,3.03,58.4,0.0519,future,2026-04-04 09:20:25
5,5,2024,10,2024-10-01,3.03,58.46,0.0518,future,2026-04-04 09:20:25
5,5,2024,11,2024-11-01,3.03,58.63,0.0517,future,2026-04-04 09:20:25
5,5,2024,12,2024-12-01,3.03,58.63,0.0517,future,2026-04-04 09:20:25
5,6,2023,1,2023-01-01,8.31,26.02,0.3194,future,2026-04-04 09:20:25
5,6,2023,2,2023-02-01,8.29,26.02,0.3186,future,2026-04-04 09:20:25
5,6,2023,3,2023-03-01,8.29,26.02,0.3186,future,2026-04-04 09:20:25
5,6,2023,4,2023-04-01,8.29,25.91,0.32,future,2026-04-04 09:20:25
5,6,2023,5,2023-05-01,8.29,25.91,0.32,future,2026-04-04 09:20:25
5,6,2023,6,2023-06-01,8.29,25.55,0.3245,future,2026-04-04 09:20:25
5,6,2023,7,2023-07-01,8.29,25.91,0.32,future,2026-04-04 09:20:25
5,6,2023,8,2023-08-01,8.11,25.91,0.313,future,2026-04-04 09:20:25
5,6,2023,9,2023-09-01,8.36,26.02,0.3213,future,2026-04-04 09:20:25
5,6,2023,10,2023-10-01,8.11,26.02,0.3117,future,2026-04-04 09:20:25
5,6,2023,11,2023-11-01,8.31,26.02,0.3194,future,2026-04-04 09:20:25
5,6,2023,12,2023-12-01,8.31,26.02,0.3194,future,2026-04-04 09:20:25
5,6,2024,1,2024-01-01,8.31,26.02,0.3194,future,2026-04-04 09:20:25
5,6,2024,2,2024-02-01,8.29,26.02,0.3186,future,2026-04-04 09:20:25
5,6,2024,3,2024-03-01,8.29,26.02,0.3186,future,2026-04-04 09:20:25
5,6,2024,4,2024-04-01,8.29,25.91,0.32,future,2026-04-04 09:20:25
5,6,2024,5,2024-05-01,8.29,25.91,0.32,future,2026-04-04 09:20:25
5,6,2024,6,2024-06-01,8.29,25.55,0.3245,future,2026-04-04 09:20:25
5,6,2024,7,2024-07-01,8.29,25.91,0.32,future,2026-04-04 09:20:25
5,6,2024,8,2024-08-01,8.11,25.91,0.313,future,2026-04-04 09:20:25
5,6,2024,9,2024-09-01,8.36,26.02,0.3213,future,2026-04-04 09:20:25
5,6,2024,10,2024-10-01,8.11,26.02,0.3117,future,2026-04-04 09:20:25
5,6,2024,11,2024-11-01,8.31,26.02,0.3194,future,2026-04-04 09:20:25
5,6,2024,12,2024-12-01,8.31,26.02,0.3194,future,2026-04-04 09:20:25
6,2,2023,1,2023-01-01,80.14,115.66,0.6929,future,2026-04-04 09:20:25
6,2,2023,2,2023-02-01,80.14,115.66,0.6929,future,2026-04-04 09:20:25
6,2,2023,3,2023-03-01,78.77,116.76,0.6746,future,2026-04-04 09:20:25
6,2,2023,4,2023-04-01,78.93,115.66,0.6824,future,2026-04-04 09:20:25
6,2,2023,5,2023-05-01,80.13,115.66,0.6928,future,2026-04-04 09:20:25
6,2,2023,6,2023-06-01,80.13,115.66,0.6928,future,2026-04-04 09:20:25
6,2,2023,7,2023-07-01,80.13,115.66,0.6928,future,2026-04-04 09:20:25
6,2,2023,8,2023-08-01,73.04,115.66,0.6315,future,2026-04-04 09:20:25
6,2,2023,9,2023-09-01,77.71,115.54,0.6726,future,2026-04-04 09:20:25
6,2,2023,10,2023-10-01,74.16,115.66,0.6412,future,2026-04-04 09:20:25
6,2,2023,11,2023-11-01,80.14,115.66,0.6929,future,2026-04-04 09:20:25
6,2,2023,12,2023-12-01,80.14,115.24,0.6954,future,2026-04-04 09:20:25
6,2,2024,1,2024-01-01,80.14,115.66,0.6929,future,2026-04-04 09:20:25
6,2,2024,2,2024-02-01,80.14,115.66,0.6929,future,2026-04-04 09:20:25
6,2,2024,3,2024-03-01,78.77,116.76,0.6746,future,2026-04-04 09:20:25
6,2,2024,4,2024-04-01,78.93,115.66,0.6824,future,2026-04-04 09:20:25
6,2,2024,5,2024-05-01,80.13,115.66,0.6928,future,2026-04-04 09:20:25
6,2,2024,6,2024-06-01,80.13,115.66,0.6928,future,2026-04-04 09:20:25
6,2,2024,7,2024-07-01,80.13,115.66,0.6928,future,2026-04-04 09:20:25
6,2,2024,8,2024-08-01,73.04,115.66,0.6315,future,2026-04-04 09:20:25
6,2,2024,9,2024-09-01,77.71,115.54,0.6726,future,2026-04-04 09:20:25
6,2,2024,10,2024-10-01,74.16,115.66,0.6412,future,2026-04-04 09:20:25
6,2,2024,11,2024-11-01,80.14,115.66,0.6929,future,2026-04-04 09:20:25
6,2,2024,12,2024-12-01,80.14,115.24,0.6954,future,2026-04-04 09:20:25
6,3,2023,1,2023-01-01,3.62,73.05,0.0496,future,2026-04-04 09:20:25
6,3,2023,2,2023-02-01,3.62,72.64,0.0498,future,2026-04-04 09:20:25
6,3,2023,3,2023-03-01,3.62,73.26,0.0494,future,2026-04-04 09:20:25
6,3,2023,4,2023-04-01,3.62,72.64,0.0498,future,2026-04-04 09:20:25
6,3,2023,5,2023-05-01,3.62,73.05,0.0496,future,2026-04-04 09:20:25
6,3,2023,6,2023-06-01,3.62,73.05,0.0496,future,2026-04-04 09:20:25
6,3,2023,7,2023-07-01,3.62,73.21,0.0494,future,2026-04-04 09:20:25
6,3,2023,8,2023-08-01,3.63,73.21,0.0496,future,2026-04-04 09:20:25
6,3,2023,9,2023-09-01,3.62,73.13,0.0495,future,2026-04-04 09:20:25
6,3,2023,10,2023-10-01,3.63,73.21,0.0496,future,2026-04-04 09:20:25
6,3,2023,11,2023-11-01,3.62,73.21,0.0494,future,2026-04-04 09:20:25
6,3,2023,12,2023-12-01,3.62,73.05,0.0496,future,2026-04-04 09:20:25
6,3,2024,1,2024-01-01,3.62,73.05,0.0496,future,2026-04-04 09:20:25
6,3,2024,2,2024-02-01,3.62,72.64,0.0498,future,2026-04-04 09:20:25
6,3,2024,3,2024-03-01,3.62,73.26,0.0494,future,2026-04-04 09:20:25
6,3,2024,4,2024-04-01,3.62,72.64,0.0498,future,2026-04-04 09:20:25
6,3,2024,5,2024-05-01,3.62,73.05,0.0496,future,2026-04-04 09:20:25
6,3,2024,6,2024-06-01,3.62,73.05,0.0496,future,2026-04-04 09:20:25
6,3,2024,7,2024-07-01,3.62,73.21,0.0494,future,2026-04-04 09:20:25
6,3,2024,8,2024-08-01,3.63,73.21,0.0496,future,2026-04-04 09:20:25
6,3,2024,9,2024-09-01,3.62,73.13,0.0495,future,2026-04-04 09:20:25
6,3,2024,10,2024-10-01,3.63,73.21,0.0496,future,2026-04-04 09:20:25
6,3,2024,11,2024-11-01,3.62,73.21,0.0494,future,2026-04-04 09:20:25
6,3,2024,12,2024-12-01,3.62,73.05,0.0496,future,2026-04-04 09:20:25
6,5,2023,1,2023-01-01,3.01,55.59,0.0541,future,2026-04-04 09:20:25
6,5,2023,2,2023-02-01,3.0,54.9,0.0546,future,2026-04-04 09:20:25
6,5,2023,3,2023-03-01,3.0,55.61,0.0539,future,2026-04-04 09:20:25
6,5,2023,4,2023-04-01,3.0,54.9,0.0546,future,2026-04-04 09:20:25
6,5,2023,5,2023-05-01,3.0,55.43,0.0541,future,2026-04-04 09:20:25
6,5,2023,6,2023-06-01,3.0,55.43,0.0541,future,2026-04-04 09:20:25
6,5,2023,7,2023-07-01,3.0,55.43,0.0541,future,2026-04-04 09:20:25
6,5,2023,8,2023-08-01,3.01,55.43,0.0543,future,2026-04-04 09:20:25
6,5,2023,9,2023-09-01,3.0,55.43,0.0541,future,2026-04-04 09:20:25
6,5,2023,10,2023-10-01,3.01,55.43,0.0543,future,2026-04-04 09:20:25
6,5,2023,11,2023-11-01,3.01,55.59,0.0541,future,2026-04-04 09:20:25
6,5,2023,12,2023-12-01,3.01,55.59,0.0541,future,2026-04-04 09:20:25
6,5,2024,1,2024-01-01,3.01,55.59,0.0541,future,2026-04-04 09:20:25
6,5,2024,2,2024-02-01,3.0,54.9,0.0546,future,2026-04-04 09:20:25
6,5,2024,3,2024-03-01,3.0,55.61,0.0539,future,2026-04-04 09:20:25
6,5,2024,4,2024-04-01,3.0,54.9,0.0546,future,2026-04-04 09:20:25
6,5,2024,5,2024-05-01,3.0,55.43,0.0541,future,2026-04-04 09:20:25
6,5,2024,6,2024-06-01,3.0,55.43,0.0541,future,2026-04-04 09:20:25
6,5,2024,7,2024-07-01,3.0,55.43,0.0541,future,2026-04-04 09:20:25
6,5,2024,8,2024-08-01,3.01,55.43,0.0543,future,2026-04-04 09:20:25
6,5,2024,9,2024-09-01,3.0,55.43,0.0541,future,2026-04-04 09:20:25
6,5,2024,10,2024-10-01,3.01,55.43,0.0543,future,2026-04-04 09:20:25
6,5,2024,11,2024-11-01,3.01,55.59,0.0541,future,2026-04-04 09:20:25
6,5,2024,12,2024-12-01,3.01,55.59,0.0541,future,2026-04-04 09:20:25
6,6,2023,1,2023-01-01,11.75,26.32,0.4464,future,2026-04-04 09:20:25
6,6,2023,2,2023-02-01,11.72,26.32,0.4453,future,2026-04-04 09:20:25
6,6,2023,3,2023-03-01,11.5,26.32,0.4369,future,2026-04-04 09:20:25
6,6,2023,4,2023-04-01,11.96,26.2,0.4565,future,2026-04-04 09:20:25
6,6,2023,5,2023-05-01,11.96,26.52,0.451,future,2026-04-04 09:20:25
6,6,2023,6,2023-06-01,11.96,26.49,0.4515,future,2026-04-04 09:20:25
6,6,2023,7,2023-07-01,11.96,26.52,0.451,future,2026-04-04 09:20:25
6,6,2023,8,2023-08-01,11.71,26.2,0.4469,future,2026-04-04 09:20:25
6,6,2023,9,2023-09-01,12.06,26.02,0.4635,future,2026-04-04 09:20:25
6,6,2023,10,2023-10-01,11.47,26.32,0.4358,future,2026-04-04 09:20:25
6,6,2023,11,2023-11-01,11.75,26.32,0.4464,future,2026-04-04 09:20:25
6,6,2023,12,2023-12-01,11.75,26.32,0.4464,future,2026-04-04 09:20:25
6,6,2024,1,2024-01-01,11.75,26.32,0.4464,future,2026-04-04 09:20:25
6,6,2024,2,2024-02-01,11.72,26.32,0.4453,future,2026-04-04 09:20:25
6,6,2024,3,2024-03-01,11.5,26.32,0.4369,future,2026-04-04 09:20:25
6,6,2024,4,2024-04-01,11.96,26.2,0.4565,future,2026-04-04 09:20:25
6,6,2024,5,2024-05-01,11.96,26.52,0.451,future,2026-04-04 09:20:25
6,6,2024,6,2024-06-01,11.96,26.49,0.4515,future,2026-04-04 09:20:25
6,6,2024,7,2024-07-01,11.96,26.52,0.451,future,2026-04-04 09:20:25
6,6,2024,8,2024-08-01,11.71,26.2,0.4469,future,2026-04-04 09:20:25
6,6,2024,9,2024-09-01,12.06,26.02,0.4635,future,2026-04-04 09:20:25
6,6,2024,10,2024-10-01,11.47,26.32,0.4358,future,2026-04-04 09:20:25
6,6,2024,11,2024-11-01,11.75,26.32,0.4464,future,2026-04-04 09:20:25
6,6,2024,12,2024-12-01,11.75,26.32,0.4464,future,2026-04-04 09:20:25
7,2,2023,1,2023-01-01,39.02,114.49,0.3408,future,2026-04-04 09:20:25
7,2,2023,2,2023-02-01,39.02,114.49,0.3408,future,2026-04-04 09:20:25
7,2,2023,3,2023-03-01,36.89,114.58,0.322,future,2026-04-04 09:20:25
7,2,2023,4,2023-04-01,42.75,114.49,0.3734,future,2026-04-04 09:20:25
7,2,2023,5,2023-05-01,45.06,114.49,0.3936,future,2026-04-04 09:20:25
7,2,2023,6,2023-06-01,45.06,114.49,0.3936,future,2026-04-04 09:20:25
7,2,2023,7,2023-07-01,45.06,114.49,0.3936,future,2026-04-04 09:20:25
7,2,2023,8,2023-08-01,38.01,114.49,0.332,future,2026-04-04 09:20:25
7,2,2023,9,2023-09-01,38.14,114.37,0.3335,future,2026-04-04 09:20:25
7,2,2023,10,2023-10-01,34.68,114.49,0.3029,future,2026-04-04 09:20:25
7,2,2023,11,2023-11-01,39.02,114.49,0.3408,future,2026-04-04 09:20:25
7,2,2023,12,2023-12-01,39.02,114.07,0.3421,future,2026-04-04 09:20:25
7,2,2024,1,2024-01-01,39.02,114.49,0.3408,future,2026-04-04 09:20:25
7,2,2024,2,2024-02-01,39.02,114.49,0.3408,future,2026-04-04 09:20:25
7,2,2024,3,2024-03-01,36.89,114.58,0.322,future,2026-04-04 09:20:25
7,2,2024,4,2024-04-01,42.75,114.49,0.3734,future,2026-04-04 09:20:25
7,2,2024,5,2024-05-01,45.06,114.49,0.3936,future,2026-04-04 09:20:25
7,2,2024,6,2024-06-01,45.06,114.49,0.3936,future,2026-04-04 09:20:25
7,2,2024,7,2024-07-01,45.06,114.49,0.3936,future,2026-04-04 09:20:25
7,2,2024,8,2024-08-01,38.01,114.49,0.332,future,2026-04-04 09:20:25
7,2,2024,9,2024-09-01,38.14,114.37,0.3335,future,2026-04-04 09:20:25
7,2,2024,10,2024-10-01,34.68,114.49,0.3029,future,2026-04-04 09:20:25
7,2,2024,11,2024-11-01,39.02,114.49,0.3408,future,2026-04-04 09:20:25
7,2,2024,12,2024-12-01,39.02,114.07,0.3421,future,2026-04-04 09:20:25
7,3,2023,1,2023-01-01,3.61,73.55,0.0491,future,2026-04-04 09:20:25
7,3,2023,2,2023-02-01,3.61,73.13,0.0494,future,2026-04-04 09:20:25
7,3,2023,3,2023-03-01,3.61,73.75,0.0489,future,2026-04-04 09:20:25
7,3,2023,4,2023-04-01,3.61,73.13,0.0494,future,2026-04-04 09:20:25
7,3,2023,5,2023-05-01,3.61,73.55,0.0491,future,2026-04-04 09:20:25
7,3,2023,6,2023-06-01,3.61,73.55,0.0491,future,2026-04-04 09:20:25
7,3,2023,7,2023-07-01,3.61,73.71,0.049,future,2026-04-04 09:20:25
7,3,2023,8,2023-08-01,3.62,73.71,0.0491,future,2026-04-04 09:20:25
7,3,2023,9,2023-09-01,3.62,73.63,0.0492,future,2026-04-04 09:20:25
7,3,2023,10,2023-10-01,3.62,73.71,0.0491,future,2026-04-04 09:20:25
7,3,2023,11,2023-11-01,3.61,73.71,0.049,future,2026-04-04 09:20:25
7,3,2023,12,2023-12-01,3.61,73.55,0.0491,future,2026-04-04 09:20:25
7,3,2024,1,2024-01-01,3.61,73.55,0.0491,future,2026-04-04 09:20:25
7,3,2024,2,2024-02-01,3.61,73.13,0.0494,future,2026-04-04 09:20:25
7,3,2024,3,2024-03-01,3.61,73.75,0.0489,future,2026-04-04 09:20:25
7,3,2024,4,2024-04-01,3.61,73.13,0.0494,future,2026-04-04 09:20:25
7,3,2024,5,2024-05-01,3.61,73.55,0.0491,future,2026-04-04 09:20:25
7,3,2024,6,2024-06-01,3.61,73.55,0.0491,future,2026-04-04 09:20:25
7,3,2024,7,2024-07-01,3.61,73.71,0.049,future,2026-04-04 09:20:25
7,3,2024,8,2024-08-01,3.62,73.71,0.0491,future,2026-04-04 09:20:25
7,3,2024,9,2024-09-01,3.62,73.63,0.0492,future,2026-04-04 09:20:25
7,3,2024,10,2024-10-01,3.62,73.71,0.0491,future,2026-04-04 09:20:25
7,3,2024,11,2024-11-01,3.61,73.71,0.049,future,2026-04-04 09:20:25
7,3,2024,12,2024-12-01,3.61,73.55,0.0491,future,2026-04-04 09:20:25
7,5,2023,1,2023-01-01,2.99,55.53,0.0538,future,2026-04-04 09:20:25
7,5,2023,2,2023-02-01,2.98,54.83,0.0543,future,2026-04-04 09:20:25
7,5,2023,3,2023-03-01,2.98,55.54,0.0537,future,2026-04-04 09:20:25
7,5,2023,4,2023-04-01,2.98,54.83,0.0543,future,2026-04-04 09:20:25
7,5,2023,5,2023-05-01,2.98,55.36,0.0538,future,2026-04-04 09:20:25
7,5,2023,6,2023-06-01,2.98,55.36,0.0538,future,2026-04-04 09:20:25
7,5,2023,7,2023-07-01,2.98,55.36,0.0538,future,2026-04-04 09:20:25
7,5,2023,8,2023-08-01,2.99,55.36,0.054,future,2026-04-04 09:20:25
7,5,2023,9,2023-09-01,2.98,55.36,0.0538,future,2026-04-04 09:20:25
7,5,2023,10,2023-10-01,2.99,55.36,0.054,future,2026-04-04 09:20:25
7,5,2023,11,2023-11-01,2.99,55.53,0.0538,future,2026-04-04 09:20:25
7,5,2023,12,2023-12-01,2.99,55.53,0.0538,future,2026-04-04 09:20:25
7,5,2024,1,2024-01-01,2.99,55.53,0.0538,future,2026-04-04 09:20:25
7,5,2024,2,2024-02-01,2.98,54.83,0.0543,future,2026-04-04 09:20:25
7,5,2024,3,2024-03-01,2.98,55.54,0.0537,future,2026-04-04 09:20:25
7,5,2024,4,2024-04-01,2.98,54.83,0.0543,future,2026-04-04 09:20:25
7,5,2024,5,2024-05-01,2.98,55.36,0.0538,future,2026-04-04 09:20:25
7,5,2024,6,2024-06-01,2.98,55.36,0.0538,future,2026-04-04 09:20:25
7,5,2024,7,2024-07-01,2.98,55.36,0.0538,future,2026-04-04 09:20:25
7,5,2024,8,2024-08-01,2.99,55.36,0.054,future,2026-04-04 09:20:25
7,5,2024,9,2024-09-01,2.98,55.36,0.0538,future,2026-04-04 09:20:25
7,5,2024,10,2024-10-01,2.99,55.36,0.054,future,2026-04-04 09:20:25
7,5,2024,11,2024-11-01,2.99,55.53,0.0538,future,2026-04-04 09:20:25
7,5,2024,12,2024-12-01,2.99,55.53,0.0538,future,2026-04-04 09:20:25
7,6,2023,1,2023-01-01,8.56,26.3,0.3255,future,2026-04-04 09:20:25
7,6,2023,2,2023-02-01,8.34,26.43,0.3156,future,2026-04-04 09:20:25
7,6,2023,3,2023-03-01,8.81,26.43,0.3333,future,2026-04-04 09:20:25
7,6,2023,4,2023-04-01,8.76,26.31,0.333,future,2026-04-04 09:20:25
7,6,2023,5,2023-05-01,8.96,26.18,0.3422,future,2026-04-04 09:20:25
7,6,2023,6,2023-06-01,8.96,25.82,0.347,future,2026-04-04 09:20:25
7,6,2023,7,2023-07-01,8.96,26.35,0.34,future,2026-04-04 09:20:25
7,6,2023,8,2023-08-01,8.77,26.35,0.3328,future,2026-04-04 09:20:25
7,6,2023,9,2023-09-01,9.03,26.65,0.3388,future,2026-04-04 09:20:25
7,6,2023,10,2023-10-01,8.35,26.47,0.3155,future,2026-04-04 09:20:25
7,6,2023,11,2023-11-01,8.56,26.47,0.3234,future,2026-04-04 09:20:25
7,6,2023,12,2023-12-01,8.56,26.3,0.3255,future,2026-04-04 09:20:25
7,6,2024,1,2024-01-01,8.56,26.3,0.3255,future,2026-04-04 09:20:25
7,6,2024,2,2024-02-01,8.34,26.43,0.3156,future,2026-04-04 09:20:25
7,6,2024,3,2024-03-01,8.81,26.43,0.3333,future,2026-04-04 09:20:25
7,6,2024,4,2024-04-01,8.76,26.31,0.333,future,2026-04-04 09:20:25
7,6,2024,5,2024-05-01,8.96,26.18,0.3422,future,2026-04-04 09:20:25
7,6,2024,6,2024-06-01,8.96,25.82,0.347,future,2026-04-04 09:20:25
7,6,2024,7,2024-07-01,8.96,26.35,0.34,future,2026-04-04 09:20:25
7,6,2024,8,2024-08-01,8.77,26.35,0.3328,future,2026-04-04 09:20:25
7,6,2024,9,2024-09-01,9.03,26.65,0.3388,future,2026-04-04 09:20:25
7,6,2024,10,2024-10-01,8.35,26.47,0.3155,future,2026-04-04 09:20:25
7,6,2024,11,2024-11-01,8.56,26.47,0.3234,future,2026-04-04 09:20:25
7,6,2024,12,2024-12-01,8.56,26.3,0.3255,future,2026-04-04 09:20:25
8,2,2023,1,2023-01-01,45.09,114.1,0.3952,future,2026-04-04 09:20:25
8,2,2023,2,2023-02-01,45.09,114.1,0.3952,future,2026-04-04 09:20:25
8,2,2023,3,2023-03-01,42.64,114.18,0.3734,future,2026-04-04 09:20:25
8,2,2023,4,2023-04-01,48.38,114.1,0.424,future,2026-04-04 09:20:25
8,2,2023,5,2023-05-01,49.41,114.1,0.433,future,2026-04-04 09:20:25
8,2,2023,6,2023-06-01,49.41,114.1,0.433,future,2026-04-04 09:20:25
8,2,2023,7,2023-07-01,49.41,114.1,0.433,future,2026-04-04 09:20:25
8,2,2023,8,2023-08-01,47.34,114.1,0.4149,future,2026-04-04 09:20:25
8,2,2023,9,2023-09-01,43.62,113.98,0.3827,future,2026-04-04 09:20:25
8,2,2023,10,2023-10-01,44.12,114.1,0.3867,future,2026-04-04 09:20:25
8,2,2023,11,2023-11-01,45.09,114.1,0.3952,future,2026-04-04 09:20:25
8,2,2023,12,2023-12-01,45.09,113.68,0.3966,future,2026-04-04 09:20:25
8,2,2024,1,2024-01-01,45.09,114.1,0.3952,future,2026-04-04 09:20:25
8,2,2024,2,2024-02-01,45.09,114.1,0.3952,future,2026-04-04 09:20:25
8,2,2024,3,2024-03-01,42.64,114.18,0.3734,future,2026-04-04 09:20:25
8,2,2024,4,2024-04-01,48.38,114.1,0.424,future,2026-04-04 09:20:25
8,2,2024,5,2024-05-01,49.41,114.1,0.433,future,2026-04-04 09:20:25
8,2,2024,6,2024-06-01,49.41,114.1,0.433,future,2026-04-04 09:20:25
8,2,2024,7,2024-07-01,49.41,114.1,0.433,future,2026-04-04 09:20:25
8,2,2024,8,2024-08-01,47.34,114.1,0.4149,future,2026-04-04 09:20:25
8,2,2024,9,2024-09-01,43.62,113.98,0.3827,future,2026-04-04 09:20:25
8,2,2024,10,2024-10-01,44.12,114.1,0.3867,future,2026-04-04 09:20:25
8,2,2024,11,2024-11-01,45.09,114.1,0.3952,future,2026-04-04 09:20:25
8,2,2024,12,2024-12-01,45.09,113.68,0.3966,future,2026-04-04 09:20:25
8,3,2023,1,2023-01-01,3.63,76.69,0.0473,future,2026-04-04 09:20:25
8,3,2023,2,2023-02-01,3.63,76.25,0.0476,future,2026-04-04 09:20:25
8,3,2023,3,2023-03-01,3.63,76.79,0.0473,future,2026-04-04 09:20:25
8,3,2023,4,2023-04-01,3.63,76.25,0.0476,future,2026-04-04 09:20:25
8,3,2023,5,2023-05-01,3.63,76.69,0.0473,future,2026-04-04 09:20:25
8,3,2023,6,2023-06-01,3.63,76.69,0.0473,future,2026-04-04 09:20:25
8,3,2023,7,2023-07-01,3.63,76.86,0.0472,future,2026-04-04 09:20:25
8,3,2023,8,2023-08-01,3.64,76.86,0.0474,future,2026-04-04 09:20:25
8,3,2023,9,2023-09-01,3.64,76.77,0.0474,future,2026-04-04 09:20:25
8,3,2023,10,2023-10-01,3.64,76.86,0.0474,future,2026-04-04 09:20:25
8,3,2023,11,2023-11-01,3.63,76.86,0.0472,future,2026-04-04 09:20:25
8,3,2023,12,2023-12-01,3.63,76.69,0.0473,future,2026-04-04 09:20:25
8,3,2024,1,2024-01-01,3.63,76.69,0.0473,future,2026-04-04 09:20:25
8,3,2024,2,2024-02-01,3.63,76.25,0.0476,future,2026-04-04 09:20:25
8,3,2024,3,2024-03-01,3.63,76.79,0.0473,future,2026-04-04 09:20:25
8,3,2024,4,2024-04-01,3.63,76.25,0.0476,future,2026-04-04 09:20:25
8,3,2024,5,2024-05-01,3.63,76.69,0.0473,future,2026-04-04 09:20:25
8,3,2024,6,2024-06-01,3.63,76.69,0.0473,future,2026-04-04 09:20:25
8,3,2024,7,2024-07-01,3.63,76.86,0.0472,future,2026-04-04 09:20:25
8,3,2024,8,2024-08-01,3.64,76.86,0.0474,future,2026-04-04 09:20:25
8,3,2024,9,2024-09-01,3.64,76.77,0.0474,future,2026-04-04 09:20:25
8,3,2024,10,2024-10-01,3.64,76.86,0.0474,future,2026-04-04 09:20:25
8,3,2024,11,2024-11-01,3.63,76.86,0.0472,future,2026-04-04 09:20:25
8,3,2024,12,2024-12-01,3.63,76.69,0.0473,future,2026-04-04 09:20:25
8,5,2023,1,2023-01-01,3.03,58.37,0.0519,future,2026-04-04 09:20:25
8,5,2023,2,2023-02-01,3.02,57.64,0.0524,future,2026-04-04 09:20:25
8,5,2023,3,2023-03-01,3.02,58.38,0.0517,future,2026-04-04 09:20:25
8,5,2023,4,2023-04-01,3.02,57.64,0.0524,future,2026-04-04 09:20:25
8,5,2023,5,2023-05-01,3.02,58.2,0.0519,future,2026-04-04 09:20:25
8,5,2023,6,2023-06-01,3.02,58.2,0.0519,future,2026-04-04 09:20:25
8,5,2023,7,2023-07-01,3.02,58.2,0.0519,future,2026-04-04 09:20:25
8,5,2023,8,2023-08-01,3.03,58.2,0.0521,future,2026-04-04 09:20:25
8,5,2023,9,2023-09-01,3.03,58.2,0.0521,future,2026-04-04 09:20:25
8,5,2023,10,2023-10-01,3.03,58.2,0.0521,future,2026-04-04 09:20:25
8,5,2023,11,2023-11-01,3.03,58.37,0.0519,future,2026-04-04 09:20:25
8,5,2023,12,2023-12-01,3.03,58.37,0.0519,future,2026-04-04 09:20:25
8,5,2024,1,2024-01-01,3.03,58.37,0.0519,future,2026-04-04 09:20:25
8,5,2024,2,2024-02-01,3.02,57.64,0.0524,future,2026-04-04 09:20:25
8,5,2024,3,2024-03-01,3.02,58.38,0.0517,future,2026-04-04 09:20:25
8,5,2024,4,2024-04-01,3.02,57.64,0.0524,future,2026-04-04 09:20:25
8,5,2024,5,2024-05-01,3.02,58.2,0.0519,future,2026-04-04 09:20:25
8,5,2024,6,2024-06-01,3.02,58.2,0.0519,future,2026-04-04 09:20:25
8,5,2024,7,2024-07-01,3.02,58.2,0.0519,future,2026-04-04 09:20:25
8,5,2024,8,2024-08-01,3.03,58.2,0.0521,future,2026-04-04 09:20:25
8,5,2024,9,2024-09-01,3.03,58.2,0.0521,future,2026-04-04 09:20:25
8,5,2024,10,2024-10-01,3.03,58.2,0.0521,future,2026-04-04 09:20:25
8,5,2024,11,2024-11-01,3.03,58.37,0.0519,future,2026-04-04 09:20:25
8,5,2024,12,2024-12-01,3.03,58.37,0.0519,future,2026-04-04 09:20:25
8,6,2023,1,2023-01-01,12.42,23.9,0.5197,future,2026-04-04 09:20:25
8,6,2023,2,2023-02-01,12.36,23.9,0.5172,future,2026-04-04 09:20:25
8,6,2023,3,2023-03-01,12.68,23.9,0.5305,future,2026-04-04 09:20:25
8,6,2023,4,2023-04-01,12.61,23.79,0.5301,future,2026-04-04 09:20:25
8,6,2023,5,2023-05-01,12.64,23.79,0.5313,future,2026-04-04 09:20:25
8,6,2023,6,2023-06-01,12.64,23.46,0.5388,future,2026-04-04 09:20:25
8,6,2023,7,2023-07-01,12.47,23.79,0.5242,future,2026-04-04 09:20:25
8,6,2023,8,2023-08-01,12.21,23.79,0.5132,future,2026-04-04 09:20:25
8,6,2023,9,2023-09-01,12.57,24.62,0.5106,future,2026-04-04 09:20:25
8,6,2023,10,2023-10-01,11.96,23.9,0.5004,future,2026-04-04 09:20:25
8,6,2023,11,2023-11-01,12.25,23.9,0.5126,future,2026-04-04 09:20:25
8,6,2023,12,2023-12-01,12.42,23.9,0.5197,future,2026-04-04 09:20:25
8,6,2024,1,2024-01-01,12.42,23.9,0.5197,future,2026-04-04 09:20:25
8,6,2024,2,2024-02-01,12.36,23.9,0.5172,future,2026-04-04 09:20:25
8,6,2024,3,2024-03-01,12.68,23.9,0.5305,future,2026-04-04 09:20:25
8,6,2024,4,2024-04-01,12.61,23.79,0.5301,future,2026-04-04 09:20:25
8,6,2024,5,2024-05-01,12.64,23.79,0.5313,future,2026-04-04 09:20:25
8,6,2024,6,2024-06-01,12.64,23.46,0.5388,future,2026-04-04 09:20:25
8,6,2024,7,2024-07-01,12.47,23.79,0.5242,future,2026-04-04 09:20:25
8,6,2024,8,2024-08-01,12.21,23.79,0.5132,future,2026-04-04 09:20:25
8,6,2024,9,2024-09-01,12.57,24.62,0.5106,future,2026-04-04 09:20:25
8,6,2024,10,2024-10-01,11.96,23.9,0.5004,future,2026-04-04 09:20:25
8,6,2024,11,2024-11-01,12.25,23.9,0.5126,future,2026-04-04 09:20:25
8,6,2024,12,2024-12-01,12.42,23.9,0.5197,future,2026-04-04 09:20:25
9,2,2023,1,2023-01-01,79.42,114.15,0.6958,future,2026-04-04 09:20:25
9,2,2023,2,2023-02-01,79.42,114.15,0.6958,future,2026-04-04 09:20:25
9,2,2023,3,2023-03-01,75.14,114.23,0.6578,future,2026-04-04 09:20:25
9,2,2023,4,2023-04-01,71.2,114.15,0.6237,future,2026-04-04 09:20:25
9,2,2023,5,2023-05-01,72.28,114.15,0.6332,future,2026-04-04 09:20:25
9,2,2023,6,2023-06-01,72.28,114.15,0.6332,future,2026-04-04 09:20:25
9,2,2023,7,2023-07-01,72.28,114.15,0.6332,future,2026-04-04 09:20:25
9,2,2023,8,2023-08-01,67.92,114.15,0.595,future,2026-04-04 09:20:25
9,2,2023,9,2023-09-01,77.91,114.02,0.6833,future,2026-04-04 09:20:25
9,2,2023,10,2023-10-01,75.77,114.15,0.6638,future,2026-04-04 09:20:25
9,2,2023,11,2023-11-01,79.42,114.15,0.6958,future,2026-04-04 09:20:25
9,2,2023,12,2023-12-01,79.42,113.73,0.6983,future,2026-04-04 09:20:25
9,2,2024,1,2024-01-01,79.42,114.15,0.6958,future,2026-04-04 09:20:25
9,2,2024,2,2024-02-01,79.42,114.15,0.6958,future,2026-04-04 09:20:25
9,2,2024,3,2024-03-01,75.14,114.23,0.6578,future,2026-04-04 09:20:25
9,2,2024,4,2024-04-01,71.2,114.15,0.6237,future,2026-04-04 09:20:25
9,2,2024,5,2024-05-01,72.28,114.15,0.6332,future,2026-04-04 09:20:25
9,2,2024,6,2024-06-01,72.28,114.15,0.6332,future,2026-04-04 09:20:25
9,2,2024,7,2024-07-01,72.28,114.15,0.6332,future,2026-04-04 09:20:25
9,2,2024,8,2024-08-01,67.92,114.15,0.595,future,2026-04-04 09:20:25
9,2,2024,9,2024-09-01,77.91,114.02,0.6833,future,2026-04-04 09:20:25
9,2,2024,10,2024-10-01,75.77,114.15,0.6638,future,2026-04-04 09:20:25
9,2,2024,11,2024-11-01,79.42,114.15,0.6958,future,2026-04-04 09:20:25
9,2,2024,12,2024-12-01,79.42,113.73,0.6983,future,2026-04-04 09:20:25
9,3,2023,1,2023-01-01,3.68,72.46,0.0508,future,2026-04-04 09:20:25
9,3,2023,2,2023-02-01,3.68,71.88,0.0512,future,2026-04-04 09:20:25
9,3,2023,3,2023-03-01,3.68,72.5,0.0508,future,2026-04-04 09:20:25
9,3,2023,4,2023-04-01,3.68,71.88,0.0512,future,2026-04-04 09:20:25
9,3,2023,5,2023-05-01,3.68,72.46,0.0508,future,2026-04-04 09:20:25
9,3,2023,6,2023-06-01,3.68,72.46,0.0508,future,2026-04-04 09:20:25
9,3,2023,7,2023-07-01,3.68,72.61,0.0507,future,2026-04-04 09:20:25
9,3,2023,8,2023-08-01,3.66,72.61,0.0504,future,2026-04-04 09:20:25
9,3,2023,9,2023-09-01,3.65,72.53,0.0503,future,2026-04-04 09:20:25
9,3,2023,10,2023-10-01,3.66,72.61,0.0504,future,2026-04-04 09:20:25
9,3,2023,11,2023-11-01,3.68,72.61,0.0507,future,2026-04-04 09:20:25
9,3,2023,12,2023-12-01,3.68,72.46,0.0508,future,2026-04-04 09:20:25
9,3,2024,1,2024-01-01,3.68,72.46,0.0508,future,2026-04-04 09:20:25
9,3,2024,2,2024-02-01,3.68,71.88,0.0512,future,2026-04-04 09:20:25
9,3,2024,3,2024-03-01,3.68,72.5,0.0508,future,2026-04-04 09:20:25
9,3,2024,4,2024-04-01,3.68,71.88,0.0512,future,2026-04-04 09:20:25
9,3,2024,5,2024-05-01,3.68,72.46,0.0508,future,2026-04-04 09:20:25
9,3,2024,6,2024-06-01,3.68,72.46,0.0508,future,2026-04-04 09:20:25
9,3,2024,7,2024-07-01,3.68,72.61,0.0507,future,2026-04-04 09:20:25
9,3,2024,8,2024-08-01,3.66,72.61,0.0504,future,2026-04-04 09:20:25
9,3,2024,9,2024-09-01,3.65,72.53,0.0503,future,2026-04-04 09:20:25
9,3,2024,10,2024-10-01,3.66,72.61,0.0504,future,2026-04-04 09:20:25
9,3,2024,11,2024-11-01,3.68,72.61,0.0507,future,2026-04-04 09:20:25
9,3,2024,12,2024-12-01,3.68,72.46,0.0508,future,2026-04-04 09:20:25
9,5,2023,1,2023-01-01,3.08,58.76,0.0524,future,2026-04-04 09:20:25
9,5,2023,2,2023-02-01,3.07,57.9,0.053,future,2026-04-04 09:20:25
9,5,2023,3,2023-03-01,3.07,58.39,0.0526,future,2026-04-04 09:20:25
9,5,2023,4,2023-04-01,3.07,57.9,0.053,future,2026-04-04 09:20:25
9,5,2023,5,2023-05-01,3.07,58.59,0.0524,future,2026-04-04 09:20:25
9,5,2023,6,2023-06-01,3.07,58.59,0.0524,future,2026-04-04 09:20:25
9,5,2023,7,2023-07-01,3.07,58.59,0.0524,future,2026-04-04 09:20:25
9,5,2023,8,2023-08-01,3.05,58.59,0.0521,future,2026-04-04 09:20:25
9,5,2023,9,2023-09-01,3.05,58.52,0.0521,future,2026-04-04 09:20:25
9,5,2023,10,2023-10-01,3.05,58.59,0.0521,future,2026-04-04 09:20:25
9,5,2023,11,2023-11-01,3.08,58.76,0.0524,future,2026-04-04 09:20:25
9,5,2023,12,2023-12-01,3.08,58.76,0.0524,future,2026-04-04 09:20:25
9,5,2024,1,2024-01-01,3.08,58.76,0.0524,future,2026-04-04 09:20:25
9,5,2024,2,2024-02-01,3.07,57.9,0.053,future,2026-04-04 09:20:25
9,5,2024,3,2024-03-01,3.07,58.39,0.0526,future,2026-04-04 09:20:25
9,5,2024,4,2024-04-01,3.07,57.9,0.053,future,2026-04-04 09:20:25
9,5,2024,5,2024-05-01,3.07,58.59,0.0524,future,2026-04-04 09:20:25
9,5,2024,6,2024-06-01,3.07,58.59,0.0524,future,2026-04-04 09:20:25
9,5,2024,7,2024-07-01,3.07,58.59,0.0524,future,2026-04-04 09:20:25
9,5,2024,8,2024-08-01,3.05,58.59,0.0521,future,2026-04-04 09:20:25
9,5,2024,9,2024-09-01,3.05,58.52,0.0521,future,2026-04-04 09:20:25
9,5,2024,10,2024-10-01,3.05,58.59,0.0521,future,2026-04-04 09:20:25
9,5,2024,11,2024-11-01,3.08,58.76,0.0524,future,2026-04-04 09:20:25
9,5,2024,12,2024-12-01,3.08,58.76,0.0524,future,2026-04-04 09:20:25
9,6,2023,1,2023-01-01,9.08,24.91,0.3645,future,2026-04-04 09:20:25
9,6,2023,2,2023-02-01,9.05,24.91,0.3633,future,2026-04-04 09:20:25
9,6,2023,3,2023-03-01,9.05,24.91,0.3633,future,2026-04-04 09:20:25
9,6,2023,4,2023-04-01,9.05,24.8,0.3649,future,2026-04-04 09:20:25
9,6,2023,5,2023-05-01,9.05,24.8,0.3649,future,2026-04-04 09:20:25
9,6,2023,6,2023-06-01,8.66,24.46,0.354,future,2026-04-04 09:20:25
9,6,2023,7,2023-07-01,9.05,24.8,0.3649,future,2026-04-04 09:20:25
9,6,2023,8,2023-08-01,8.79,24.8,0.3544,future,2026-04-04 09:20:25
9,6,2023,9,2023-09-01,9.06,25.33,0.3577,future,2026-04-04 09:20:25
9,6,2023,10,2023-10-01,8.79,24.91,0.3529,future,2026-04-04 09:20:25
9,6,2023,11,2023-11-01,9.08,24.91,0.3645,future,2026-04-04 09:20:25
9,6,2023,12,2023-12-01,9.08,24.91,0.3645,future,2026-04-04 09:20:25
9,6,2024,1,2024-01-01,9.08,24.91,0.3645,future,2026-04-04 09:20:25
9,6,2024,2,2024-02-01,9.05,24.91,0.3633,future,2026-04-04 09:20:25
9,6,2024,3,2024-03-01,9.05,24.91,0.3633,future,2026-04-04 09:20:25
9,6,2024,4,2024-04-01,9.05,24.8,0.3649,future,2026-04-04 09:20:25
9,6,2024,5,2024-05-01,9.05,24.8,0.3649,future,2026-04-04 09:20:25
9,6,2024,6,2024-06-01,8.66,24.46,0.354,future,2026-04-04 09:20:25
9,6,2024,7,2024-07-01,9.05,24.8,0.3649,future,2026-04-04 09:20:25
9,6,2024,8,2024-08-01,8.79,24.8,0.3544,future,2026-04-04 09:20:25
9,6,2024,9,2024-09-01,9.06,25.33,0.3577,future,2026-04-04 09:20:25
9,6,2024,10,2024-10-01,8.79,24.91,0.3529,future,2026-04-04 09:20:25
9,6,2024,11,2024-11-01,9.08,24.91,0.3645,future,2026-04-04 09:20:25
9,6,2024,12,2024-12-01,9.08,24.91,0.3645,future,2026-04-04 09:20:25
10,2,2023,1,2023-01-01,52.63,114.33,0.4603,future,2026-04-04 09:20:25
10,2,2023,2,2023-02-01,50.7,114.33,0.4435,future,2026-04-04 09:20:25
10,2,2023,3,2023-03-01,50.7,114.41,0.4431,future,2026-04-04 09:20:25
10,2,2023,4,2023-04-01,47.9,114.33,0.419,future,2026-04-04 09:20:25
10,2,2023,5,2023-05-01,49.43,114.33,0.4323,future,2026-04-04 09:20:25
10,2,2023,6,2023-06-01,47.46,114.33,0.4151,future,2026-04-04 09:20:25
10,2,2023,7,2023-07-01,49.43,114.33,0.4323,future,2026-04-04 09:20:25
10,2,2023,8,2023-08-01,43.98,114.33,0.3847,future,2026-04-04 09:20:25
10,2,2023,9,2023-09-01,48.8,114.2,0.4273,future,2026-04-04 09:20:25
10,2,2023,10,2023-10-01,46.56,114.33,0.4072,future,2026-04-04 09:20:25
10,2,2023,11,2023-11-01,52.63,114.33,0.4603,future,2026-04-04 09:20:25
10,2,2023,12,2023-12-01,52.63,113.91,0.462,future,2026-04-04 09:20:25
10,2,2024,1,2024-01-01,52.63,114.33,0.4603,future,2026-04-04 09:20:25
10,2,2024,2,2024-02-01,50.7,114.33,0.4435,future,2026-04-04 09:20:25
10,2,2024,3,2024-03-01,50.7,114.41,0.4431,future,2026-04-04 09:20:25
10,2,2024,4,2024-04-01,47.9,114.33,0.419,future,2026-04-04 09:20:25
10,2,2024,5,2024-05-01,49.43,114.33,0.4323,future,2026-04-04 09:20:25
10,2,2024,6,2024-06-01,47.46,114.33,0.4151,future,2026-04-04 09:20:25
10,2,2024,7,2024-07-01,49.43,114.33,0.4323,future,2026-04-04 09:20:25
10,2,2024,8,2024-08-01,43.98,114.33,0.3847,future,2026-04-04 09:20:25
10,2,2024,9,2024-09-01,48.8,114.2,0.4273,future,2026-04-04 09:20:25
10,2,2024,10,2024-10-01,46.56,114.33,0.4072,future,2026-04-04 09:20:25
10,2,2024,11,2024-11-01,52.63,114.33,0.4603,future,2026-04-04 09:20:25
10,2,2024,12,2024-12-01,52.63,113.91,0.462,future,2026-04-04 09:20:25
10,3,2023,1,2023-01-01,3.64,77.18,0.0472,future,2026-04-04 09:20:25
10,3,2023,2,2023-02-01,3.64,77.01,0.0473,future,2026-04-04 09:20:25
10,3,2023,3,2023-03-01,3.64,77.16,0.0472,future,2026-04-04 09:20:25
10,3,2023,4,2023-04-01,3.64,77.01,0.0473,future,2026-04-04 09:20:25
10,3,2023,5,2023-05-01,3.64,77.18,0.0472,future,2026-04-04 09:20:25
10,3,2023,6,2023-06-01,3.64,77.18,0.0472,future,2026-04-04 09:20:25
10,3,2023,7,2023-07-01,3.64,77.35,0.0471,future,2026-04-04 09:20:25
10,3,2023,8,2023-08-01,3.62,77.35,0.0468,future,2026-04-04 09:20:25
10,3,2023,9,2023-09-01,3.61,77.26,0.0467,future,2026-04-04 09:20:25
10,3,2023,10,2023-10-01,3.62,77.35,0.0468,future,2026-04-04 09:20:25
10,3,2023,11,2023-11-01,3.64,77.35,0.0471,future,2026-04-04 09:20:25
10,3,2023,12,2023-12-01,3.64,77.18,0.0472,future,2026-04-04 09:20:25
10,3,2024,1,2024-01-01,3.64,77.18,0.0472,future,2026-04-04 09:20:25
10,3,2024,2,2024-02-01,3.64,77.01,0.0473,future,2026-04-04 09:20:25
10,3,2024,3,2024-03-01,3.64,77.16,0.0472,future,2026-04-04 09:20:25
10,3,2024,4,2024-04-01,3.64,77.01,0.0473,future,2026-04-04 09:20:25
10,3,2024,5,2024-05-01,3.64,77.18,0.0472,future,2026-04-04 09:20:25
10,3,2024,6,2024-06-01,3.64,77.18,0.0472,future,2026-04-04 09:20:25
10,3,2024,7,2024-07-01,3.64,77.35,0.0471,future,2026-04-04 09:20:25
10,3,2024,8,2024-08-01,3.62,77.35,0.0468,future,2026-04-04 09:20:25
10,3,2024,9,2024-09-01,3.61,77.26,0.0467,future,2026-04-04 09:20:25
10,3,2024,10,2024-10-01,3.62,77.35,0.0468,future,2026-04-04 09:20:25
10,3,2024,11,2024-11-01,3.64,77.35,0.0471,future,2026-04-04 09:20:25
10,3,2024,12,2024-12-01,3.64,77.18,0.0472,future,2026-04-04 09:20:25
10,5,2023,1,2023-01-01,3.01,56.19,0.0536,future,2026-04-04 09:20:25
10,5,2023,2,2023-02-01,3.0,55.49,0.0541,future,2026-04-04 09:20:25
10,5,2023,3,2023-03-01,3.0,56.21,0.0534,future,2026-04-04 09:20:25
10,5,2023,4,2023-04-01,3.0,55.49,0.0541,future,2026-04-04 09:20:25
10,5,2023,5,2023-05-01,3.0,56.03,0.0535,future,2026-04-04 09:20:25
10,5,2023,6,2023-06-01,3.0,56.03,0.0535,future,2026-04-04 09:20:25
10,5,2023,7,2023-07-01,3.0,56.03,0.0535,future,2026-04-04 09:20:25
10,5,2023,8,2023-08-01,2.98,56.03,0.0532,future,2026-04-04 09:20:25
10,5,2023,9,2023-09-01,2.98,56.03,0.0532,future,2026-04-04 09:20:25
10,5,2023,10,2023-10-01,2.98,56.03,0.0532,future,2026-04-04 09:20:25
10,5,2023,11,2023-11-01,3.01,56.19,0.0536,future,2026-04-04 09:20:25
10,5,2023,12,2023-12-01,3.01,56.19,0.0536,future,2026-04-04 09:20:25
10,5,2024,1,2024-01-01,3.01,56.19,0.0536,future,2026-04-04 09:20:25
10,5,2024,2,2024-02-01,3.0,55.49,0.0541,future,2026-04-04 09:20:25
10,5,2024,3,2024-03-01,3.0,56.21,0.0534,future,2026-04-04 09:20:25
10,5,2024,4,2024-04-01,3.0,55.49,0.0541,future,2026-04-04 09:20:25
10,5,2024,5,2024-05-01,3.0,56.03,0.0535,future,2026-04-04 09:20:25
10,5,2024,6,2024-06-01,3.0,56.03,0.0535,future,2026-04-04 09:20:25
10,5,2024,7,2024-07-01,3.0,56.03,0.0535,future,2026-04-04 09:20:25
10,5,2024,8,2024-08-01,2.98,56.03,0.0532,future,2026-04-04 09:20:25
10,5,2024,9,2024-09-01,2.98,56.03,0.0532,future,2026-04-04 09:20:25
10,5,2024,10,2024-10-01,2.98,56.03,0.0532,future,2026-04-04 09:20:25
10,5,2024,11,2024-11-01,3.01,56.19,0.0536,future,2026-04-04 09:20:25
10,5,2024,12,2024-12-01,3.01,56.19,0.0536,future,2026-04-04 09:20:25
10,6,2023,1,2023-01-01,8.55,23.92,0.3574,future,2026-04-04 09:20:25
10,6,2023,2,2023-02-01,8.52,24.04,0.3544,future,2026-04-04 09:20:25
10,6,2023,3,2023-03-01,8.76,24.04,0.3644,future,2026-04-04 09:20:25
10,6,2023,4,2023-04-01,8.95,23.93,0.374,future,2026-04-04 09:20:25
10,6,2023,5,2023-05-01,8.95,23.81,0.3759,future,2026-04-04 09:20:25
10,6,2023,6,2023-06-01,8.95,23.49,0.381,future,2026-04-04 09:20:25
10,6,2023,7,2023-07-01,8.95,23.81,0.3759,future,2026-04-04 09:20:25
10,6,2023,8,2023-08-01,8.69,23.81,0.365,future,2026-04-04 09:20:25
10,6,2023,9,2023-09-01,8.95,24.48,0.3656,future,2026-04-04 09:20:25
10,6,2023,10,2023-10-01,8.27,23.92,0.3457,future,2026-04-04 09:20:25
10,6,2023,11,2023-11-01,8.55,23.92,0.3574,future,2026-04-04 09:20:25
10,6,2023,12,2023-12-01,8.55,23.92,0.3574,future,2026-04-04 09:20:25
10,6,2024,1,2024-01-01,8.55,23.92,0.3574,future,2026-04-04 09:20:25
10,6,2024,2,2024-02-01,8.52,24.04,0.3544,future,2026-04-04 09:20:25
10,6,2024,3,2024-03-01,8.76,24.04,0.3644,future,2026-04-04 09:20:25
10,6,2024,4,2024-04-01,8.95,23.93,0.374,future,2026-04-04 09:20:25
10,6,2024,5,2024-05-01,8.95,23.81,0.3759,future,2026-04-04 09:20:25
10,6,2024,6,2024-06-01,8.95,23.49,0.381,future,2026-04-04 09:20:25
10,6,2024,7,2024-07-01,8.95,23.81,0.3759,future,2026-04-04 09:20:25
10,6,2024,8,2024-08-01,8.69,23.81,0.365,future,2026-04-04 09:20:25
10,6,2024,9,2024-09-01,8.95,24.48,0.3656,future,2026-04-04 09:20:25
10,6,2024,10,2024-10-01,8.27,23.92,0.3457,future,2026-04-04 09:20:25
10,6,2024,11,2024-11-01,8.55,23.92,0.3574,future,2026-04-04 09:20:25
10,6,2024,12,2024-12-01,8.55,23.92,0.3574,future,2026-04-04 09:20:25
