zone_sk,ds,aqi_forecast,aqi_lower,aqi_upper,row_type,pm25_forecast,pm25_lower,pm25_upper,co2_forecast,co2_lower,co2_upper,nrj_forecast,nrj_lower,nrj_upper
1,2019-01-01,27.4542,23.7807,31.1206,historical,14.5438,11.7296,17.3223,97.7656,49.9617,146.4685,78.8659,67.2551,91.158
1,2019-02-01,28.0015,24.2849,31.8682,historical,15.1362,12.4206,17.8937,7.0362,0.0,55.8498,75.2361,62.5539,86.2738
1,2019-03-01,24.3417,20.6569,28.0177,historical,15.5296,12.7422,18.1347,66.8863,19.2481,115.9821,82.8315,70.1719,95.4712
1,2019-04-01,22.0662,18.2179,26.0407,historical,15.7236,12.9533,18.4914,39.2725,0.0,87.9737,89.2571,78.0399,100.4426
1,2019-05-01,23.8047,20.0807,27.8799,historical,16.2643,13.557,18.9115,109.4021,59.6216,157.5595,82.4786,70.2638,94.1691
1,2019-06-01,22.838,19.0043,26.4073,historical,10.8633,8.1576,13.6667,97.6638,48.0793,142.9505,79.7371,66.9452,92.0083
1,2019-07-01,21.6888,18.1817,25.6034,historical,12.6559,9.9669,15.5226,27.9496,0.0,78.0025,84.5562,72.8406,96.4355
1,2019-08-01,25.0864,21.5729,28.7013,historical,14.2948,11.4128,16.7683,101.0878,50.6352,153.4124,80.6234,68.8462,91.886
1,2019-09-01,32.1734,28.7901,36.0917,historical,16.9699,14.3237,19.6443,94.7496,50.3708,145.0711,82.9475,70.4484,93.8023
1,2019-10-01,25.9007,22.0179,29.425,historical,16.4264,13.7427,19.3254,18.4568,0.0,67.9556,83.6829,71.2412,95.7047
1,2019-11-01,21.8418,17.9892,25.5652,historical,11.8072,9.0647,14.6827,99.3636,49.2792,147.794,80.9437,68.5416,92.7237
1,2019-12-01,19.7935,16.2222,23.52,historical,12.1813,9.3822,14.7796,127.6111,79.3156,178.6685,97.3511,86.0122,109.7245
1,2020-01-01,25.8382,22.2151,29.5039,historical,13.7183,11.0381,16.275,94.5822,45.3206,138.9646,76.1998,64.0354,88.184
1,2020-02-01,28.6211,25.0801,32.1766,historical,13.8462,11.0404,16.2614,0.0,0.0,37.3428,81.9646,70.6706,92.7832
1,2020-03-01,27.93,24.3099,31.7096,historical,14.0486,11.3726,16.8206,32.7387,0.0,82.1615,87.263,74.9475,99.3737
1,2020-04-01,14.0068,10.3594,17.6207,historical,13.4484,10.6471,16.1097,56.5414,7.7005,105.4772,94.5245,82.7583,106.3162
1,2020-05-01,25.8175,21.9325,29.4459,historical,11.6763,8.8965,14.315,47.1604,0.0,96.7912,89.1069,76.566,100.474
1,2020-06-01,21.1291,17.3896,24.5891,historical,16.5533,13.5843,19.0895,109.1891,58.8599,155.2446,80.4718,68.9888,92.2914
1,2020-07-01,25.0552,21.2611,28.8925,historical,13.5866,10.9221,16.1846,101.7641,57.2222,152.2637,79.3114,67.5588,91.7101
1,2020-08-01,22.8354,19.0943,26.819,historical,12.1285,9.2118,14.7563,85.1368,36.117,131.2508,85.3261,72.8457,97.3599
1,2020-09-01,21.1435,17.2595,25.0218,historical,13.3331,10.7189,16.0185,117.0129,66.7975,164.2832,76.5786,65.4029,88.1026
1,2020-10-01,23.28,19.6485,27.0694,historical,15.1415,12.3354,17.7726,41.245,0.0,89.5556,96.0164,84.1392,107.4316
1,2020-11-01,25.0013,21.3657,28.5383,historical,13.9094,11.3207,16.6232,62.2361,14.141,111.4092,90.3244,78.4447,102.3605
1,2020-12-01,25.3121,21.6277,28.9587,historical,12.8923,10.3514,15.6817,88.6077,42.6358,139.3846,68.9295,57.4816,80.573
1,2021-01-01,23.5284,19.603,27.0922,historical,13.189,10.3488,16.1019,130.266,79.9219,176.0947,96.0071,84.4333,107.9023
1,2021-02-01,19.4815,15.7248,23.4199,historical,14.7953,12.0858,17.6763,73.6368,24.1542,120.1389,72.6387,60.8605,84.2919
1,2021-03-01,25.1913,21.3394,29.1655,historical,14.2037,11.6805,17.0123,53.0723,7.7252,103.0207,86.0094,74.5223,97.4539
1,2021-04-01,15.3843,11.5276,18.9829,historical,13.9022,11.1009,16.7875,59.9102,12.6758,109.955,92.8224,80.9194,104.8079
1,2021-05-01,24.1013,20.4814,27.9583,historical,12.9748,10.4389,15.6729,77.4118,27.0294,124.6818,86.7547,74.1093,97.962
1,2021-06-01,20.7971,17.1692,24.5349,historical,14.4382,11.8473,17.1113,115.3781,66.1678,163.3572,79.9066,67.9662,91.4315
1,2021-07-01,23.1627,19.377,26.5493,historical,13.0179,10.4043,15.767,86.5115,33.3656,134.9497,80.6648,68.2157,92.6917
1,2021-08-01,22.9389,19.0332,26.3631,historical,12.6241,10.0205,15.2764,99.5883,51.6146,149.297,83.2221,71.765,94.5797
1,2021-09-01,24.4137,20.6433,28.0144,historical,14.3796,11.8457,17.0697,118.9433,70.206,166.527,78.0431,65.8841,89.2654
1,2021-10-01,23.9949,20.1226,27.9311,historical,15.4613,12.901,18.0713,42.6185,0.0,90.5266,91.0887,78.7297,102.8741
1,2021-11-01,23.9343,20.4841,27.8073,historical,13.1122,10.3325,15.8248,83.706,37.5272,131.7769,86.0373,74.2355,98.1129
1,2021-12-01,23.5358,19.5168,27.3865,historical,12.5592,9.8399,15.0989,111.4355,61.9083,157.5732,77.2775,65.8886,88.7318
1,2022-01-01,24.4922,20.9767,28.1861,historical,13.3003,10.601,16.0791,128.3815,76.1405,177.319,88.1768,76.1199,100.3795
1,2022-02-01,22.9686,19.1618,26.6789,historical,14.4395,11.726,17.3375,54.2833,5.2173,103.333,74.3819,62.9072,86.2219
1,2022-03-01,24.11,20.5154,27.5825,historical,14.3732,11.6875,17.1483,73.7905,27.0183,123.3535,84.7096,72.3427,96.7979
1,2022-04-01,18.1869,14.4052,22.001,historical,14.3634,11.6,17.0271,63.4847,16.6202,111.8928,91.0921,79.5696,103.2929
1,2022-05-01,23.546,19.7776,26.9426,historical,14.2328,11.5431,16.8624,107.4941,56.9372,155.6876,84.4242,72.4704,96.3634
1,2022-06-01,21.5187,17.8196,25.1003,historical,12.2959,9.505,14.94,120.8603,72.7603,169.7857,79.3902,68.4475,91.0339
1,2022-07-01,22.2272,18.5487,26.104,historical,12.4883,9.6798,15.2222,71.2207,21.7209,119.1761,81.9956,70.7591,94.0638
1,2022-08-01,23.913,20.4076,27.7938,historical,13.1543,10.3734,15.6259,114.2272,66.7467,165.4206,81.0853,69.3827,93.1717
1,2022-09-01,28.3515,24.7478,32.0196,historical,15.427,12.5448,18.0417,120.8419,70.2216,165.3877,79.4468,67.9285,90.3347
1,2022-10-01,25.1636,21.5275,28.5962,historical,15.7503,13.0064,18.6112,44.3436,0.0,92.8775,86.1104,74.9397,97.3519
1,2022-11-01,23.2116,19.2692,27.17,historical,12.2984,9.7326,15.0918,105.4108,56.4993,153.0881,81.8937,69.9187,93.6226
1,2022-12-01,22.0617,18.3871,25.6235,historical,12.2352,9.6516,14.933,133.7648,86.7789,181.8715,85.593,73.8213,98.0537
1,2023-01-01,25.6651,21.9374,29.4966,forecast,13.4167,10.5938,15.9818,125.8037,76.8416,173.1567,80.2616,68.0362,91.3114
1,2023-02-01,26.4558,22.9414,30.3676,forecast,14.0896,11.4572,16.86,35.0696,0.0,85.0247,76.1793,65.1166,87.8314
1,2023-03-01,23.0157,19.2391,26.7559,forecast,14.5556,11.8818,17.2676,94.9156,46.717,145.0214,83.366,71.5092,94.3347
1,2023-04-01,20.9835,17.3393,24.6152,forecast,14.83,12.028,17.443,67.2971,21.4662,115.9486,89.3392,77.1623,101.4836
1,2023-05-01,22.9576,19.1599,26.3433,forecast,15.4487,12.8254,17.9458,137.4222,86.5887,185.4297,82.1229,69.8787,93.8093
1,2023-06-01,22.2342,18.6369,26.0102,forecast,10.1281,7.5794,12.8727,125.6792,71.8721,171.542,78.9289,67.2615,90.6376
1,2023-07-01,21.3205,17.626,24.8572,forecast,11.9985,9.2882,14.7704,55.9605,7.6252,100.6424,83.3101,72.0321,95.0597
1,2023-08-01,24.9614,21.3983,28.4722,forecast,13.7179,10.9563,16.3803,129.0941,83.0035,178.9417,78.9249,66.8429,91.6912
1,2023-09-01,32.2917,28.2076,35.8197,forecast,16.4735,13.8701,19.5752,122.7512,72.3129,171.2353,80.7965,69.2395,92.7169
1,2023-10-01,26.2544,22.4203,30.028,forecast,16.0078,13.3445,18.5158,46.454,0.0,97.3748,81.0941,69.1416,93.3269
1,2023-11-01,22.4387,18.6822,26.125,forecast,11.469,8.9316,14.0481,127.356,77.428,180.7394,77.9028,66.2228,89.8392
1,2023-12-01,20.6255,16.7345,24.3932,forecast,11.9209,9.343,14.7395,155.5991,105.3575,204.3156,93.8737,81.2508,105.7534
1,2024-01-01,26.9133,23.0022,30.72,forecast,13.5383,10.9666,16.2786,122.5655,74.3949,169.2507,72.2714,60.8072,83.8193
1,2024-02-01,29.9393,26.2137,33.8937,forecast,13.7459,10.9582,16.2854,16.0424,0.0,64.8129,78.034,65.8057,89.1986
1,2024-03-01,29.4754,25.4988,33.4422,forecast,13.9486,11.0837,16.7464,60.713,11.7862,109.3858,83.3313,70.8038,94.6356
1,2024-04-01,15.7953,11.9574,19.6401,forecast,13.3487,10.5404,16.0449,84.511,33.0155,130.8169,90.5919,77.6552,102.553
1,2024-05-01,27.8406,24.4594,31.625,forecast,11.5768,8.9629,14.3036,75.1255,25.2051,125.8585,85.1735,73.475,97.1043
1,2024-06-01,23.2869,19.3852,27.2694,forecast,16.4539,13.7867,18.9749,137.1496,85.3577,185.6325,76.5376,64.7471,88.7275
1,2024-07-01,27.3435,23.4934,31.1443,forecast,13.4874,10.7794,16.3207,129.7201,79.9705,176.9847,75.3764,63.8623,87.3782
1,2024-08-01,25.2582,21.4527,28.8873,forecast,12.0294,9.5053,14.4462,113.0881,63.2484,159.1094,81.3903,69.2293,92.501
1,2024-09-01,23.7008,19.8492,27.457,forecast,13.2341,10.699,15.763,144.9595,94.6969,193.6444,72.6419,60.5635,84.1685
1,2024-10-01,25.9675,22.443,29.7897,forecast,15.0426,12.3506,17.8823,69.1872,20.5693,118.2762,92.079,80.3342,104.0289
1,2024-11-01,27.823,24.0401,31.5185,forecast,13.8106,11.299,16.6238,90.1736,39.6546,139.6688,86.3861,74.509,97.866
1,2024-12-01,28.2634,24.4924,32.1238,forecast,12.7934,9.9779,15.5225,116.5407,64.7574,163.9288,64.9904,52.9138,77.1437
2,2019-01-01,26.5372,24.0252,29.0189,historical,14.5492,12.1785,16.8626,113.8206,71.3849,160.0165,73.5977,62.6504,85.4024
2,2019-02-01,22.3952,20.128,24.7619,historical,13.9332,11.6243,16.1788,80.2913,36.4794,125.1477,80.4624,69.5125,91.4613
2,2019-03-01,31.1136,28.4691,33.4811,historical,23.4206,21.2295,25.8933,93.0285,49.595,134.7921,78.5807,67.689,90.8752
2,2019-04-01,26.6861,24.1828,29.0821,historical,14.8475,12.3375,17.1388,33.9571,0.0,76.1492,71.0814,59.5231,82.9694
2,2019-05-01,22.1397,19.5601,24.391,historical,10.6889,8.2871,12.9912,128.693,85.692,173.4577,74.4684,63.3279,85.1093
2,2019-06-01,20.708,17.8738,22.8781,historical,14.3897,11.9528,16.699,87.6083,44.9348,128.89,78.716,67.1135,88.6007
2,2019-07-01,26.5211,24.0882,29.0473,historical,16.4639,14.0873,18.859,61.4713,14.5571,102.9258,72.738,62.3121,84.2619
2,2019-08-01,24.1555,21.6826,26.6753,historical,14.2727,11.9353,16.4701,1.5178,0.0,45.8947,75.5148,64.0778,86.244
2,2019-09-01,25.3549,22.7113,27.895,historical,17.1808,15.0013,19.3187,135.2527,91.475,176.4221,80.155,69.2165,91.5834
2,2019-10-01,21.9473,19.3799,24.1953,historical,13.1394,10.7694,15.6584,64.6062,23.5857,108.7976,68.226,55.4182,79.7871
2,2019-11-01,23.9225,21.4403,26.5983,historical,11.4797,9.0697,13.85,95.3872,50.8964,137.709,74.6207,63.2919,85.6992
2,2019-12-01,23.8256,21.2823,26.3258,historical,16.4167,14.173,18.7689,38.5392,0.0,78.623,74.4909,63.3324,85.6686
2,2020-01-01,24.095,21.7548,26.5561,historical,12.6148,10.344,14.7878,114.0947,73.0249,154.7901,71.4884,60.3099,83.0641
2,2020-02-01,20.9338,18.3931,23.1894,historical,12.1426,9.7273,14.6319,64.9061,21.6973,106.9636,84.8527,73.9207,95.8907
2,2020-03-01,23.104,20.5284,25.5417,historical,11.4373,9.1995,13.9014,81.076,39.0756,124.3387,87.6025,76.6803,99.0622
2,2020-04-01,23.5183,20.9569,25.8541,historical,18.4197,15.9883,20.6898,95.914,54.5781,139.1341,70.8821,59.6377,82.6015
2,2020-05-01,22.9182,20.3983,25.4401,historical,12.3801,10.1124,14.8258,65.9971,20.5859,111.3305,83.3037,71.9339,94.5551
2,2020-06-01,27.1459,24.4946,29.4123,historical,16.0285,13.7196,18.3512,5.5922,0.0,49.7959,62.943,52.1531,74.4754
2,2020-07-01,24.135,21.6966,26.4357,historical,14.5014,12.2692,16.7181,79.998,37.6983,120.8339,76.5639,65.4015,88.0735
2,2020-08-01,25.729,23.4194,28.1298,historical,14.4183,12.0058,16.7016,99.052,56.4112,142.2391,81.1266,69.8529,91.7349
2,2020-09-01,22.4035,19.9766,24.7903,historical,12.233,9.6666,14.3625,55.6106,13.5019,100.503,66.1523,54.3316,77.9964
2,2020-10-01,22.1332,19.758,24.5952,historical,14.7407,12.5881,17.1798,66.7319,23.8076,109.1273,66.9976,56.0115,77.9734
2,2020-11-01,18.9682,16.3903,21.3434,historical,10.7863,8.3077,13.2414,95.4632,52.3522,135.9323,90.9102,78.9108,101.8407
2,2020-12-01,24.5643,22.1375,27.0054,historical,14.9212,12.6369,17.421,16.8004,0.0,60.2319,66.0475,55.3034,77.8841
2,2021-01-01,30.5371,27.9751,32.9868,historical,16.2343,13.7352,18.6691,79.3831,33.8531,124.5054,74.3621,62.9513,86.3244
2,2021-02-01,24.6689,22.0005,27.2088,historical,15.5696,13.0318,17.8953,77.1775,31.0305,122.7954,67.9941,56.2877,79.2288
2,2021-03-01,25.4621,22.9378,27.8265,historical,14.7845,12.3369,17.1314,74.1119,29.0218,114.9824,83.4674,71.5696,95.5345
2,2021-04-01,24.3339,21.893,26.8608,historical,16.6652,14.2676,18.8978,63.8203,21.647,107.6451,69.7406,58.2453,80.9822
2,2021-05-01,22.4287,20.0384,24.9004,historical,11.2182,8.8959,13.573,75.2311,31.1969,119.9266,79.0739,67.982,89.7859
2,2021-06-01,24.7143,22.2635,27.3472,historical,14.8927,12.5216,17.1797,22.2067,0.0,64.5929,66.9554,54.9128,78.6339
2,2021-07-01,24.6179,21.9845,26.934,historical,14.5949,12.254,16.9994,63.5379,21.6723,109.1995,74.1427,63.0771,85.405
2,2021-08-01,24.9019,22.3311,27.3234,historical,13.8391,11.4601,16.357,55.1448,16.1634,99.9343,77.9906,66.9527,89.9676
2,2021-09-01,23.087,20.6224,25.5508,historical,13.4046,11.0175,15.8678,70.6175,30.5861,113.1869,69.5979,58.6109,80.9269
2,2021-10-01,21.7804,19.3839,24.1971,historical,13.7734,11.1695,15.9809,55.0985,10.4883,95.6536,66.3181,55.2506,77.8381
2,2021-11-01,20.3521,17.84,23.0266,historical,10.5902,8.2151,12.8616,84.2794,39.3483,126.1062,84.2642,73.1169,95.8203
2,2021-12-01,24.0917,21.6279,26.5507,historical,15.0421,12.7611,17.5359,12.8327,0.0,55.6573,67.5685,55.9446,79.028
2,2022-01-01,28.1166,25.6199,30.6295,historical,14.6638,12.3756,17.2546,80.0782,38.2678,123.7667,72.1371,60.8427,83.4444
2,2022-02-01,23.0718,20.6763,25.4944,historical,14.0033,11.6717,16.251,62.2151,21.7379,106.8081,72.4227,60.7195,83.9329
2,2022-03-01,27.8486,25.4003,30.1406,historical,18.4073,16.3378,20.6424,67.0093,26.7113,110.46,79.2499,68.1532,90.2935
2,2022-04-01,25.1059,22.6892,27.4873,historical,15.1012,12.7233,17.4001,32.0762,0.0,75.3328,68.5972,56.7998,79.2072
2,2022-05-01,21.8845,19.3509,24.3398,historical,10.2807,7.9668,12.6023,85.0532,43.9129,129.2641,74.9188,63.1105,86.3864
2,2022-06-01,22.283,19.6813,24.6683,historical,13.9726,11.6624,16.4268,38.4717,0.0,83.4345,71.0054,59.5268,82.0599
2,2022-07-01,25.1288,22.6977,27.5022,historical,14.8754,12.4428,17.0423,46.2735,2.4812,87.8407,71.6579,60.777,83.0191
2,2022-08-01,24.0929,21.617,26.5885,historical,13.4167,10.9689,15.5766,11.5368,0.0,53.3971,74.9103,63.8068,86.5469
2,2022-09-01,23.7867,21.3355,26.2369,historical,14.6805,12.1546,16.9412,86.086,44.6293,128.7268,73.0578,61.7113,84.0324
2,2022-10-01,21.4341,18.916,23.9102,historical,12.8657,10.5297,15.3482,43.3061,0.0,85.9624,65.5182,54.0987,76.7825
2,2022-11-01,21.7197,19.1887,24.0735,historical,10.4478,8.3112,12.8867,73.1691,27.2265,118.9042,77.6232,65.5706,88.9688
2,2022-12-01,23.5607,20.9753,25.9438,historical,15.1673,12.7096,17.4855,8.9972,0.0,50.6463,69.1742,58.3039,79.7504
2,2023-01-01,25.6837,23.2522,28.0819,forecast,13.0839,10.8234,15.3598,80.5678,38.192,124.5458,69.9703,58.7121,81.2004
2,2023-02-01,21.5418,18.9567,23.9842,forecast,12.4976,9.9905,14.6914,47.0385,3.8265,93.2427,76.835,66.2471,88.1086
2,2023-03-01,30.2601,27.8648,32.6499,forecast,22.0118,19.6115,24.4391,59.7758,15.4538,102.1479,74.9533,64.1305,86.5036
2,2023-04-01,25.8327,23.3592,28.2297,forecast,13.4684,11.1393,15.8748,0.7044,0.0,44.7922,67.4539,56.6153,78.8797
2,2023-05-01,21.2863,18.9836,23.5964,forecast,9.3386,6.7931,11.5572,95.4402,50.1849,139.1357,70.841,59.0497,82.3842
2,2023-06-01,19.8546,17.2872,22.4389,forecast,13.0691,10.742,15.5154,54.3555,9.0449,96.0304,75.0886,64.1228,86.4497
2,2023-07-01,25.6677,23.2317,27.8704,forecast,15.1721,12.9413,17.6451,28.2185,0.0,73.0991,69.1105,57.7557,80.5007
2,2023-08-01,23.3021,20.7592,25.7898,forecast,13.0106,10.7245,15.3867,0.0,0.0,11.4028,71.8873,60.527,83.7974
2,2023-09-01,24.5015,22.0671,26.9954,forecast,15.9484,13.3612,18.3793,101.9999,59.1254,142.4055,76.5275,64.8288,89.2793
2,2023-10-01,21.0939,18.6217,23.3993,forecast,11.9357,9.7677,14.2625,31.3535,0.0,77.5128,64.5985,53.3083,76.8285
2,2023-11-01,23.0691,20.6252,25.4475,forecast,10.3058,8.0626,12.6311,62.1345,18.4245,103.8226,70.9933,60.0904,82.2502
2,2023-12-01,22.9722,20.3199,25.3123,forecast,15.2714,13.0004,17.542,5.2864,0.0,48.4071,70.8634,59.3094,82.5121
2,2024-01-01,23.2416,20.6843,25.7328,forecast,11.4993,9.1097,13.8593,80.8419,40.2688,123.4995,67.861,56.2254,79.4761
2,2024-02-01,20.0804,17.8171,22.6528,forecast,11.0567,8.7258,13.4859,31.6534,0.0,73.6909,81.2253,70.5197,91.8662
2,2024-03-01,22.2506,19.8208,24.7578,forecast,10.3793,8.0492,12.8346,47.8232,7.0378,91.3081,83.9751,72.0211,96.4727
2,2024-04-01,22.6649,20.3148,25.0486,forecast,17.3913,14.9457,19.8639,62.6612,18.4342,104.3512,67.2547,56.1759,78.67
2,2024-05-01,22.0648,19.7597,24.4499,forecast,11.3804,9.0134,13.8046,32.7443,0.0,77.622,79.6763,68.2525,91.4935
2,2024-06-01,26.2925,23.8108,28.8397,forecast,15.0583,12.747,17.4548,0.0,0.0,16.6597,59.3156,48.6788,70.355
2,2024-07-01,23.2815,20.694,25.6836,forecast,13.5598,11.0769,15.9387,46.7453,5.2444,89.709,72.9365,62.2352,83.5569
2,2024-08-01,24.8756,22.4538,27.4241,forecast,13.506,11.0774,15.8843,65.7992,21.4629,111.7947,77.4992,65.8122,88.8534
2,2024-09-01,21.55,19.2615,24.0231,forecast,11.3489,8.9583,13.7379,22.3578,0.0,63.9,62.5249,51.5085,74.5572
2,2024-10-01,21.2798,18.9033,23.7753,forecast,13.884,11.544,16.1815,33.4791,0.0,76.5235,63.3701,52.1066,74.4653
2,2024-11-01,18.1148,15.5449,20.6241,forecast,9.9577,7.4348,12.3539,62.2105,18.5306,109.3546,87.2828,76.1753,98.432
2,2024-12-01,23.7108,21.1829,26.1273,forecast,14.1193,11.8268,16.3242,0.0,0.0,23.1469,62.4201,51.4129,73.2164
3,2019-01-01,23.0938,19.0837,27.2377,historical,16.3716,12.7576,19.8822,78.8446,40.8711,118.174,217.6268,178.0456,256.1845
3,2019-02-01,22.838,18.6276,26.7179,historical,13.0818,9.5034,16.8212,42.3545,0.6745,82.5583,102.3192,64.7257,144.9776
3,2019-03-01,29.947,25.7429,34.1817,historical,17.4025,13.7075,21.1279,118.1308,76.1753,157.3371,99.334,57.5576,139.2655
3,2019-04-01,18.3328,14.2377,22.5044,historical,11.8402,8.3098,15.301,32.5998,0.0,74.4021,92.476,52.4983,130.804
3,2019-05-01,26.9681,23.1493,31.1301,historical,13.1773,9.6771,16.7057,112.2846,69.47,153.0583,107.9345,66.9635,146.9828
3,2019-06-01,27.5059,23.2518,31.6758,historical,15.8755,12.2116,19.4337,59.2697,16.3336,100.9614,94.827,52.1356,136.8933
3,2019-07-01,24.4552,20.3763,28.6526,historical,14.825,11.2138,18.2745,37.1749,0.0,76.2139,81.5445,41.9341,121.4459
3,2019-08-01,27.9892,24.228,32.1205,historical,11.7136,8.0925,15.2831,24.7919,0.0,66.5419,77.5341,39.865,117.551
3,2019-09-01,21.2676,17.1436,25.173,historical,12.1858,8.5689,15.9024,89.2738,50.4647,131.176,77.4201,40.0839,117.3308
3,2019-10-01,19.0902,15.4563,23.1781,historical,10.1174,6.1151,13.564,71.253,30.5292,112.0638,72.3128,32.457,112.1853
3,2019-11-01,24.8436,20.7253,28.7818,historical,15.6492,12.3656,19.4906,20.8892,0.0,58.819,56.6835,16.7289,99.1049
3,2019-12-01,20.4713,16.3128,24.6764,historical,9.0627,5.1835,13.0624,68.3131,29.0498,110.6128,70.2298,32.1458,109.0381
3,2020-01-01,25.2097,21.2152,29.1712,historical,20.6152,16.8433,24.1465,78.4941,37.8133,115.2711,172.2485,131.5429,214.7315
3,2020-02-01,21.7095,17.5678,25.7736,historical,11.5362,7.8291,14.9368,21.6766,0.0,63.0681,34.5626,0.0,77.0711
3,2020-03-01,25.3879,21.363,29.5952,historical,14.2384,10.6744,18.2147,16.4648,0.0,57.4904,58.5374,18.1906,102.0034
3,2020-04-01,26.1899,21.8292,30.0993,historical,17.9189,13.8715,21.6865,93.807,53.7776,132.9503,55.6946,15.4689,98.512
3,2020-05-01,24.9242,20.7977,28.6937,historical,12.9893,9.4356,16.9465,85.0824,43.9153,126.3407,59.1077,17.1036,99.7222
3,2020-06-01,24.7245,20.5716,28.4431,historical,16.2088,12.4084,19.8666,53.8957,15.6653,93.6856,51.5452,13.8211,91.1125
3,2020-07-01,25.5126,21.5171,29.4948,historical,10.903,7.243,14.5057,46.4156,4.0869,89.5697,61.7481,19.0848,103.5441
3,2020-08-01,26.958,22.8578,31.0935,historical,11.9477,7.8804,15.5914,49.4844,10.6709,87.5986,73.7199,36.4514,111.0206
3,2020-09-01,24.9936,20.8606,29.0768,historical,17.6952,14.1021,21.342,100.9581,63.8496,140.9571,73.9196,32.0477,114.3495
3,2020-10-01,21.4968,17.6481,25.4128,historical,12.6389,8.7845,16.401,0.0,0.0,37.7692,74.6293,34.9419,115.036
3,2020-11-01,20.337,16.2547,24.632,historical,12.1767,8.2431,15.7006,22.392,0.0,61.7786,64.4844,24.6147,104.6581
3,2020-12-01,24.7007,20.5503,28.837,historical,15.5301,11.5873,19.2308,101.0176,61.4567,139.2796,70.927,28.0443,110.5486
3,2021-01-01,20.4372,16.3471,24.2731,historical,10.8005,7.3354,14.6632,71.5468,31.7682,111.8792,118.4218,79.2655,159.7854
3,2021-02-01,26.6623,22.8093,30.6687,historical,19.0092,15.2145,22.7704,76.9356,39.156,117.4023,69.0664,28.4826,108.8565
3,2021-03-01,27.4573,23.0241,31.5887,historical,16.2791,12.5705,19.9146,47.76,8.7742,89.945,55.4802,16.942,95.3477
3,2021-04-01,24.1046,19.6994,28.0806,historical,16.879,13.3408,20.4666,71.0531,31.2645,112.9653,53.6435,12.9327,96.9491
3,2021-05-01,26.0926,22.0232,30.0116,historical,13.999,10.5292,17.766,91.3772,51.3304,134.5642,63.4502,23.3981,106.5006
3,2021-06-01,26.186,22.0778,30.1278,historical,17.0546,13.5198,20.766,53.1921,13.4924,95.0105,56.6147,19.4274,98.9641
3,2021-07-01,25.7071,21.7848,30.0347,historical,13.2,9.5411,17.1021,40.8064,0.3214,79.2833,61.3961,22.8437,98.4928
3,2021-08-01,27.856,23.8014,31.9698,historical,12.8993,9.3406,16.6997,38.4855,1.1022,80.2567,70.3387,29.5692,110.097
3,2021-09-01,24.2962,20.5915,28.717,historical,16.8581,12.9974,20.5673,93.9691,51.1108,131.4813,72.7454,35.4973,115.3129
3,2021-10-01,21.1907,17.3475,25.1231,historical,12.7416,8.9095,16.5879,20.5963,0.0,59.5849,73.8216,33.4569,112.517
3,2021-11-01,22.3662,18.2805,26.3618,historical,14.3113,10.7458,18.0077,19.6998,0.0,57.2983,61.7892,21.2955,104.0354
3,2021-12-01,23.8217,19.3955,27.9078,historical,14.3269,10.351,18.0712,87.5775,49.6325,125.228,70.4625,28.4155,108.7429
3,2022-01-01,22.5657,18.2576,26.435,historical,15.0602,11.1936,18.4802,71.2172,34.5669,110.4288,136.5915,96.1942,177.9383
3,2022-02-01,25.5526,21.5968,29.4231,historical,17.5345,13.995,21.3987,55.4643,16.4506,97.6827,57.8961,14.8888,98.2999
3,2022-03-01,29.5097,25.4399,33.5433,historical,18.3148,14.6058,21.8323,78.9975,39.3506,119.3029,52.6278,12.3424,92.9775
3,2022-04-01,22.0173,18.0109,25.8534,historical,15.8331,11.8885,19.2746,47.9844,8.2811,89.4474,51.837,11.3584,91.172
3,2022-05-01,27.3067,23.3071,31.2342,historical,15.0426,11.5828,18.7475,97.7832,57.3115,136.4605,67.9681,25.7328,106.521
3,2022-06-01,27.6462,23.7747,32.1483,historical,17.9247,14.3877,21.5928,52.3203,11.2632,91.7767,61.6666,19.452,101.5035
3,2022-07-01,25.8873,22.0959,29.7892,historical,15.4891,11.7414,19.0986,35.0594,0.0,74.4691,60.9224,19.4351,104.5853
3,2022-08-01,28.7324,24.3768,32.7429,historical,13.8025,10.1255,17.2252,27.5858,0.0,68.2061,66.9179,24.7407,108.7851
3,2022-09-01,23.5863,19.5413,27.7525,historical,16.0022,12.2223,19.5766,87.4089,46.5091,128.0768,71.6021,29.6284,111.2079
3,2022-10-01,20.9209,16.7914,24.6452,historical,12.882,8.9614,16.7731,41.9281,0.9608,79.3584,73.0443,34.4406,118.4068
3,2022-11-01,24.4015,20.0389,28.8592,historical,16.4503,12.7043,20.0145,16.5349,0.0,55.7379,59.1901,20.1559,103.3084
3,2022-12-01,22.9443,18.823,27.1283,historical,13.152,9.4067,16.6633,74.0064,33.5646,111.2424,70.2409,29.1441,110.3241
3,2023-01-01,24.6896,20.3125,28.9041,forecast,19.314,15.4496,22.7755,70.8655,31.9154,110.1571,154.5558,114.6148,195.5209
3,2023-02-01,24.4339,20.2436,28.6722,forecast,16.0242,12.5283,19.8202,34.3744,0.0,75.6491,46.4136,4.8551,84.5047
3,2023-03-01,31.543,27.7966,35.8022,forecast,20.345,16.3871,24.0315,110.1497,72.6839,151.0622,49.9004,9.5061,91.2928
3,2023-04-01,19.9289,15.8972,23.9172,forecast,14.7827,10.8344,18.5048,24.6176,0.0,65.1439,50.2079,10.8025,90.4436
3,2023-05-01,28.5643,24.4076,32.8804,forecast,16.1199,12.342,19.5777,104.3014,64.0744,146.5166,72.5989,34.6296,115.1096
3,2023-06-01,29.1023,24.9707,32.7341,forecast,18.8182,15.2075,22.6144,51.2855,11.2649,91.4449,66.6502,25.422,106.838
3,2023-07-01,26.0517,22.0473,29.9803,forecast,17.7677,13.9404,21.4219,29.1896,0.0,68.2539,60.2956,17.9094,99.0484
3,2023-08-01,29.5859,25.6704,33.5979,forecast,14.6564,10.8574,18.1518,16.8055,0.0,57.6767,63.4396,22.2724,102.2955
3,2023-09-01,22.8644,18.9723,26.814,forecast,15.1287,11.5185,18.7196,81.2864,44.341,121.0979,70.4772,30.5054,113.9145
3,2023-10-01,20.6871,16.9774,24.4727,forecast,13.0603,9.7381,16.8071,63.2645,21.3485,102.3075,72.2908,30.4298,115.0864
3,2023-11-01,26.4406,21.9881,30.8645,forecast,18.5922,15.0209,21.8772,12.9,0.0,54.9217,56.6868,10.7213,96.414
3,2023-12-01,22.0684,17.7336,26.072,forecast,12.0057,8.2063,15.5454,60.3232,19.4017,99.2613,70.2553,29.3857,106.8132
3,2024-01-01,26.807,22.615,31.0185,forecast,23.5583,20.0064,27.1264,70.5034,26.2118,110.2924,172.297,132.912,213.4028
3,2024-02-01,23.3069,19.2818,27.1366,forecast,14.4793,10.7284,18.221,13.6852,0.0,52.7039,34.6289,0.0,73.6801
3,2024-03-01,26.9855,23.0649,30.8304,forecast,17.1816,13.787,20.9619,8.4727,0.0,47.9092,58.6201,17.8102,100.9381
3,2024-04-01,27.7876,23.9666,31.8715,forecast,20.8621,17.2655,24.3863,85.8141,47.0973,126.1951,55.7948,14.318,96.0629
3,2024-05-01,26.522,22.323,30.5097,forecast,15.9327,11.9661,19.6313,77.0888,37.8523,117.1488,59.2218,17.5138,100.2083
3,2024-06-01,26.3225,22.4848,30.4725,forecast,19.1522,15.2549,22.7847,45.9014,4.7293,86.8757,51.6717,12.6867,95.9224
3,2024-07-01,27.1106,23.0032,31.0708,forecast,13.8464,9.9992,17.5794,38.4206,0.0,79.5496,61.8865,19.5511,107.1772
3,2024-08-01,28.5561,24.7672,32.9077,forecast,14.8912,10.9847,18.4444,41.4886,0.0,79.8933,73.8671,33.7583,117.7671
3,2024-09-01,26.5919,22.731,30.7472,forecast,20.6388,17.0703,24.4421,92.9616,52.6254,131.2279,74.0737,29.3058,120.0718
3,2024-10-01,23.0952,18.9813,27.201,forecast,15.5826,11.8087,19.3573,0.0,0.0,31.9368,74.79,26.6299,123.1766
3,2024-11-01,21.9355,18.1293,26.2001,forecast,15.1204,11.3245,18.7022,14.394,0.0,52.5937,64.6506,19.6945,112.4764
3,2024-12-01,26.2993,22.4481,30.2911,forecast,18.4739,14.8147,22.177,93.0189,54.5963,136.8001,71.095,22.7415,119.6248
4,2019-01-01,24.2128,21.4601,26.8544,historical,10.7458,8.5086,13.0121,113.7295,75.8821,151.0967,75.8536,65.4111,86.7865
4,2019-02-01,28.7234,26.0859,31.534,historical,17.0767,14.8073,19.4098,88.2491,47.8935,130.0787,79.011,67.7591,90.5743
4,2019-03-01,23.5038,20.7931,26.2747,historical,13.2344,10.9497,15.5267,41.8956,4.0558,81.0617,70.1724,59.5637,81.1776
4,2019-04-01,23.6687,20.7969,26.2574,historical,14.0233,11.921,16.4203,88.9804,49.042,127.8776,65.1036,54.2605,76.381
4,2019-05-01,27.4943,24.6126,30.2605,historical,12.5113,10.3101,14.9794,10.6146,0.0,46.9207,68.5863,58.3724,80.5947
4,2019-06-01,22.6222,20.0632,25.1008,historical,12.9914,10.5283,15.3085,49.4427,11.4014,84.7032,72.1815,61.0706,83.6034
4,2019-07-01,22.5149,19.7663,25.3107,historical,14.7723,12.5061,16.9184,104.08,67.3899,145.1004,81.0942,69.9856,91.803
4,2019-08-01,14.9031,12.0871,17.5478,historical,12.523,10.0853,14.686,86.6738,49.2793,125.2749,71.4594,59.6347,82.0149
4,2019-09-01,24.6796,21.9418,27.1112,historical,12.5769,10.0987,14.7681,33.729,0.0,72.1585,56.1995,45.493,67.7976
4,2019-10-01,35.8668,33.3801,38.5998,historical,11.6994,9.3005,14.0647,61.9606,25.0815,102.9693,72.2615,61.1336,83.1692
4,2019-11-01,25.0556,22.3606,27.667,historical,12.2344,9.9305,14.568,119.1079,79.8826,159.8917,78.6693,67.493,89.7638
4,2019-12-01,19.9438,17.2593,22.6596,historical,14.21,11.9126,16.5345,53.1743,15.2013,91.312,80.4571,69.7393,90.608
4,2020-01-01,23.3666,20.6408,26.1664,historical,10.479,8.1059,12.7595,118.4299,82.9999,156.695,76.0959,65.3528,87.1166
4,2020-02-01,30.3232,27.5266,33.0016,historical,18.7223,16.4637,20.9461,98.9729,60.7378,136.727,86.5883,75.7768,97.0808
4,2020-03-01,24.4381,21.7715,27.1137,historical,15.2018,12.8719,17.7654,29.1192,0.0,64.6925,78.1773,67.2943,89.3405
4,2020-04-01,26.1689,23.401,28.9228,historical,13.2049,11.0218,15.5382,89.5411,51.9171,128.6388,80.9565,69.3208,91.4212
4,2020-05-01,22.1343,19.441,24.8017,historical,16.4837,14.0694,18.731,89.5826,51.6731,126.4444,74.8903,63.9279,85.7506
4,2020-06-01,23.4433,20.5579,26.3464,historical,12.1892,9.8359,14.5817,75.8368,36.5997,114.6,61.1534,49.9613,72.3334
4,2020-07-01,22.0257,19.4808,24.7879,historical,15.674,13.3446,17.9794,34.2622,0.0,70.4915,73.3097,62.1214,84.5046
4,2020-08-01,22.8823,20.2033,25.6077,historical,12.2739,9.9106,14.5209,0.0,0.0,23.7945,77.5758,66.3861,88.5678
4,2020-09-01,23.0746,20.4387,25.9132,historical,11.1992,8.9697,13.6021,111.2035,71.6355,146.9147,70.6983,59.7891,81.2141
4,2020-10-01,21.2826,18.5188,23.8284,historical,16.2117,13.8127,18.5324,98.9319,60.8769,135.0993,71.6274,60.9401,81.8404
4,2020-11-01,30.5507,27.9102,33.038,historical,12.126,9.8994,14.3582,103.3627,64.7389,143.0895,81.9668,71.8104,93.4404
4,2020-12-01,25.6475,22.9204,28.1745,historical,12.7336,10.474,15.0577,73.7058,33.3965,110.16,78.7329,68.1111,89.5458
4,2021-01-01,24.4223,21.8229,27.2524,historical,13.8348,11.5371,16.2165,103.1529,64.1405,143.9715,84.0515,73.2738,94.842
4,2021-02-01,23.9028,20.9982,26.6105,historical,16.2835,14.113,18.5065,64.7959,29.7038,104.8141,72.3512,61.3825,82.2331
4,2021-03-01,23.5953,20.8419,26.1741,historical,15.0856,12.6488,17.4769,33.0048,0.0,72.8983,78.4832,67.7494,89.4557
4,2021-04-01,24.7586,22.0337,27.4197,historical,13.9608,11.7277,16.4035,89.1905,52.5241,129.9682,78.5116,67.4289,89.3877
4,2021-05-01,23.3604,20.8073,25.9559,historical,15.5733,13.4433,18.0282,62.5218,24.7389,101.4183,75.4847,64.2133,86.5606
4,2021-06-01,22.6388,19.9202,25.3051,historical,12.7968,10.3652,15.1582,65.5175,27.8795,104.295,67.5839,56.7088,79.1576
4,2021-07-01,21.6564,19.0381,24.3276,historical,15.6708,13.5137,18.0699,56.2909,19.9791,96.1364,78.8469,67.2159,89.8757
4,2021-08-01,19.6319,17.0495,22.3955,historical,12.5935,10.3086,15.0004,20.0388,0.0,59.7876,78.5142,68.3059,90.0158
4,2021-09-01,22.9502,20.235,25.8157,historical,11.9,9.5789,13.9645,85.4681,44.3244,123.4401,68.7094,57.7874,80.1799
4,2021-10-01,25.6196,23.0343,28.116,historical,14.9149,12.6056,17.3195,85.6746,45.4942,125.8214,74.6268,62.9308,85.3699
4,2021-11-01,28.2559,25.4625,31.0005,historical,12.3214,10.0444,14.8618,107.7311,68.9288,149.4838,83.6885,73.2528,94.1233
4,2021-12-01,23.172,20.6176,25.9043,historical,13.3957,11.11,15.6906,65.9679,28.014,105.1064,82.15,71.0817,92.9664
4,2022-01-01,23.4469,20.8128,26.3649,historical,12.8532,10.4848,15.1311,107.2451,67.828,145.8958,84.1984,73.8669,95.3331
4,2022-02-01,25.464,22.5555,28.1077,historical,17.1496,14.7205,19.4656,75.4619,39.3614,113.6165,79.9566,68.4833,90.98
4,2022-03-01,22.7225,19.9283,25.3753,historical,14.5524,12.3334,16.6607,36.5714,0.0,76.5449,78.6627,66.9505,89.0949
4,2022-04-01,23.3636,20.6468,25.9045,historical,14.2935,11.8796,16.5829,88.3069,49.0801,125.0656,76.0739,64.7901,87.1173
4,2022-05-01,24.5862,21.924,27.1096,historical,14.2475,12.0526,16.5808,35.4933,0.0,74.1058,76.2316,65.2227,86.6315
4,2022-06-01,21.8035,19.2566,24.3869,historical,12.9999,10.6767,15.3078,56.0214,19.9376,98.4489,74.1107,62.4881,84.9028
4,2022-07-01,21.2575,18.3568,23.7121,historical,15.2447,12.9829,17.5269,78.8812,39.7781,119.0366,84.2922,73.2618,95.7015
4,2022-08-01,16.4092,13.6026,19.2011,historical,12.4877,10.1701,14.8881,52.6713,13.3491,91.1149,79.3236,68.1202,90.7944
4,2022-09-01,22.9235,20.4316,25.6356,historical,12.0877,9.7894,14.3959,58.9418,21.5816,96.3144,66.7236,55.919,78.3591
4,2022-10-01,29.9205,27.2231,32.4742,historical,13.0585,10.7108,15.3391,72.6502,36.3979,113.8656,77.6869,66.1238,88.6076
4,2022-11-01,25.8612,23.2482,28.6283,historical,11.9229,9.3822,14.1541,112.2855,73.5907,152.1257,85.4381,74.4027,96.9088
4,2022-12-01,20.7071,18.0708,23.675,historical,13.3733,10.9048,15.7595,58.4289,23.5569,94.0461,85.574,74.2776,95.7996
4,2023-01-01,22.5319,19.9009,25.0031,forecast,11.1369,8.9008,13.4674,111.6469,73.5741,151.0904,84.3953,73.4537,95.1229
4,2023-02-01,27.0418,24.2078,29.6479,forecast,17.3451,15.1332,19.658,86.1666,47.5932,124.404,87.5531,76.4761,97.4472
4,2023-03-01,21.8216,19.2679,24.6298,forecast,13.392,11.0907,15.7409,39.8132,2.7013,76.4477,78.7149,68.0923,89.1391
4,2023-04-01,21.9859,19.5277,24.6889,forecast,14.0583,11.7266,16.4651,86.8981,47.3317,126.9982,73.6465,62.4708,84.516
4,2023-05-01,25.8108,23.2399,28.6179,forecast,12.4275,10.1315,14.5726,8.5324,0.0,44.5927,77.1296,66.9034,87.8229
4,2023-06-01,20.9381,18.2702,23.5243,forecast,12.7849,10.3024,15.1293,47.3606,10.5317,87.2825,80.7251,69.4724,91.777
4,2023-07-01,20.8301,18.0563,23.3212,forecast,14.4471,12.126,16.9992,101.998,61.5579,138.7489,89.6382,79.1651,100.3726
4,2023-08-01,13.2177,10.6752,15.9646,forecast,12.0752,9.8959,14.4742,84.592,48.9014,120.5529,80.0037,69.2486,91.0227
4,2023-09-01,22.9935,20.5948,25.6622,forecast,12.0064,9.7495,14.336,31.6473,0.0,69.4808,64.7443,53.7146,76.0469
4,2023-10-01,34.1802,31.423,36.8746,forecast,11.0103,8.7211,13.3432,59.879,21.0561,96.244,80.8067,69.4327,91.1839
4,2023-11-01,23.3683,20.7734,26.0653,forecast,11.4225,9.0836,13.7743,117.0264,77.0033,154.5115,87.2149,75.7369,98.4697
4,2023-12-01,18.2559,15.6459,20.9012,forecast,13.2794,10.9457,15.5868,51.0929,14.5545,90.4366,89.0031,78.0226,100.4047
4,2024-01-01,21.678,19.1554,24.321,forecast,9.4258,7.3395,11.6963,116.3487,75.6794,152.0136,84.6422,74.3487,95.3875
4,2024-02-01,28.6341,25.9376,31.0869,forecast,17.5465,15.2303,20.1007,96.8918,59.5211,137.0944,95.135,84.2529,106.1024
4,2024-03-01,22.7485,20.0055,25.2613,forecast,13.9113,11.5697,16.2136,27.0382,0.0,63.7631,86.7243,74.9851,97.7085
4,2024-04-01,24.4788,21.7896,27.0574,forecast,11.7919,9.5384,14.1201,87.4602,47.9498,126.8096,89.504,78.1569,100.5144
4,2024-05-01,20.4438,17.8765,23.1327,forecast,14.9528,12.6434,17.3067,87.5019,49.484,130.2865,83.4381,72.8742,94.0961
4,2024-06-01,21.7526,19.1242,24.6069,forecast,10.5367,8.3196,12.9703,73.7561,31.4042,113.5985,69.7017,58.5524,80.4209
4,2024-07-01,20.3347,17.6801,22.8691,forecast,13.904,11.6434,16.2826,32.1817,0.0,71.4809,81.8583,70.4577,93.2148
4,2024-08-01,21.1912,18.5787,23.826,forecast,10.3829,7.9494,12.7552,0.0,0.0,20.4598,86.1248,74.7178,96.9954
4,2024-09-01,21.3834,18.9548,24.2122,forecast,9.2452,6.8136,11.4529,109.1232,69.0373,144.5468,79.2476,67.7756,90.6965
4,2024-10-01,19.5914,16.8689,22.5262,forecast,14.1967,11.8037,16.6594,96.8517,58.4165,132.7179,80.1771,69.4513,91.0543
4,2024-11-01,28.8595,26.2468,31.5754,forecast,10.0481,7.6987,12.4457,101.2827,62.9957,139.5445,90.5169,78.8266,101.8898
4,2024-12-01,23.9562,21.3635,26.8964,forecast,10.5949,8.3656,12.8181,71.6258,35.7402,107.794,87.2834,76.9727,97.9657
5,2019-01-01,24.1339,20.5488,27.8862,historical,13.3692,10.5943,16.0145,76.0404,41.3716,112.9585,80.5769,72.4579,88.5839
5,2019-02-01,24.462,20.9056,27.7394,historical,15.3699,12.6331,18.0479,82.8633,44.3653,119.9988,71.7996,64.1282,79.4944
5,2019-03-01,25.3019,21.6418,28.7707,historical,12.3735,9.5034,15.2087,97.0782,60.4391,134.674,70.9514,62.0275,78.9795
5,2019-04-01,31.9517,28.6732,35.6696,historical,20.7801,17.9206,23.5438,67.5157,30.2451,99.8904,71.7245,63.9909,79.7941
5,2019-05-01,19.1474,15.7383,22.7995,historical,13.4659,10.6911,16.2523,99.5938,62.9581,138.0419,77.9397,69.543,86.1071
5,2019-06-01,22.8069,19.6848,26.3109,historical,13.161,10.3488,15.8676,29.3014,0.0,65.97,81.0515,73.0072,89.2735
5,2019-07-01,22.2143,18.6375,26.0208,historical,15.0505,12.2666,17.705,54.86,19.6981,87.6866,71.0436,63.0158,79.8927
5,2019-08-01,28.7176,25.1737,32.1651,historical,15.8092,12.9181,18.6396,90.1455,55.7567,127.2837,74.9383,66.4581,83.3972
5,2019-09-01,24.2843,20.5808,27.8007,historical,13.403,10.5579,16.2158,123.582,87.9722,162.1105,79.1027,71.1879,87.6449
5,2019-10-01,25.239,21.5383,28.8763,historical,14.512,11.7396,17.3028,39.1015,0.2344,74.6492,66.2562,57.9638,74.7615
5,2019-11-01,14.4893,11.1114,18.1416,historical,15.0241,12.1195,17.8002,94.7708,59.5167,131.595,77.7596,69.856,85.6791
5,2019-12-01,27.9269,24.4269,31.6152,historical,14.7059,11.694,17.3409,17.9419,0.0,54.4925,77.0919,69.0105,85.1397
5,2020-01-01,21.6957,18.141,25.2955,historical,12.396,9.628,15.1748,110.1939,73.7972,146.5003,81.2356,72.9089,89.3804
5,2020-02-01,25.0242,21.1455,28.6674,historical,14.5008,11.8675,17.2342,75.2889,40.5678,111.2503,74.6344,66.2993,83.2182
5,2020-03-01,24.5612,21.166,28.1646,historical,13.7662,11.0904,16.6063,124.9858,89.0119,163.2317,79.9152,71.8234,88.384
5,2020-04-01,22.3916,18.8546,25.7057,historical,12.9458,10.2687,15.5107,46.3562,10.4276,84.5121,78.2682,69.8211,86.2081
5,2020-05-01,25.359,21.811,28.6878,historical,15.7573,12.8321,18.4578,33.18,0.1868,69.4964,73.157,64.3459,80.9795
5,2020-06-01,27.9183,24.191,31.471,historical,15.2408,12.4621,17.9567,111.2221,76.3148,147.7154,71.8905,63.1751,80.1565
5,2020-07-01,24.3094,20.585,27.921,historical,13.8146,10.8524,16.6774,90.9312,57.3095,127.2738,79.6721,70.6887,88.2302
5,2020-08-01,22.6465,18.7388,26.4489,historical,15.354,12.6406,18.2436,78.692,40.9278,115.3608,84.6288,76.5918,92.4607
5,2020-09-01,24.9168,21.4945,28.3453,historical,14.1562,11.4189,16.8436,19.5521,0.0,54.3666,57.5284,48.9443,65.2391
5,2020-10-01,19.4641,15.9003,22.9283,historical,12.7874,9.7509,15.5516,120.3898,84.3257,156.4118,93.796,85.28,102.6723
5,2020-11-01,21.7546,18.2616,25.2105,historical,13.3489,10.5491,15.928,60.9964,27.5308,97.3103,69.6192,61.2654,77.599
5,2020-12-01,23.5349,20.213,26.8688,historical,13.8461,10.9579,16.8014,108.0529,72.809,144.881,71.6961,63.2864,79.7372
5,2021-01-01,29.0347,25.4254,32.3939,historical,13.6842,11.0833,16.355,17.0632,0.0,49.6783,83.8969,75.106,91.8408
5,2021-02-01,23.495,20.0611,27.1928,historical,15.5243,12.7031,18.1878,105.4355,68.1138,137.9615,70.5707,62.4428,79.0554
5,2021-03-01,24.7843,21.1865,28.3583,historical,12.73,10.015,15.4466,118.3267,80.6773,154.6105,78.1317,70.1134,86.2418
5,2021-04-01,25.6268,22.1464,29.1947,historical,15.0288,12.0946,17.722,55.9309,22.5188,93.4935,77.1739,69.4193,85.5541
5,2021-05-01,23.3661,19.659,26.7489,historical,14.5047,11.8119,16.9825,58.695,25.6929,94.9492,75.8194,67.5774,84.148
5,2021-06-01,26.2115,22.3917,29.8846,historical,14.0125,10.9584,16.8439,87.2613,50.6395,123.2923,76.117,67.7937,84.5135
5,2021-07-01,23.5546,19.9257,27.0731,historical,13.6833,10.8778,16.5021,81.2809,44.0757,116.8248,77.9684,69.5981,85.7012
5,2021-08-01,24.65,21.1654,28.2747,historical,14.976,12.0694,17.6947,84.7068,49.203,118.5691,82.3972,74.3165,90.6573
5,2021-09-01,24.7151,21.3534,28.3045,historical,13.3645,10.614,16.0025,57.3707,19.8979,92.7799,65.8339,57.3573,73.4644
5,2021-10-01,21.4344,17.9614,25.0151,historical,12.8197,9.9667,15.5095,96.5799,61.1196,134.4184,85.6921,77.9198,93.8855
5,2021-11-01,19.3602,15.6014,22.9278,historical,13.3819,10.6731,16.3226,75.2169,41.8404,110.363,73.2254,65.1371,81.9662
5,2021-12-01,25.0132,21.264,28.4253,historical,13.621,11.0481,16.2907,80.5672,41.9561,116.9133,74.535,66.4764,82.3922
5,2022-01-01,26.5939,23.1923,30.0433,historical,12.736,9.8562,15.6272,50.7206,13.1169,86.7144,84.0601,76.1941,91.9201
5,2022-02-01,23.9651,20.2266,27.6395,historical,14.6486,11.7306,17.5527,98.6468,60.99,135.9956,72.984,64.8817,81.3533
5,2022-03-01,25.0381,21.3422,28.357,historical,11.7343,9.0201,14.451,111.889,76.9309,145.543,76.3075,68.201,84.6481
5,2022-04-01,28.821,25.1746,32.2569,historical,17.1096,14.3335,20.0014,65.8569,27.3934,102.1855,76.1375,67.5782,84.1949
5,2022-05-01,21.3012,18.09,24.9778,historical,13.2093,10.3827,15.9813,83.7093,46.7481,119.0295,78.5415,69.9981,87.0299
5,2022-06-01,24.5131,20.8545,27.8113,historical,12.7874,9.9919,15.5066,62.815,25.4282,98.1282,80.2799,71.9775,88.3776
5,2022-07-01,22.8623,19.4551,26.2631,historical,13.5639,10.8268,16.4371,72.1219,37.2096,108.8155,76.1808,68.4097,83.2667
5,2022-08-01,26.6807,23.063,30.3352,historical,14.5963,11.9843,17.3463,91.4,55.0669,128.8464,80.2371,72.1301,88.3494
5,2022-09-01,24.5109,20.8599,28.0041,historical,12.5819,9.612,15.262,94.9319,59.4397,130.4215,74.0797,65.0528,82.6727
5,2022-10-01,23.3662,19.983,26.828,historical,12.8634,10.2332,15.6658,72.3505,37.7573,108.6048,77.5445,69.1102,85.9819
5,2022-11-01,16.9441,13.5444,20.6997,historical,13.4091,10.732,16.2642,89.3483,54.5781,126.1187,76.9566,68.8125,84.8072
5,2022-12-01,26.4836,23.0031,30.0137,historical,13.3762,10.7035,16.1726,53.3963,18.813,90.1331,77.3517,68.8601,85.26
5,2023-01-01,24.153,20.7803,27.7706,forecast,11.7749,8.9632,14.5226,84.6472,49.2146,120.887,84.19,75.2974,92.4533
5,2023-02-01,24.4811,20.8679,27.9772,forecast,13.7757,11.1455,16.7217,91.4709,55.639,126.9346,75.3556,66.3109,83.6516
5,2023-03-01,25.3211,21.8194,29.1229,forecast,10.7793,7.7925,13.5719,105.6864,69.5693,139.509,74.4559,65.8947,82.1997
5,2023-04-01,31.9708,28.7988,35.4975,forecast,19.1858,16.5895,22.0362,76.1247,41.1274,109.2283,75.1719,67.1123,83.5166
5,2023-05-01,19.1665,15.761,22.6745,forecast,11.8716,9.1685,14.6138,108.2035,72.5521,143.3163,81.3318,73.6593,89.8512
5,2023-06-01,22.826,19.3025,26.413,forecast,11.5668,8.7321,14.4647,37.9118,2.0179,73.852,84.3864,75.9362,92.9573
5,2023-07-01,22.2334,18.7382,25.9103,forecast,13.4563,10.7548,16.3045,63.4711,28.4923,99.8251,74.3233,66.2854,82.8818
5,2023-08-01,28.7366,25.2825,32.4166,forecast,14.2149,11.3564,16.7998,98.7573,64.0395,134.8426,78.1611,69.7653,86.2161
5,2023-09-01,24.3034,20.725,27.5967,forecast,11.8088,8.9203,14.576,132.1945,97.6008,167.7601,82.2697,73.5725,90.3775
5,2023-10-01,25.258,21.6922,28.8172,forecast,12.9177,9.9824,15.631,47.7147,12.3697,82.2374,69.369,60.9622,77.5701
5,2023-11-01,14.5083,11.2033,18.1079,forecast,13.4298,10.78,16.1816,103.3848,69.5851,138.5835,80.8181,72.5765,89.1016
5,2023-12-01,27.9458,24.5053,31.633,forecast,13.1116,10.3156,15.8067,26.5566,0.0,66.7033,80.1485,71.62,88.1221
5,2024-01-01,21.7147,18.1838,25.1357,forecast,10.8018,8.021,13.8474,118.8093,83.6016,153.7005,84.2902,76.078,92.3329
5,2024-02-01,25.0431,21.6425,28.3875,forecast,12.9066,10.1323,15.7191,83.905,46.2594,118.5128,77.6873,69.5262,85.7701
5,2024-03-01,24.5801,21.268,28.1344,forecast,12.1719,9.5785,15.0424,133.6026,96.714,169.4132,82.9669,74.1615,91.2322
5,2024-04-01,22.4105,19.1585,25.7831,forecast,11.3516,8.4758,14.0128,54.9738,19.4432,88.7623,81.3184,72.9933,89.8102
5,2024-05-01,25.3779,21.6229,28.6364,forecast,14.1631,11.4014,16.9882,41.7983,3.8559,78.2308,76.2059,68.2312,84.2552
5,2024-06-01,27.9372,24.3588,31.5501,forecast,13.6466,10.9649,16.5677,119.8411,83.8476,157.2806,74.9382,66.8194,83.1515
5,2024-07-01,24.3282,20.8638,27.9186,forecast,12.2203,9.6089,15.1573,99.5509,62.035,135.3162,82.7185,75.0315,90.8692
5,2024-08-01,22.6653,19.0039,26.2459,forecast,13.7597,10.9936,16.5053,87.3124,51.5341,122.1665,87.6739,79.0,95.9094
5,2024-09-01,24.9356,21.573,28.4417,forecast,12.562,9.5674,15.2345,28.1732,0.0,62.8538,60.5723,52.0858,68.6849
5,2024-10-01,19.4829,15.7532,22.8123,forecast,11.1931,8.5133,13.8205,129.0117,93.4012,164.4551,96.8387,88.471,104.725
5,2024-11-01,21.7734,18.4291,25.1734,forecast,11.7546,9.0041,14.5371,69.619,34.1993,107.0072,72.6606,64.0952,81.2582
5,2024-12-01,23.5537,19.9829,27.0627,forecast,12.2519,9.4408,14.965,116.6762,79.0538,152.9354,74.7363,66.8035,83.4299
6,2019-01-01,22.9231,19.5764,26.5045,historical,12.9836,10.2817,15.4494,49.2636,5.9073,97.0091,65.9684,55.7101,76.5811
6,2019-02-01,26.799,23.458,30.344,historical,17.0456,14.516,19.6119,67.0546,22.3168,112.4513,67.4168,57.5093,77.4935
6,2019-03-01,20.5941,17.3093,24.0443,historical,14.2959,11.78,16.7515,125.6966,76.8151,171.025,82.9334,72.381,93.114
6,2019-04-01,24.9709,21.5214,28.4414,historical,16.0819,13.5353,18.6242,66.0585,23.4817,112.6844,60.2143,50.2618,71.0566
6,2019-05-01,25.6257,22.1199,29.2447,historical,9.7037,7.1657,12.1785,55.3707,12.8064,98.399,83.534,73.539,94.1819
6,2019-06-01,24.3421,20.8344,27.6878,historical,13.854,11.4518,16.2242,100.3146,52.3801,143.68,67.6834,57.5664,77.7573
6,2019-07-01,23.2457,19.6343,26.4173,historical,13.1853,10.6026,15.7916,82.5665,37.3747,124.7445,77.1429,66.6812,87.8495
6,2019-08-01,26.6442,23.2786,30.221,historical,15.5031,12.9331,18.1946,33.6034,0.0,79.4062,73.4515,62.6977,83.7798
6,2019-09-01,23.9167,20.6008,27.3611,historical,14.4704,12.0306,16.9793,54.2477,7.1881,99.0723,71.2533,60.1647,81.1436
6,2019-10-01,24.117,20.6207,27.6264,historical,15.3058,12.7384,17.9842,35.5916,0.0,82.4763,67.3347,56.7867,77.1141
6,2019-11-01,24.7889,21.225,28.2042,historical,12.5161,9.9557,15.1907,93.9935,43.1113,140.42,67.0937,56.494,76.4701
6,2019-12-01,24.9953,21.7939,28.3951,historical,11.4091,8.6942,13.8243,110.2437,61.9643,157.7182,66.474,55.7637,76.4708
6,2020-01-01,21.1269,17.6913,24.6991,historical,11.4903,8.8945,14.0454,56.1259,10.3266,100.4021,69.361,58.8249,79.6239
6,2020-02-01,28.4048,24.9023,31.6048,historical,18.4137,15.892,21.0372,47.3977,0.6716,94.6397,72.4675,62.1452,82.8421
6,2020-03-01,23.9128,20.4429,27.3848,historical,12.408,9.785,14.868,67.5612,21.3834,115.0751,79.4485,68.6911,89.8097
6,2020-04-01,24.0259,20.6972,27.4188,historical,12.1594,9.5646,14.6132,77.5924,32.6423,121.7391,73.2415,62.6408,83.6836
6,2020-05-01,25.6732,22.2114,29.0869,historical,18.5528,15.9893,21.0024,81.7154,36.9876,128.2344,91.6702,80.9206,101.7967
6,2020-06-01,22.9143,19.504,26.395,historical,12.5323,10.071,14.976,72.3161,24.9397,115.4999,64.9585,54.7607,74.8942
6,2020-07-01,27.2717,23.8049,30.5105,historical,13.1433,10.5164,15.7163,77.631,32.9078,120.725,78.9238,68.0376,89.2217
6,2020-08-01,21.7991,18.2916,25.2608,historical,12.2515,9.7615,14.7339,86.9468,39.7679,135.8814,73.8485,64.1768,83.5099
6,2020-09-01,24.0217,20.4017,27.5669,historical,14.1237,11.7147,16.7552,23.0396,0.0,70.765,67.3918,57.6675,77.3003
6,2020-10-01,26.634,23.0134,30.2716,historical,11.4782,8.7851,13.935,71.084,27.2326,117.3728,66.0304,55.6582,76.5322
6,2020-11-01,25.4563,22.0507,29.1264,historical,15.8474,13.3836,18.5056,54.3653,5.6344,100.85,77.5412,68.267,87.5895
6,2020-12-01,20.7626,16.9904,24.0044,historical,13.0779,10.6635,15.7227,120.1451,74.2155,166.0155,78.1254,67.1715,88.2044
6,2021-01-01,26.2982,22.7347,29.676,historical,15.0926,12.2941,17.575,45.8509,0.0,93.5162,67.0279,56.2236,76.4274
6,2021-02-01,23.3807,20.0289,26.3907,historical,13.4094,10.885,15.8329,117.8808,71.9715,169.487,64.8827,54.9616,74.7943
6,2021-03-01,22.7421,19.4195,26.361,historical,12.7204,10.2599,15.3926,90.4534,46.6038,135.1039,83.2274,72.64,93.6705
6,2021-04-01,24.2552,20.7179,27.5334,historical,13.1918,10.7346,15.8955,77.7041,33.1365,123.5896,71.4658,60.7025,81.2885
6,2021-05-01,25.5812,21.917,28.9094,historical,15.2863,12.9156,17.8822,76.5099,29.6947,124.472,91.3989,81.0493,101.514
6,2021-06-01,23.3258,19.9689,27.0263,historical,12.6015,10.0022,15.1548,85.272,38.7471,132.4024,68.3068,57.7118,78.4297
6,2021-07-01,25.8389,22.429,29.3112,historical,12.8034,10.3917,15.4113,83.2931,33.0318,127.518,80.8228,70.8526,91.1868
6,2021-08-01,23.325,20.0399,26.6518,historical,12.9982,10.3232,15.5364,72.8077,27.2081,117.9852,76.3312,65.6864,86.3027
6,2021-09-01,23.9382,20.654,27.4529,historical,13.916,11.3285,16.4499,36.9964,0.0,80.4072,71.4671,60.9821,80.8865
6,2021-10-01,25.7208,22.0454,29.2939,historical,12.4581,9.8898,15.2204,62.8367,17.157,108.1146,69.4631,58.7604,80.5546
6,2021-11-01,25.1317,21.657,28.5636,historical,14.4471,11.8606,16.8889,71.173,24.6331,117.7038,77.1746,67.3824,87.4889
6,2021-12-01,22.1062,18.5028,25.5929,historical,12.1928,9.7009,14.4703,120.7581,75.8675,169.6625,77.3474,67.3508,87.9941
6,2022-01-01,24.4935,20.8031,27.8261,historical,13.5252,11.0971,16.0706,53.2369,4.397,101.4565,71.0082,60.6768,81.4186
6,2022-02-01,24.9696,21.5812,28.5866,historical,14.7183,12.1935,17.1268,97.9539,53.3161,145.9783,70.8476,60.9681,81.1106
6,2022-03-01,21.5557,18.0719,24.8948,historical,13.0274,10.3089,15.3991,113.5368,67.2944,159.0213,88.0099,77.6904,98.011
6,2022-04-01,24.49,21.007,27.8374,historical,14.177,11.5843,16.8297,77.5584,31.3855,125.2545,70.9153,60.4185,81.1455
6,2022-05-01,25.4848,21.9982,28.8948,historical,12.013,9.4971,14.3531,71.4251,25.3173,118.2634,92.6456,82.3934,102.9453
6,2022-06-01,23.721,20.2582,27.0112,historical,12.7194,10.4388,15.3001,98.3071,55.0189,142.6468,73.3467,62.9296,83.695
6,2022-07-01,24.4155,20.7436,27.7943,historical,12.495,9.9112,15.0957,88.6373,42.226,133.6683,84.5265,74.7371,94.1609
6,2022-08-01,24.8594,21.2908,28.1604,historical,13.7601,11.0792,16.3559,58.72,9.6789,105.5866,80.533,70.9147,90.7155
6,2022-09-01,23.8221,20.3781,27.1697,historical,13.7095,11.1811,16.4155,51.0998,6.6217,95.4868,77.1237,66.1581,86.9539
6,2022-10-01,24.8003,21.5389,28.4964,historical,13.4122,10.8084,16.0073,54.703,5.9339,99.0555,74.3003,63.9049,84.02
6,2022-11-01,24.828,21.3047,28.0495,historical,13.0141,10.4976,15.5314,88.0859,41.0349,134.2516,78.1271,67.6766,88.3147
6,2022-12-01,23.4363,19.9854,27.1171,historical,11.3141,8.7297,13.8098,121.1569,74.1158,167.9897,77.9315,67.5273,88.2625
6,2023-01-01,22.6882,19.3799,26.2033,forecast,12.0024,9.5992,14.472,60.3601,13.4406,107.1663,76.2898,66.8065,86.8797
6,2023-02-01,26.5635,22.9396,29.907,forecast,16.0656,13.4381,18.6152,78.1512,32.7017,120.9331,77.9116,67.9316,88.1509
6,2023-03-01,20.3582,16.5343,23.6357,forecast,13.3171,10.6172,15.7115,136.7931,89.6215,182.3997,93.5848,83.126,103.477
6,2023-04-01,24.7345,21.4167,28.2796,forecast,15.1044,12.7302,17.708,77.155,31.6069,122.5456,71.0391,61.0981,81.9486
6,2023-05-01,25.3888,21.8406,28.9894,forecast,8.7275,6.0748,11.1659,66.4672,23.569,112.4941,94.5266,84.2893,104.2532
6,2023-06-01,24.1046,20.445,27.7227,forecast,12.8791,10.3763,15.4102,111.4111,64.6707,158.6006,78.8494,68.9732,89.084
6,2023-07-01,23.0077,19.6889,26.4127,forecast,12.2116,9.6641,14.7725,93.6631,47.4561,137.9101,88.4766,78.1258,98.6994
6,2023-08-01,26.4057,23.1364,29.8971,forecast,14.5307,11.9058,17.089,44.7,0.0,90.9059,84.9585,74.7196,95.0086
6,2023-09-01,23.6776,20.2984,27.1751,forecast,13.4993,10.9031,15.9841,65.3443,18.9484,108.7631,82.9333,73.4857,93.488
6,2023-10-01,23.8774,20.493,27.4772,forecast,14.336,11.8107,16.8844,46.6881,4.1661,94.4213,79.1819,68.7698,89.8061
6,2023-11-01,24.5488,21.0414,27.86,forecast,11.5476,8.9934,14.0242,105.0901,59.9507,151.2731,79.1139,68.5293,88.8421
6,2023-12-01,24.7547,21.2286,28.1605,forecast,10.4418,8.0101,13.1285,121.3403,76.7588,164.8572,78.6614,68.3514,89.2274
6,2024-01-01,20.8857,17.6132,24.4367,forecast,10.5243,7.9356,12.9073,67.2224,18.1218,114.7161,81.7213,70.9449,91.1131
6,2024-02-01,28.1631,24.8433,31.6579,forecast,17.449,14.875,19.9322,58.4942,9.7558,106.9987,85.0006,75.1723,95.4086
6,2024-03-01,23.6706,20.3194,27.2489,forecast,11.4444,8.8715,14.1542,78.6578,30.3351,122.7051,92.1433,81.67,101.9439
6,2024-04-01,23.7831,20.453,27.3618,forecast,11.1971,8.6938,13.6079,88.6889,44.3275,135.7638,86.1092,75.9142,97.257
6,2024-05-01,25.43,21.9688,29.1454,forecast,17.5918,15.1129,20.2615,92.8119,46.1611,140.458,104.7052,93.2303,114.4731
6,2024-06-01,22.6705,19.0814,26.3711,forecast,11.5725,9.0576,14.0095,83.4127,38.4379,128.9015,78.1663,67.2195,88.4666
6,2024-07-01,27.0274,23.6944,30.1798,forecast,12.1849,9.5757,14.587,88.7276,41.5637,136.6698,92.2989,82.1657,101.7954
6,2024-08-01,21.5542,18.145,25.0084,forecast,11.2941,8.5604,13.8629,98.0434,54.7238,143.0782,87.3964,76.7757,97.5317
6,2024-09-01,23.7764,20.3401,27.1845,forecast,13.1673,10.6749,15.7431,34.1362,0.0,78.33,81.1126,70.9598,91.7012
6,2024-10-01,26.3881,22.9037,29.9419,forecast,10.5228,7.8103,13.0186,82.1806,41.1299,129.3571,79.9185,69.4046,90.0848
6,2024-11-01,25.2098,21.8679,28.7681,forecast,14.8929,12.3575,17.4386,65.4619,23.1789,110.9994,91.6021,81.4624,101.5436
6,2024-12-01,20.5157,17.0295,23.8986,forecast,12.124,9.7074,14.7846,131.2416,81.894,176.7468,92.3535,82.3314,103.258
7,2019-01-01,23.9059,20.6559,26.9759,historical,13.1533,10.9406,15.3694,83.8195,43.4257,122.8122,70.2207,63.2472,77.607
7,2019-02-01,24.6458,21.7185,27.5766,historical,14.2551,12.0432,16.4862,72.5963,31.1413,113.1083,56.8812,49.3055,64.3148
7,2019-03-01,20.4409,17.4235,23.4934,historical,13.9855,11.7533,16.3841,82.2253,42.5015,124.0745,65.1955,57.6895,72.7341
7,2019-04-01,21.0687,18.252,23.9597,historical,13.9666,11.5863,16.2315,83.7517,46.5647,125.1949,68.8628,61.7457,76.9774
7,2019-05-01,24.5643,21.6377,27.6016,historical,16.0612,13.899,18.3409,74.4977,32.8054,115.8683,74.7799,67.5295,82.0028
7,2019-06-01,25.0803,22.1652,28.2637,historical,12.0238,9.7921,14.1637,40.0421,0.0,79.2227,79.0251,72.2589,86.5129
7,2019-07-01,25.3969,22.3638,28.5433,historical,16.6038,14.3333,19.0074,59.4526,22.4393,101.8401,60.0809,52.4134,67.0171
7,2019-08-01,26.2743,23.3853,29.4752,historical,12.04,9.7791,14.3226,41.9036,4.0532,82.4764,65.8743,59.058,73.2797
7,2019-09-01,22.4412,19.4994,25.6797,historical,13.8352,11.5076,16.06,70.7437,29.3041,109.8081,66.8938,59.7149,74.7098
7,2019-10-01,13.8182,10.7001,16.7668,historical,13.452,11.1793,15.7129,90.6705,53.8077,135.4967,72.7849,65.6691,80.4243
7,2019-11-01,27.8062,25.0889,30.9471,historical,12.9517,10.7579,15.1316,125.0932,82.8618,163.5096,78.4592,71.3912,86.4687
7,2019-12-01,23.9655,21.1875,26.8206,historical,14.5049,12.2235,16.7768,44.9695,3.7121,81.3781,72.9174,66.137,80.1395
7,2020-01-01,23.6989,20.5592,26.8597,historical,12.3548,10.1014,14.5359,59.8353,16.599,103.1036,66.4062,59.1686,73.2981
7,2020-02-01,26.4403,23.5584,29.532,historical,14.0669,11.8493,16.365,69.3601,27.6525,109.3885,56.0305,48.6071,64.372
7,2020-03-01,22.1928,19.2309,25.2136,historical,14.5905,12.3302,16.9139,42.6877,2.8184,82.3595,75.6956,68.4457,83.5874
7,2020-04-01,22.3115,19.3983,25.2931,historical,9.6283,7.3976,11.8051,65.4524,24.9611,104.16,59.3775,51.9987,66.8543
7,2020-05-01,28.6564,25.5277,31.6689,historical,14.7461,12.5656,17.0703,64.5544,21.4363,106.4147,76.3374,68.5052,83.8436
7,2020-06-01,24.4184,21.4852,27.4137,historical,19.2918,17.0396,21.6273,51.3048,7.9131,91.2601,69.2309,61.4602,76.7476
7,2020-07-01,22.9574,19.9421,25.7655,historical,13.6635,11.3371,15.882,94.1383,56.2886,134.9612,66.0578,58.0229,73.3796
7,2020-08-01,21.2595,18.3337,24.6351,historical,12.4503,10.3851,14.6151,13.5805,0.0,55.0516,59.6696,52.4395,67.0094
7,2020-09-01,20.4288,17.4132,23.5006,historical,12.516,10.2973,14.8171,83.7912,40.7931,120.757,72.8954,65.6567,80.8162
7,2020-10-01,24.7724,21.7715,27.8631,historical,14.4267,12.0158,16.4697,77.0819,39.2678,118.6946,81.2096,74.1874,88.4804
7,2020-11-01,22.2939,19.559,25.4487,historical,12.3609,10.1356,14.7754,47.2786,7.466,90.1235,77.1941,70.1601,84.8287
7,2020-12-01,25.8401,23.0133,28.9259,historical,13.1482,10.7855,15.3323,80.8749,42.5929,121.8628,51.663,44.3069,58.6679
7,2021-01-01,23.9426,20.5695,26.8691,historical,15.0403,12.7815,17.2852,116.058,76.0557,156.1661,76.8647,68.8324,84.0966
7,2021-02-01,20.5694,17.6587,23.5524,historical,14.9887,12.8519,17.2883,64.4291,23.5925,102.544,58.3909,49.9698,65.7405
7,2021-03-01,21.4878,18.3673,24.5381,historical,14.4706,12.2223,16.7087,50.378,8.0642,90.2423,73.8964,65.9823,81.0981
7,2021-04-01,21.7561,18.62,24.7497,historical,11.1779,9.2077,13.5556,66.3474,27.1885,108.371,64.7291,56.8912,72.2924
7,2021-05-01,27.1163,24.1761,30.1369,historical,15.344,12.9765,17.6075,62.7702,20.2697,106.1823,78.5512,71.7252,86.0212
7,2021-06-01,24.437,21.6585,27.4396,historical,16.9804,14.6442,19.1884,42.4182,2.1719,85.3553,75.7622,67.8996,83.5
7,2021-07-01,23.5868,20.6478,26.9221,historical,14.7221,12.3541,16.9576,77.0435,35.6863,119.3811,67.82,60.3675,75.2275
7,2021-08-01,22.7902,19.7264,25.848,historical,12.4181,10.1005,14.8199,17.4315,0.0,57.3024,65.0836,58.2985,72.4579
7,2021-09-01,21.0141,17.9981,24.0226,historical,13.065,10.7394,15.2612,73.9722,34.5411,115.9981,73.8609,66.4505,81.0901
7,2021-10-01,20.9526,18.0835,23.8068,historical,14.2134,11.9341,16.5442,75.9254,34.7579,118.4792,80.8539,73.7055,87.5856
7,2021-11-01,23.9309,20.9853,27.0926,historical,12.6621,10.5954,14.7611,68.1408,29.3266,109.0471,79.2587,71.4178,86.3852
7,2021-12-01,25.0571,22.0616,28.0951,historical,13.7264,11.3944,15.9801,64.1532,21.6349,107.0109,59.8637,52.4748,67.0115
7,2022-01-01,23.669,20.8764,26.7254,historical,14.2651,12.1695,16.6138,91.8257,46.3498,127.3256,73.8451,66.5225,81.5754
7,2022-02-01,22.37,19.3172,25.4137,historical,14.7788,12.7104,17.1517,60.2102,21.1847,99.7757,57.2376,50.4217,64.7247
7,2022-03-01,20.7446,17.4338,23.4887,historical,14.3775,12.1421,16.4828,58.191,19.8732,101.0114,68.5106,61.1605,76.3589
7,2022-04-01,21.1825,18.187,24.252,historical,12.7331,10.5665,14.9491,67.0789,24.4834,107.9954,65.1051,58.1009,72.7835
7,2022-05-01,25.5927,22.6217,28.6875,historical,15.891,13.5725,18.1848,60.7134,19.1629,103.5515,74.3732,67.2488,82.2211
7,2022-06-01,24.4986,21.5799,27.6165,historical,14.6654,12.2915,16.8953,33.289,0.0,72.8772,74.4689,67.2343,81.5699
7,2022-07-01,24.2415,21.0538,27.2371,historical,15.8109,13.5833,18.0561,60.1045,17.4372,99.7185,60.3973,52.5382,67.7822
7,2022-08-01,24.3035,21.2821,27.0688,historical,12.3899,10.1573,14.6787,21.5018,0.0,60.4623,61.7223,54.6492,69.2586
7,2022-09-01,21.526,18.3627,24.5598,historical,13.6134,11.2791,15.8809,64.2502,26.5701,103.1519,66.4318,58.6426,73.5682
7,2022-10-01,17.1409,14.2076,20.0346,historical,13.997,11.7577,16.4352,75.0864,31.9094,117.0256,72.619,64.8083,79.7953
7,2022-11-01,25.6096,22.697,28.6981,historical,12.9677,10.7671,15.0998,88.716,46.9931,128.8449,74.4222,67.1079,81.8835
7,2022-12-01,24.2731,21.1271,27.2719,historical,14.2873,12.016,16.5167,46.8075,7.7374,84.5288,61.8537,55.2422,69.2186
7,2023-01-01,23.4289,20.457,26.36,forecast,13.4782,11.3413,15.5121,67.7037,24.951,104.6158,65.4276,57.9339,73.0279
7,2023-02-01,24.1688,21.1737,26.9705,forecast,14.58,12.2588,16.8293,56.4805,14.0306,96.3403,51.6861,44.5522,59.4748
7,2023-03-01,19.9639,16.8922,22.9987,forecast,14.3105,12.0507,16.4373,66.1095,25.2587,108.069,59.6374,52.8563,67.1121
7,2023-04-01,20.5917,17.8527,23.6034,forecast,14.2916,11.8565,16.5693,67.6359,24.2962,109.1089,62.9027,55.3864,69.7879
7,2023-05-01,24.0873,21.1317,27.0258,forecast,16.3863,13.9924,18.6243,58.3819,18.9585,97.9103,68.4308,60.79,75.7072
7,2023-06-01,24.6033,21.7086,27.6756,forecast,12.349,10.1052,14.5285,23.9263,0.0,63.7334,72.274,64.8307,79.4144
7,2023-07-01,24.9199,21.9244,27.9815,forecast,16.9291,14.551,19.0708,43.3368,1.9083,83.2836,52.9408,45.9178,59.895
7,2023-08-01,25.7973,22.8604,28.8315,forecast,12.3654,10.132,14.6701,25.7878,0.0,66.5997,58.3323,50.7752,65.8327
7,2023-09-01,21.9642,18.8824,25.0612,forecast,14.1606,12.012,16.47,54.6279,12.5977,98.3183,58.9498,52.1508,66.8011
7,2023-10-01,13.3412,10.2257,16.3755,forecast,13.7775,11.6269,16.0588,74.5547,34.5823,115.9518,64.4519,57.1758,71.6112
7,2023-11-01,27.3292,24.1926,30.4088,forecast,13.2773,11.1396,15.393,108.9774,68.9645,149.1738,69.7243,62.4163,77.868
7,2023-12-01,23.4885,20.4914,26.7615,forecast,14.8305,12.8047,17.168,28.8537,0.0,68.9972,63.7934,56.2754,70.9144
7,2024-01-01,23.2219,20.4415,26.1573,forecast,12.6806,10.4105,14.806,43.7195,2.3445,83.7208,56.8803,49.4253,64.642
7,2024-02-01,25.9633,23.1347,29.1065,forecast,14.3927,12.0182,16.5864,53.2443,9.6028,94.2004,46.1026,38.1938,53.4888
7,2024-03-01,21.7158,18.8597,24.7662,forecast,14.9164,12.6808,17.1073,26.5719,0.0,67.64,65.3916,57.8741,73.4963
7,2024-04-01,21.8345,18.6844,24.6056,forecast,9.9543,7.5995,12.2404,49.3366,7.8668,87.9114,48.6715,41.4445,55.8644
7,2024-05-01,28.1794,25.2232,31.0691,forecast,15.0721,12.8573,17.2906,48.4386,10.0855,86.7542,65.2425,57.4058,72.9752
7,2024-06-01,23.9414,21.0447,26.8139,forecast,19.6179,17.2897,21.7878,35.189,0.0,76.0378,57.7308,49.6154,65.9342
7,2024-07-01,22.4803,19.2795,25.4899,forecast,13.9896,11.6629,16.2396,78.0225,38.8354,117.3105,54.1657,46.5965,62.1611
7,2024-08-01,20.7825,17.8946,23.7881,forecast,12.7765,10.4049,14.9163,0.0,0.0,37.1341,47.3703,38.7689,56.0426
7,2024-09-01,19.9518,16.9292,22.9083,forecast,12.8422,10.5347,14.9986,67.6754,26.3537,106.8828,60.1872,51.4961,68.2414
7,2024-10-01,24.2954,21.5324,27.3736,forecast,14.753,12.6325,17.0854,60.9661,20.5672,99.2172,68.1057,60.0435,77.082
7,2024-11-01,21.8169,18.6282,24.6288,forecast,12.6872,10.3984,14.8385,31.1628,0.0,72.9694,63.1882,54.6334,71.7027
7,2024-12-01,25.3631,22.3813,28.5589,forecast,13.4745,11.1707,15.7704,64.7591,23.6929,105.0269,36.7841,28.4388,45.627
8,2019-01-01,25.5458,21.299,29.9938,historical,13.9947,11.6398,16.6677,60.9223,29.653,89.8684,62.8539,52.1093,72.7259
8,2019-02-01,23.2066,18.7315,27.5124,historical,10.9533,8.354,13.4826,86.1548,55.4261,115.9429,66.9057,57.2822,77.0313
8,2019-03-01,26.3986,21.7354,31.0233,historical,11.6266,8.877,14.0068,53.2609,24.3101,84.3372,69.0655,59.101,78.9693
8,2019-04-01,24.0926,19.891,28.5173,historical,14.9391,12.4371,17.6932,50.5856,20.5457,80.1541,63.6668,53.2259,73.1152
8,2019-05-01,20.4353,15.9661,24.9838,historical,6.9244,4.2906,9.4513,104.399,74.7442,134.3696,72.7584,62.6137,82.4994
8,2019-06-01,19.7001,15.0456,23.9707,historical,11.2536,8.7753,13.8194,88.7135,59.9783,118.0882,69.6006,59.7793,79.847
8,2019-07-01,23.2496,18.2854,27.2972,historical,11.129,8.551,13.8312,2.5071,0.0,31.7969,63.6191,53.395,73.7462
8,2019-08-01,26.1046,21.4682,30.4928,historical,16.6837,14.1841,19.0399,76.9737,45.0919,106.6943,70.258,60.4607,80.4355
8,2019-09-01,25.687,21.0771,30.2842,historical,11.6224,8.8196,14.0616,76.6898,47.8243,106.6196,64.3143,54.2928,74.4967
8,2019-10-01,16.4185,11.8913,20.8287,historical,10.4353,7.7848,12.9402,129.9429,98.0887,158.9129,89.3232,79.5508,98.5079
8,2019-11-01,26.1165,21.6599,30.568,historical,12.3613,9.7409,14.8904,97.3946,66.6143,126.2444,72.8302,63.1888,83.2963
8,2019-12-01,23.6772,19.0322,28.5438,historical,10.0045,7.4632,12.4529,17.9175,0.0,48.0609,55.4867,45.8715,65.3479
8,2020-01-01,24.7097,20.2998,29.2354,historical,14.5498,12.051,17.0823,51.8528,23.2003,79.1704,61.3493,51.8934,71.5846
8,2020-02-01,22.1462,17.8129,26.7655,historical,13.0032,10.5299,15.3346,95.5325,64.9952,125.1505,73.7167,63.3279,83.3552
8,2020-03-01,22.7714,18.685,27.5982,historical,13.7866,11.1749,16.4771,51.8205,20.0196,80.1078,63.9183,53.4501,75.0752
8,2020-04-01,21.5496,17.3252,26.0839,historical,9.7912,7.2141,12.11,39.9,11.8737,70.064,71.124,61.9317,81.3208
8,2020-05-01,22.7773,17.9948,27.1175,historical,12.9942,10.5785,15.6385,74.5136,45.5998,106.1314,81.0865,71.3189,91.4876
8,2020-06-01,19.9579,15.5719,24.2982,historical,15.0071,12.5711,17.5743,62.7644,32.7282,93.7774,72.4933,62.5047,83.2788
8,2020-07-01,27.7301,23.2144,32.1521,historical,15.0207,12.5511,17.6237,110.2639,80.6195,138.5913,57.2813,47.4364,67.5661
8,2020-08-01,19.4378,14.9556,24.1159,historical,11.8673,9.1895,14.4866,117.1953,86.1224,146.2483,74.4256,64.0776,84.5399
8,2020-09-01,22.619,18.2057,26.9224,historical,9.8692,7.2038,12.3053,6.2911,0.0,33.9179,88.6333,78.3384,99.0907
8,2020-10-01,26.4548,21.6467,30.743,historical,15.1749,12.5317,17.6988,89.3616,59.3898,118.3789,60.0273,50.2065,70.6692
8,2020-11-01,18.0461,13.5633,22.7486,historical,11.6162,8.9599,14.3017,73.3307,44.0982,103.444,70.887,60.8946,80.7682
8,2020-12-01,24.2406,19.9564,28.8411,historical,14.2171,11.7717,16.7539,88.0412,55.1279,118.2023,77.6112,67.6611,87.8949
8,2021-01-01,26.6605,22.2994,30.8003,historical,17.4572,14.891,19.9113,88.1373,60.2355,121.0586,74.4402,64.7987,83.9486
8,2021-02-01,24.8825,20.443,29.8719,historical,11.3945,8.7784,14.0737,76.2743,46.1164,106.1503,61.7312,51.9351,71.9956
8,2021-03-01,23.788,19.2231,28.4192,historical,14.543,11.9357,17.2083,54.8613,22.437,82.8714,68.4199,58.1607,78.405
8,2021-04-01,22.2482,17.7938,26.8626,historical,13.0175,10.376,15.6948,45.9933,17.1837,75.5875,71.42,61.0953,81.15
8,2021-05-01,21.843,17.3475,26.4506,historical,12.4943,9.8108,15.062,87.2991,58.0074,116.244,80.9982,71.2233,90.1339
8,2021-06-01,19.7014,15.0274,23.8842,historical,15.2154,12.669,17.9281,74.7777,46.7621,105.4179,74.1654,64.4487,84.367
8,2021-07-01,26.0261,21.4267,30.9489,historical,15.1286,12.4787,17.8585,77.1571,46.6499,105.7235,62.099,51.5862,71.904
8,2021-08-01,21.4575,16.9037,25.6613,historical,14.8862,12.187,17.6751,105.5343,76.5147,135.8957,75.8237,65.5766,85.5127
8,2021-09-01,23.5249,19.0373,28.3259,historical,11.9185,9.2775,14.4429,31.7788,0.8708,62.1037,83.0906,73.3629,92.2197
8,2021-10-01,22.9164,18.4294,27.0428,historical,15.0313,12.42,17.6216,105.8136,75.2078,137.4062,72.414,62.7902,82.8844
8,2021-11-01,20.5239,16.0156,24.7649,historical,13.2761,10.8072,15.7116,84.6766,55.5463,114.3903,74.452,64.7024,85.3596
8,2021-12-01,23.9141,19.4575,28.5371,historical,14.2117,11.6196,16.7521,67.6476,35.5077,97.7327,73.0064,63.6426,82.8412
8,2022-01-01,25.848,21.6827,30.4244,historical,17.8386,15.0772,20.2818,78.3175,50.1327,108.7403,72.6136,62.2219,82.4171
8,2022-02-01,23.7704,19.3278,28.1547,historical,13.0152,10.3217,15.5359,85.0283,54.2434,112.82,68.3033,58.6212,79.3956
8,2022-03-01,24.8221,20.5853,29.1865,historical,14.6822,12.2731,17.3032,57.9904,29.2028,86.7655,72.8341,62.4239,83.1129
8,2022-04-01,22.9208,18.0967,27.4516,historical,15.3185,12.7282,17.9016,52.2056,21.2994,82.1833,71.6309,61.2587,82.0256
8,2022-05-01,20.8866,16.4223,25.8154,historical,10.7893,8.1315,13.4903,99.9133,70.0521,130.1838,80.9184,70.9758,91.0637
8,2022-06-01,19.4398,15.0922,23.6341,historical,14.0189,11.4007,16.6312,86.0756,58.4533,117.7232,75.8982,65.7617,85.9142
8,2022-07-01,24.3567,19.7282,28.8918,historical,13.6313,11.12,16.1424,43.8707,16.0139,73.8315,66.9097,56.5922,76.7905
8,2022-08-01,23.505,19.1458,27.8082,historical,16.0292,13.5848,18.4915,94.768,64.7404,125.0898,77.1311,67.2529,87.0012
8,2022-09-01,24.3722,20.0382,28.9924,historical,11.7767,9.273,14.3634,57.9017,27.7228,88.7396,77.6794,67.624,88.4678
8,2022-10-01,19.3942,14.917,23.7448,historical,12.4696,9.927,15.1035,121.9967,94.596,152.4106,84.8801,74.3596,95.2516
8,2022-11-01,23.0389,18.2648,27.539,historical,12.2798,9.4842,14.7908,95.348,65.5207,124.5862,77.7979,67.268,87.5876
8,2022-12-01,23.5504,18.721,27.9862,historical,11.3079,8.7083,13.7689,46.9104,17.2082,77.8196,68.3259,58.6934,78.688
8,2023-01-01,25.0213,20.3819,29.4013,forecast,15.1071,12.6552,17.5258,68.8634,38.5827,98.5823,70.9455,61.2214,81.0038
8,2023-02-01,22.6818,18.1973,27.1475,forecast,11.789,9.2629,14.3969,94.0959,65.7021,122.756,74.9973,65.1053,85.0597
8,2023-03-01,25.8735,20.9326,30.2882,forecast,12.2123,9.9066,15.0169,61.202,30.8325,91.3836,77.1572,67.3687,86.2657
8,2023-04-01,23.5671,19.5493,27.8648,forecast,15.248,12.5556,17.9468,58.5267,28.4599,89.1387,71.7585,62.1884,81.9173
8,2023-05-01,19.9096,15.174,24.1859,forecast,6.9656,4.5236,9.4348,112.3401,80.6691,141.7112,80.8501,70.8384,91.262
8,2023-06-01,19.1741,14.7104,23.6644,forecast,11.0181,8.6867,13.6294,96.6546,68.1473,126.9931,77.6923,67.9176,87.4763
8,2023-07-01,22.7233,17.9594,27.0995,forecast,10.6257,7.9559,13.0918,10.4482,0.0,40.855,71.7108,61.8603,81.3903
8,2023-08-01,25.578,21.3808,29.67,forecast,15.9037,13.3581,18.351,84.9148,55.7,114.2381,78.3496,68.3713,87.6877
8,2023-09-01,25.1601,20.9376,29.7877,forecast,10.5656,7.9983,13.1577,84.6309,55.2077,113.8774,72.4059,62.4167,82.4837
8,2023-10-01,15.8912,11.7483,20.3828,forecast,9.1108,6.477,11.7278,137.884,109.1577,167.5491,97.4149,87.1676,106.9723
8,2023-11-01,25.5889,20.8895,29.942,forecast,10.7601,8.121,13.3415,105.3357,74.0448,135.957,80.9219,71.0893,91.0329
8,2023-12-01,23.1493,18.6191,27.8712,forecast,8.1355,5.5107,10.6418,25.8586,0.0,54.8633,63.5784,53.5631,73.0524
8,2024-01-01,24.1815,20.0695,28.4136,forecast,12.4041,9.6242,14.898,59.7939,30.8308,90.7018,69.441,60.254,80.1394
8,2024-02-01,21.6178,16.9002,26.0446,forecast,10.5809,7.8961,12.9613,103.4736,74.8981,134.9953,81.8084,72.0073,91.6047
8,2024-03-01,22.2427,17.6726,26.6458,forecast,11.1056,8.3133,13.6656,59.7616,31.2851,90.8117,72.01,62.3023,81.8866
8,2024-04-01,21.0205,16.2113,25.7137,forecast,6.8337,4.2463,9.5785,47.8411,18.5355,78.9699,79.2157,68.476,88.9276
8,2024-05-01,22.248,17.6566,26.5482,forecast,9.7693,7.2302,12.4699,82.4547,53.6019,111.3098,89.1782,79.1984,99.1278
8,2024-06-01,19.4282,15.0521,23.8229,forecast,11.5062,8.8799,14.2086,70.7055,42.4312,102.8533,80.585,70.6456,90.167
8,2024-07-01,27.2002,22.6127,31.5785,forecast,11.2526,8.6556,13.8279,118.205,87.6224,148.0222,65.373,54.6243,75.3897
8,2024-08-01,18.9077,14.5193,23.4455,forecast,7.8236,5.1156,10.6532,125.1364,93.5781,157.9235,82.5173,73.305,92.0214
8,2024-09-01,22.0889,17.6348,26.5976,forecast,5.5502,2.9696,8.1959,14.2322,0.0,45.4307,96.725,86.5033,107.1825
8,2024-10-01,25.9247,21.1641,30.6077,forecast,10.5894,7.698,13.4675,97.3027,65.5782,128.5896,68.119,58.6237,78.1119
8,2024-11-01,17.516,13.0262,22.017,forecast,6.7556,4.0179,9.4722,81.2718,52.2752,110.6309,78.9786,68.5774,89.2817
8,2024-12-01,23.7105,19.1938,28.3379,forecast,9.0903,6.2975,11.7846,95.9823,64.5933,125.8708,85.7029,75.2488,95.9926
9,2019-01-01,24.3401,21.4324,27.3738,historical,12.4962,9.6073,15.2905,55.4544,15.8083,95.6385,70.7133,61.5414,80.2366
9,2019-02-01,25.0613,21.9625,28.621,historical,13.3428,10.4,15.8874,100.9464,61.185,138.849,66.9756,57.0079,76.245
9,2019-03-01,21.9271,18.7825,25.2419,historical,10.5828,7.5086,13.2629,75.3595,36.8358,113.2613,66.6898,57.4825,76.7279
9,2019-04-01,23.6912,20.7298,26.8006,historical,14.3889,11.4114,17.2578,127.9273,89.0117,165.9842,75.4514,66.0301,85.3732
9,2019-05-01,25.3569,22.2563,28.551,historical,11.6272,8.8998,14.4399,26.9361,0.0,65.4608,65.4372,56.3674,75.2139
9,2019-06-01,27.8477,24.393,30.8642,historical,14.0605,11.4342,16.9291,65.2504,30.6482,101.7588,75.7659,65.8336,84.9614
9,2019-07-01,24.7647,21.8174,27.7697,historical,16.121,13.239,18.8516,104.3204,61.7996,142.5011,65.3595,55.7255,74.9289
9,2019-08-01,24.4957,21.2638,27.5396,historical,9.9398,7.1317,12.7356,75.9955,36.2702,113.658,72.6634,63.9854,82.1397
9,2019-09-01,22.151,19.0751,25.0357,historical,15.2324,12.608,18.1236,49.8125,10.6145,86.9053,60.2578,50.0741,69.6351
9,2019-10-01,22.3899,19.1815,25.6536,historical,11.342,8.5061,14.2747,89.9232,52.1201,126.782,84.5375,75.0315,94.4044
9,2019-11-01,24.7802,21.6532,27.851,historical,15.0516,12.3995,18.0462,108.2973,71.2669,147.7274,61.0692,52.6379,70.7396
9,2019-12-01,23.944,20.6528,27.189,historical,16.4027,13.6677,19.1925,57.315,21.7976,94.8469,73.0835,63.247,82.8034
9,2020-01-01,24.5243,21.4508,27.6207,historical,13.5562,10.6592,16.5014,55.7189,17.7521,92.0565,73.3439,64.0827,82.9597
9,2020-02-01,25.0162,21.8576,28.4025,historical,13.7496,10.8438,16.748,91.5543,51.8058,128.8026,67.6761,58.0943,76.8691
9,2020-03-01,29.068,25.913,31.8148,historical,15.8501,13.1085,18.7342,62.7284,23.0112,99.8517,74.5442,65.0909,84.3014
9,2020-04-01,20.5915,17.5322,23.7673,historical,13.3959,10.6117,16.2987,52.3329,12.0017,92.6198,67.3692,57.7939,77.1236
9,2020-05-01,23.2224,20.0916,26.4383,historical,10.3803,7.525,13.2253,101.8965,63.5955,139.1916,77.748,67.7458,87.67
9,2020-06-01,22.9089,19.7707,25.8497,historical,15.4842,12.5402,18.5043,81.3037,39.8994,121.4893,66.1175,56.0802,75.6975
9,2020-07-01,29.0385,25.8261,32.1355,historical,13.5205,10.5824,16.5622,46.101,6.8329,85.3996,69.8464,61.0046,79.515
9,2020-08-01,22.17,18.9905,25.1406,historical,10.7238,7.615,13.4933,54.3284,16.5746,95.6891,68.228,58.231,77.6039
9,2020-09-01,26.4123,23.6169,29.7988,historical,16.607,13.5792,19.4098,51.6758,12.0624,86.791,71.6182,62.3139,80.7427
9,2020-10-01,21.4618,18.3028,24.8131,historical,14.4556,11.5057,17.3652,31.1212,0.0,70.4469,58.5626,49.1212,68.3229
9,2020-11-01,23.089,19.6809,26.2785,historical,15.7457,13.0062,18.5084,137.6472,98.7081,175.7034,93.4202,84.0462,103.1882
9,2020-12-01,21.896,18.6356,25.0549,historical,13.7849,10.8788,16.4505,91.8441,49.4572,130.2838,63.1429,53.1173,72.3743
9,2021-01-01,22.7559,19.8095,25.7197,historical,11.6756,8.8225,14.8142,13.2052,0.0,49.1571,66.4667,57.4832,75.9208
9,2021-02-01,23.8678,20.798,27.0638,historical,13.7737,10.8719,16.5347,77.4722,38.0094,115.5462,66.4402,57.0625,75.5504
9,2021-03-01,26.2836,22.8009,29.2704,historical,14.5363,11.4759,17.5058,54.5564,14.7147,91.0006,72.2667,63.5996,82.0105
9,2021-04-01,21.1864,18.0092,24.1866,historical,14.1448,11.2256,16.9239,66.2156,26.2388,104.6564,70.4287,60.9725,79.6898
9,2021-05-01,23.535,20.3931,26.6912,historical,11.2415,8.3526,13.7329,65.9635,28.2448,102.6667,73.9842,64.0188,84.0349
9,2021-06-01,24.1992,21.0847,27.2818,historical,15.3365,12.5229,18.279,64.631,27.5526,104.6419,69.6567,59.7109,79.4146
9,2021-07-01,27.2533,24.2439,30.4164,historical,14.6118,11.6792,17.5395,54.9366,16.1774,91.3727,68.7286,59.443,78.192
9,2021-08-01,22.5674,19.446,25.6649,historical,10.5876,7.5211,13.4292,51.9124,12.3892,88.5884,70.0935,60.7049,79.6136
9,2021-09-01,24.6071,21.2279,27.5847,historical,16.1518,13.1675,19.1411,41.7289,5.255,79.5126,68.1473,58.5384,77.071
9,2021-10-01,21.3523,18.0828,24.7869,historical,13.2794,10.2231,16.1985,42.1727,4.5356,80.8879,67.6981,58.1171,77.3557
9,2021-11-01,23.2515,20.2091,26.532,historical,15.2379,12.4196,18.1072,119.6729,80.9394,156.0305,83.0903,73.8023,92.783
9,2021-12-01,22.1954,19.0992,25.6237,historical,14.2872,11.4959,16.9902,71.5562,33.7274,109.9286,66.7001,57.4218,75.9589
9,2022-01-01,22.9794,20.0784,26.2743,historical,11.8476,8.8035,14.767,18.7341,0.0,57.6169,69.1705,59.8367,78.0561
9,2022-02-01,23.9076,20.6705,27.0401,historical,13.213,10.4784,16.3109,74.043,33.6475,109.7332,67.6914,58.0811,77.2091
9,2022-03-01,23.517,20.5558,26.5809,historical,12.0863,9.2459,15.2163,49.9786,14.056,86.7256,70.7658,61.4772,79.7284
9,2022-04-01,21.8343,18.6965,25.1144,historical,13.6666,10.8464,16.5708,82.6299,46.3009,122.0735,74.6173,64.8338,83.7647
9,2022-05-01,23.8615,20.7331,26.8528,historical,10.7363,7.9368,13.7458,32.1766,0.0,71.6832,71.7373,61.8738,81.4239
9,2022-06-01,25.4605,22.1827,28.7547,historical,13.9409,11.1229,16.9842,50.4856,11.1534,87.0945,75.1059,65.2304,84.3624
9,2022-07-01,25.4427,22.451,28.583,historical,14.5579,11.5809,17.3495,65.5598,28.8049,105.7489,69.8275,60.1023,80.0947
9,2022-08-01,22.9571,19.6188,25.8946,historical,9.405,6.6283,12.2479,50.3491,12.3368,87.6617,74.5388,64.9114,84.4349
9,2022-09-01,22.8006,19.7937,26.132,historical,14.7721,11.9377,17.6937,32.3221,0.0,71.4006,67.6977,58.1058,77.0117
9,2022-10-01,21.2762,18.1446,24.5215,historical,11.3199,8.5405,14.2217,52.994,16.1211,91.5254,80.0554,71.2179,90.0375
9,2022-11-01,23.43,20.3477,26.5971,historical,14.0853,11.1132,16.8669,101.2687,65.2473,137.9966,76.3717,66.8817,86.3174
9,2022-12-01,22.4929,19.2367,25.4586,historical,14.239,11.3745,17.2035,51.5875,12.2687,89.0015,74.4409,65.6932,84.2608
9,2023-01-01,23.1836,20.0153,26.2295,forecast,11.5535,8.6835,14.4127,24.624,0.0,60.2574,76.2612,67.0248,85.6721
9,2023-02-01,23.9049,20.3688,27.2301,forecast,12.2834,9.3173,15.0465,70.6235,30.1153,111.3644,72.9014,63.6498,82.365
9,2023-03-01,20.7707,17.6774,23.6106,forecast,9.4182,6.3465,12.4163,45.4949,7.6379,85.3247,72.9568,63.3506,82.2479
9,2023-04-01,22.5347,19.3349,25.672,forecast,13.1076,10.0708,15.9579,98.5701,58.2842,137.3127,82.0964,72.5094,91.5647
9,2023-05-01,24.2005,20.7925,27.2707,forecast,10.2331,7.4288,13.0862,0.0,0.0,34.8269,72.4479,62.6169,81.7763
9,2023-06-01,26.6912,23.5131,29.831,forecast,12.5498,9.7594,15.3362,36.8917,0.0,74.0726,83.1545,73.2315,92.7403
9,2023-07-01,23.6082,20.5102,26.9276,forecast,14.4975,11.4618,17.3944,76.4528,39.2039,114.3845,73.1138,64.0088,82.4675
9,2023-08-01,23.3393,20.1442,26.5587,forecast,8.1996,5.1143,10.9556,48.6354,10.4229,86.0284,80.7956,70.5148,90.7033
9,2023-09-01,20.9945,17.9658,24.0071,forecast,13.3756,10.5005,16.1742,22.9599,0.0,61.8509,68.7678,58.9304,77.8001
9,2023-10-01,21.2335,18.0121,24.346,forecast,9.3723,6.4261,12.0645,63.5616,27.0141,101.8144,93.4132,83.3299,102.9861
9,2023-11-01,23.6237,20.5419,26.9935,forecast,12.9653,10.0565,15.6323,82.4432,42.7268,118.4463,70.3228,60.9442,80.7023
9,2023-12-01,22.7876,19.5439,25.8049,forecast,14.2036,11.5776,17.1383,31.952,0.0,69.6765,82.7027,73.6706,92.614
9,2024-01-01,23.3678,20.5845,26.431,forecast,11.2405,8.6286,14.0263,30.8633,0.0,70.7635,83.3411,74.2423,92.8031
9,2024-02-01,23.8597,20.5267,27.0168,forecast,11.3173,8.2514,14.1587,67.206,26.5185,105.286,78.0511,68.9241,87.7114
9,2024-03-01,27.9115,24.8394,31.2201,forecast,13.3087,10.3562,16.1399,38.8547,0.0,75.6142,85.2728,75.3848,94.6933
9,2024-04-01,19.4351,16.2939,22.3868,forecast,10.7378,7.8791,13.651,28.9666,0.0,68.7702,78.4756,68.6155,88.2174
9,2024-05-01,22.066,18.7555,25.2648,forecast,7.6095,4.631,10.3784,79.0211,40.3228,117.6719,89.2202,80.5329,99.1102
9,2024-06-01,21.7524,18.7117,25.0084,forecast,12.5967,9.7539,15.4906,58.9347,20.5446,95.5609,77.9675,68.6555,87.4503
9,2024-07-01,27.882,24.5274,31.0423,forecast,10.5202,7.6663,13.3194,24.222,0.0,64.6851,82.0622,72.4262,90.9715
9,2024-08-01,21.0136,17.7835,24.335,forecast,7.6069,4.621,10.4251,32.9556,0.0,71.6921,80.8216,71.1353,90.5251
9,2024-09-01,25.2558,22.1849,28.4573,forecast,13.3735,10.525,16.2753,30.8036,0.0,69.9148,84.5897,75.3123,94.2344
9,2024-10-01,20.3053,17.1935,23.75,forecast,11.1092,8.1065,14.3268,10.7336,0.0,48.0146,71.8998,62.3645,81.7905
9,2024-11-01,21.9325,18.918,25.2135,forecast,12.2827,9.5692,15.1181,117.262,75.4788,154.234,107.1347,97.1817,116.9989
9,2024-12-01,20.7395,17.5289,23.9999,forecast,10.2092,7.0087,13.2364,71.461,33.0586,110.9414,77.2221,67.7589,87.0951
10,2019-01-01,25.2035,21.5191,28.7787,historical,15.0425,12.7872,17.4883,69.5411,26.4773,111.1347,72.4316,65.8676,78.396
10,2019-02-01,24.1848,20.673,27.7359,historical,12.9863,10.708,15.2422,50.0114,11.452,90.2862,60.917,54.6924,67.5842
10,2019-03-01,24.4959,20.9963,28.1031,historical,15.3171,12.9462,17.8224,87.3823,45.1039,123.7505,85.4483,79.7227,91.5657
10,2019-04-01,24.5685,21.328,28.2051,historical,17.519,15.3343,19.8344,60.6092,19.9204,102.5361,63.2986,57.0531,69.8738
10,2019-05-01,25.0009,21.3987,28.7243,historical,11.1118,8.6951,13.6251,56.0919,13.4336,97.5484,77.5224,71.3905,83.8627
10,2019-06-01,24.6626,21.3674,28.3262,historical,11.8084,9.434,14.1659,33.5775,0.0,77.0689,70.2395,64.21,76.4689
10,2019-07-01,23.4931,20.294,26.8974,historical,18.8357,16.4323,21.2789,66.718,24.3433,107.2105,77.9777,71.6054,84.0771
10,2019-08-01,26.6862,23.3703,30.2509,historical,13.6456,11.4679,16.1626,135.09,94.312,176.6631,72.4834,66.2116,78.4054
10,2019-09-01,26.188,22.8495,29.7647,historical,13.2186,10.8202,15.8924,88.0858,46.7929,130.6968,77.5972,71.2398,83.7556
10,2019-10-01,25.0706,21.3502,28.4757,historical,16.4157,14.0642,19.0146,59.2689,17.5714,99.055,76.3307,70.0359,82.3198
10,2019-11-01,22.5872,19.2445,25.8792,historical,12.1295,9.763,14.6315,82.4454,45.3385,123.1275,76.0666,69.8665,82.8044
10,2019-12-01,24.6179,21.228,28.3915,historical,12.9437,10.5452,15.2504,26.2302,0.0,65.5801,67.1991,61.2206,73.4435
10,2020-01-01,23.1365,19.8886,26.4183,historical,13.2366,10.7371,15.677,93.8853,55.0154,131.3016,72.8265,66.5654,79.098
10,2020-02-01,22.179,18.5245,25.5295,historical,9.5979,7.2959,12.1323,49.0453,7.9192,91.812,64.2425,58.2881,70.6304
10,2020-03-01,21.7383,17.9036,25.1296,historical,8.0807,5.5963,10.4441,42.2471,2.0487,83.0291,83.3927,76.6082,89.4706
10,2020-04-01,19.9579,16.7392,23.3675,historical,12.3074,9.9541,14.5391,62.8341,22.0794,102.9661,70.6966,64.2514,77.0602
10,2020-05-01,23.8044,20.2695,27.2855,historical,12.253,9.7396,14.6151,77.1086,34.3587,116.8628,77.9316,72.0051,84.5555
10,2020-06-01,21.9927,18.1615,25.6705,historical,14.2396,11.9048,16.6296,89.0822,47.3095,128.0147,75.0084,68.8222,81.275
10,2020-07-01,27.1846,23.6675,30.7049,historical,14.9217,12.4178,17.3043,113.6286,72.8919,152.909,75.9441,69.6839,82.4919
10,2020-08-01,26.7697,23.2273,30.3129,historical,14.541,12.2901,16.9707,88.0666,46.6448,129.6412,79.0316,72.9424,85.4935
10,2020-09-01,22.7035,19.0781,25.9463,historical,13.506,11.1638,15.795,48.1714,5.5412,88.7048,88.7809,82.7637,95.3531
10,2020-10-01,18.1894,14.7253,21.6255,historical,9.4511,7.0542,11.7907,107.859,69.9053,150.9792,74.1093,67.7013,79.9951
10,2020-11-01,24.0142,20.6256,27.3708,historical,12.9748,10.6349,15.3754,54.1487,12.2856,92.9886,68.9789,62.823,75.4099
10,2020-12-01,24.3268,20.7391,27.8798,historical,11.6609,9.3739,14.035,99.9295,57.7433,137.3313,72.6849,66.2365,78.398
10,2021-01-01,23.9823,20.4393,27.4277,historical,14.0858,11.4884,16.2872,52.2155,10.3196,92.7215,83.4074,77.279,89.4449
10,2021-02-01,23.0342,19.7901,26.5277,historical,15.5294,13.0118,17.9195,80.498,36.6415,121.4419,66.1287,60.3273,72.1266
10,2021-03-01,21.5548,18.1633,24.9818,historical,9.8199,7.52,12.2251,53.8829,13.4026,94.798,87.4114,81.3803,93.5187
10,2021-04-01,20.5547,16.8811,24.0611,historical,13.6134,11.2304,16.0813,56.5332,14.7558,98.5006,71.4675,65.0368,77.6421
10,2021-05-01,23.4121,19.8607,27.0155,historical,11.6073,9.2288,14.0269,62.0133,20.5161,103.2502,80.9373,74.5581,87.0061
10,2021-06-01,22.2355,18.8406,25.9743,historical,13.2808,10.8028,15.6148,59.5853,17.496,101.7505,76.5321,70.0578,82.7811
10,2021-07-01,25.4135,21.9892,28.7316,historical,16.2409,13.7129,18.4995,83.8275,47.103,124.708,79.7376,73.6155,85.764
10,2021-08-01,26.2879,22.5308,29.612,historical,14.4335,11.9972,16.8666,87.1128,43.625,126.917,79.9605,73.7784,86.4449
10,2021-09-01,23.4584,20.1828,26.9631,historical,13.6194,11.1401,16.0399,44.7523,4.2664,84.0673,88.0464,81.7635,94.3223
10,2021-10-01,20.1816,16.8323,23.7076,historical,12.0725,9.7248,14.4715,74.0126,33.4958,114.2536,77.7741,71.4735,83.691
10,2021-11-01,23.2998,19.9005,26.7492,historical,13.0763,10.8656,15.3237,45.0075,6.2523,87.2775,74.348,68.0811,80.434
10,2021-12-01,24.1998,20.8593,27.7568,historical,12.5117,10.1758,14.8482,55.6663,14.2585,96.7358,73.8885,68.077,79.9694
10,2022-01-01,23.5137,19.9126,27.1038,historical,14.2913,11.765,16.7014,45.3548,5.9277,87.692,82.7998,76.2212,88.7638
10,2022-02-01,22.5885,19.0795,26.1918,historical,14.0406,11.7102,16.389,48.4639,5.7055,90.095,68.3284,61.8924,74.3366
10,2022-03-01,22.0632,19.1087,25.6076,historical,12.4226,9.9244,14.8942,52.7212,11.1816,93.1052,89.678,83.4475,95.8151
10,2022-04-01,21.6811,18.1704,25.0954,historical,15.5409,12.9272,17.7963,39.5785,0.0,78.9143,68.8541,62.3735,75.3264
10,2022-05-01,23.4001,20.0686,26.7266,historical,11.4162,9.0793,13.7825,38.7879,0.0,80.2052,78.9824,72.7995,85.384
10,2022-06-01,22.7146,19.213,26.0609,historical,12.6595,10.2282,14.9956,24.8586,0.0,64.2697,71.3683,65.2862,78.0736
10,2022-07-01,23.7715,20.3187,27.3455,historical,17.7353,15.315,20.0233,51.9684,13.6247,94.4941,75.143,68.7849,81.7189
10,2022-08-01,25.8493,22.2177,29.4727,historical,14.3244,11.9697,16.755,86.5761,44.2283,124.6368,70.7488,64.4291,77.0672
10,2022-09-01,24.2548,20.4827,27.7652,historical,13.7687,11.3928,16.1129,40.9781,0.2504,81.7147,75.5336,69.2131,82.1024
10,2022-10-01,22.1543,18.8535,25.3776,historical,14.6936,12.4037,17.1091,39.8873,2.3785,80.3647,68.0326,62.2755,74.897
10,2022-11-01,22.5474,18.9834,25.9477,historical,13.149,10.8398,15.5774,35.647,0.0,77.7817,64.4738,58.1241,70.3759
10,2022-12-01,24.0636,20.4138,27.7231,historical,13.3475,10.9268,15.7994,11.4586,0.0,53.1388,58.1228,52.1889,64.5462
10,2023-01-01,23.0437,19.3689,26.526,forecast,14.4717,11.994,16.7892,38.7448,0.0,81.2426,63.5796,57.2645,70.1044
10,2023-02-01,22.1606,18.9352,25.7495,forecast,12.5821,10.2192,14.9285,16.6076,0.0,57.2134,50.2527,44.0973,56.8169
10,2023-03-01,22.5942,18.8784,25.8592,forecast,15.0633,12.647,17.369,51.6232,12.2756,91.8091,73.147,67.0442,79.4401
10,2023-04-01,22.8024,19.1848,26.1302,forecast,17.4317,15.1202,19.9485,22.2425,0.0,62.6511,49.185,42.9973,55.3532
10,2023-05-01,23.366,19.9657,26.8427,forecast,11.1858,8.8596,13.6381,15.2018,0.0,60.3662,61.655,55.5871,68.4571
10,2023-06-01,23.1634,19.5511,26.5295,forecast,12.049,9.61,14.3041,0.0,0.0,29.6063,52.5598,46.6681,58.5954
10,2023-07-01,22.1251,18.7757,25.5994,forecast,19.2375,16.5789,21.7388,20.6968,0.0,62.2126,58.5441,52.3007,64.6645
10,2023-08-01,25.4538,22.0446,28.9163,forecast,14.2141,11.743,16.6221,86.4612,45.975,125.7029,51.2375,44.646,56.8003
10,2023-09-01,25.0912,21.5048,28.2645,forecast,13.9539,11.7027,16.4764,36.8494,0.0,80.5578,54.539,48.3869,60.186
10,2023-10-01,24.1051,20.699,27.5257,forecast,17.3123,14.9405,19.6907,5.509,0.0,45.5499,51.5186,44.9233,57.3266
10,2023-11-01,21.7573,18.4076,25.3599,forecast,13.1928,10.8772,15.5345,26.078,0.0,66.9053,49.4421,42.9915,55.7723
10,2023-12-01,23.9192,20.4472,26.9681,forecast,14.1685,11.8308,16.6967,0.0,0.0,5.5874,38.8208,32.6624,45.2811
10,2024-01-01,22.5734,18.955,26.2257,forecast,14.6281,12.1937,16.915,32.3868,0.0,75.9012,42.6359,35.7549,48.9307
10,2024-02-01,21.7514,18.1925,25.7403,forecast,11.1561,8.9382,13.4816,0.0,0.0,26.2798,32.2396,25.2728,38.6651
10,2024-03-01,21.4374,17.9204,24.8657,forecast,9.7949,7.4187,12.3294,0.0,0.0,16.8658,49.6943,42.632,56.4611
10,2024-04-01,19.7924,16.3895,23.2857,forecast,14.1884,11.6946,16.7,0.0,0.0,38.9621,35.186,27.8123,41.6703
10,2024-05-01,23.77,20.2623,27.3485,forecast,14.2953,11.8655,16.6208,5.4351,0.0,44.0533,40.6671,33.3261,47.4318
10,2024-06-01,22.0936,18.5617,25.4835,forecast,16.4486,14.0554,18.7824,14.803,0.0,56.7755,36.016,28.2187,42.9593
10,2024-07-01,27.4164,23.931,30.8642,forecast,17.292,15.022,19.8348,36.8278,0.0,79.6184,35.2795,27.8693,42.7598
10,2024-08-01,27.1362,23.4216,30.8152,forecast,17.078,14.7189,19.4771,8.6606,0.0,47.4545,36.6392,28.5943,43.9213
10,2024-09-01,23.0704,19.7755,26.6559,forecast,16.0432,13.5185,18.5217,0.0,0.0,12.5401,44.6606,36.2145,52.4695
10,2024-10-01,18.5568,15.1305,21.9813,forecast,11.9884,9.5066,14.5287,28.4408,0.0,71.828,28.3168,20.007,36.5084
10,2024-11-01,24.3817,20.793,28.1313,forecast,15.5121,13.0761,17.8096,0.0,0.0,16.1695,21.4586,12.9818,29.8651
10,2024-12-01,24.6942,21.1693,28.3113,forecast,14.1982,11.5771,16.7726,20.5044,0.0,63.1323,23.4924,13.9733,32.0178
