"event_sk","event_code","description","start_date","end_date","annee_scolaire","start_time_sk","end_time_sk"
"0","UNK","UNKNOWN",NULL,NULL,NULL,NULL,NULL
"1","VAC190706","Vacances d'Été","2019-07-06","2019-08-31","2018-2019","4465","5809"
"2","VAC210211","Vacances d'Hiver","2021-02-11","2021-02-27","2020-2021","18529","18913"
"3","VAC220217","Vacances d'Hiver","2022-02-17","2022-03-05","2021-2022","27433","27817"
"4","VAC220421","Vacances de Printemps","2022-04-21","2022-05-07","2021-2022","28945","29329"
"5","VAC220706","Vacances d'Été","2022-07-06","2022-08-30","2021-2022","30769","32089"
"6","VAC220216","Vacances d'Hiver","2022-02-16","2022-03-05","2021-2022","27409","27817"
"7","VAC221024","Vacances de la Toussaint","2022-10-24","2022-11-05","2022-2023","33409","33697"
"8","VAC191017","Vacances de la Toussaint","2019-10-17","2019-11-02","2019-2020","6937","7321"
"9","VAC200213","Vacances de Carnaval","2020-02-13","2020-02-29","2019-2020","9793","10177"
"10","ABO200525","Abolition de l’esclavage","2020-05-25","2020-05-26","2019-2020","12241","12265"
"11","VAC201015","Vacances de la Toussaint","2020-10-15","2020-11-01","2020-2021","15673","16081"
"12","VAC210207","Vacances de Carnaval","2021-02-07","2021-02-20","2020-2021","18433","18745"
"13","VAC210704","Vacances d'Été","2021-07-04","2021-09-11","2020-2021","21961","23617"
"14","MI-220322","Mi-carême","2022-03-22","2022-03-22","2021-2022","28225","28225"
"15","PON220524","Pont de l'Ascension","2022-05-24","2022-05-25","2021-2022","29737","29761"
"16","ABO220525","Abolition de l’esclavage","2022-05-25","2022-05-25","2021-2022","29761","29761"
"17","VAC220705","Vacances d'Été","2022-07-05","2022-08-30","2021-2022","30745","32089"
"18","VAC220705","Vacances d'Été","2022-07-05","2022-08-29","2021-2022","30745","32065"
"19","ABO221007","Abolition de l’esclavage","2022-10-07","2022-10-07","2022-2023","33001","33001"
"20","VAC190221","Vacances de Carnaval","2019-02-21","2019-03-09","2018-2019","1225","1609"
"21","PON200520","Pont de l'Ascension","2020-05-20","2020-05-23","2019-2020","12121","12193"
"22","VAC210325","Vacances de Printemps","2021-03-25","2021-04-10","2020-2021","19537","19921"
"23","PON220525","Pont de l'Ascension","2022-05-25","2022-05-28","2021-2022","29761","29833"
"24","VAC191017","Vacances de la Toussaint","2019-10-17","2019-11-02","2019-2020","6937","7321"
"25","PON220523","Pont de l'Ascension","2022-05-23","2022-05-28","2021-2022","29713","29833"
"26","VAC221215","Vacances de Noël","2022-12-15","2023-01-01","2022-2023",NULL,NULL
"27","VAC190505","Vacances après 4ème période","2019-05-05","2019-05-18","2018-2019","2977","3289"
"28","VAC191010","Vacances après 1ère période","2019-10-10","2019-10-26","2019-2020","6769","7153"
"29","VAC191217","Vacances d'Été austral","2019-12-17","2020-01-25","2019-2020","8401","9337"
"30","VAC200702","Vacances d'Hiver austral","2020-07-02","2020-08-15","2019-2020","13153","14209"
"31","VAC200702","Vacances d'Hiver austral","2020-07-02","2020-08-12","2019-2020","13153","14137"
"32","VAC191212","Vacances de Noël","2019-12-12","2020-01-11","2019-2020","8281","9001"
"33","VAC200430","Vacances de Printemps","2020-04-30","2020-05-09","2019-2020","11641","11857"
"34","VAC200702","Vacances d'Été","2020-07-02","2020-08-22","2019-2020","13153","14377"
"35","VAC210705","Vacances d'Été","2021-07-05","2021-08-18","2020-2021","21985","23041"
"36","VAC220224","Vacances de Carnaval","2022-02-24","2022-03-12","2021-2022","27601","27985"
"37","VAC221006","Vacances de la Toussaint","2022-10-06","2022-10-22","2022-2023","32977","33361"
"38","GRA190702","Grandes Vacances","2019-07-02","2019-08-12","2018-2019","4369","5353"
"39","GRA190704","Grandes Vacances","2019-07-04","2019-08-07","2018-2019","4417","5233"
"40","VAC190912","Vacances de Septembre","2019-09-12","2019-09-21","2019-2020","6097","6313"
"41","VAC191024","Vacances de Novembre","2019-10-24","2019-11-10","2019-2020","7105","7513"
"42","VAC200514","Vacances de Mai","2020-05-14","2020-05-23","2019-2020","11977","12193"
"43","VAC201022","Vacances de Novembre","2020-10-22","2020-11-07","2020-2021","15841","16225"
"44","VAC210520","Vacances de Mai","2021-05-20","2021-05-29","2020-2021","20881","21097"
"45","GRA210624","Grandes Vacances","2021-06-24","2021-08-08","2020-2021","21721","22801"
"46","VAC220331","Vacances de Pâques","2022-03-31","2022-04-17","2021-2022","28441","28849"
"47","GRA220623","Grandes Vacances","2022-06-23","2022-08-07","2021-2022","30457","31537"
"48","VAC191212","Vacances d'Été","2019-12-12","2020-02-12","2019","8281","9769"
"49","VAC191212","Vacances d'Été","2019-12-12","2020-02-15","2019","8281","9841"
"50","VAC200604","Vacances 2ème période","2020-06-04","2020-06-19","2020","12481","12841"
"51","VAC201217","Vacances d'Été","2020-12-17","2021-02-10","2020","17185","18505"
"52","VAC210805","Vacances 3ème période","2021-08-05","2021-08-20","2021","22729","23089"
"53","VAC221215","Vacances d'Été","2022-12-15","2023-02-08","2022",NULL,NULL
"54","VAC190606","Vacances 2ème période","2019-06-06","2019-06-22","2019","3745","4129"
"55","VAC190808","Vacances 3ème période","2019-08-08","2019-08-24","2019","5257","5641"
"56","VAC211007","Vacances 4ème période","2021-10-07","2021-10-22","2021","24241","24601"
"57","VAC221215","Vacances d'Été","2022-12-15","2023-02-11","2022",NULL,NULL
"58","VAC221215","Vacances d'Été","2022-12-15","2023-02-08","2022",NULL,NULL
"59","VAC190214","Vacances d'Hiver","2019-02-14","2019-03-02","2018-2019","1057","1441"
"60","VAC190214","Vacances d'Hiver","2019-02-14","2019-03-02","2018-2019","1057","1441"
"61","VAC190411","Vacances de Printemps","2019-04-11","2019-04-27","2018-2019","2401","2785"
"62","VAC190704","Vacances d'Été","2019-07-04","2019-08-31","2018-2019","4417","5809"
"63","VAC190704","Vacances d'Été","2019-07-04","2019-08-31","2018-2019","4417","5809"
"64","VAC190704","Vacances d'Été","2019-07-04","2019-08-31","2018-2019","4417","5809"
"65","VAC190704","Vacances d'Été","2019-07-04","2019-08-28","2018-2019","4417","5737"
"66","VAC190704","Vacances d'Été","2019-07-04","2019-08-28","2018-2019","4417","5737"
"67","VAC190704","Vacances d'Été","2019-07-04","2019-08-28","2018-2019","4417","5737"
"68","VAC191017","Vacances de la Toussaint","2019-10-17","2019-11-02","2019-2020","6937","7321"
"69","VAC191017","Vacances de la Toussaint","2019-10-17","2019-11-02","2019-2020","6937","7321"
"70","VAC191219","Vacances de Noël","2019-12-19","2020-01-04","2019-2020","8449","8833"
"71","VAC191219","Vacances de Noël","2019-12-19","2020-01-04","2019-2020","8449","8833"
"72","VAC200220","Vacances d'Hiver","2020-02-20","2020-03-07","2019-2020","9961","10345"
"73","VAC200416","Vacances de Printemps","2020-04-16","2020-05-02","2019-2020","11305","11689"
"74","PON200518","Pont de l'Ascension","2020-05-18","2020-05-23","2019-2020","12073","12193"
"75","VAC200702","Vacances d'Été","2020-07-02","2020-08-30","2019-2020","13153","14569"
"76","VAC200702","Vacances d'Été","2020-07-02","2020-08-29","2019-2020","13153","14545"
"77","VAC200702","Vacances d'Été","2020-07-02","2020-08-29","2019-2020","13153","14545"
"78","VAC200702","Vacances d'Été","2020-07-02","2020-08-29","2019-2020","13153","14545"
"79","VAC201217","Vacances de Noël","2020-12-17","2021-01-02","2020-2021","17185","17569"
"80","VAC201217","Vacances de Noël","2020-12-17","2021-01-02","2020-2021","17185","17569"
"81","VAC210204","Vacances d'Hiver","2021-02-04","2021-02-20","2020-2021","18361","18745"
"82","VAC210204","Vacances d'Hiver","2021-02-04","2021-02-20","2020-2021","18361","18745"
"83","VAC210204","Vacances d'Hiver","2021-02-04","2021-02-20","2020-2021","18361","18745"
"84","VAC210204","Vacances d'Hiver","2021-02-04","2021-02-20","2020-2021","18361","18745"
"85","VAC210204","Vacances d'Hiver","2021-02-04","2021-02-20","2020-2021","18361","18745"
"86","VAC210204","Vacances d'Hiver","2021-02-04","2021-02-20","2020-2021","18361","18745"
"87","PON210511","Pont de l'Ascension","2021-05-11","2021-05-15","2020-2021","20665","20761"
"88","VAC210704","Vacances d'Été","2021-07-04","2021-08-31","2020-2021","21961","23353"
"89","VAC211021","Vacances de la Toussaint","2021-10-21","2021-11-06","2021-2022","24577","24961"
"90","VAC211021","Vacances de la Toussaint","2021-10-21","2021-11-06","2021-2022","24577","24961"
"91","VAC211021","Vacances de la Toussaint","2021-10-21","2021-11-06","2021-2022","24577","24961"
"92","VAC211216","Vacances de Noël","2021-12-16","2022-01-01","2021-2022","25921","26305"
"93","VAC220210","Vacances d'Hiver","2022-02-10","2022-02-26","2021-2022","27265","27649"
"94","VAC220210","Vacances d'Hiver","2022-02-10","2022-02-26","2021-2022","27265","27649"
"95","VAC220414","Vacances de Printemps","2022-04-14","2022-04-30","2021-2022","28777","29161"
"96","PON220524","Pont de l'Ascension","2022-05-24","2022-05-28","2021-2022","29737","29833"
"97","VAC220705","Vacances d'Été","2022-07-05","2022-08-30","2021-2022","30745","32089"
"98","VAC220705","Vacances d'Été","2022-07-05","2022-08-30","2021-2022","30745","32089"
"99","VAC220705","Vacances d'Été","2022-07-05","2022-08-29","2021-2022","30745","32065"
"100","VAC220705","Vacances d'Été","2022-07-05","2022-08-29","2021-2022","30745","32065"
"101","VAC221020","Vacances de la Toussaint","2022-10-20","2022-11-05","2022-2023","33313","33697"
"102","VAC221020","Vacances de la Toussaint","2022-10-20","2022-11-05","2022-2023","33313","33697"
"103","VAC221020","Vacances de la Toussaint","2022-10-20","2022-11-05","2022-2023","33313","33697"
"104","VAC221215","Vacances de Noël","2022-12-15","2023-01-01","2022-2023",NULL,NULL
"105","VAC221215","Vacances de Noël","2022-12-15","2023-01-01","2022-2023",NULL,NULL
"106","VAC190207","Vacances d'Hiver","2019-02-07","2019-02-23","2018-2019","889","1273"
"107","VAC190207","Vacances d'Hiver","2019-02-07","2019-02-23","2018-2019","889","1273"
"108","VAC190404","Vacances de Printemps","2019-04-04","2019-04-21","2018-2019","2233","2641"
"109","VAC190404","Vacances de Printemps","2019-04-04","2019-04-21","2018-2019","2233","2641"
"110","VAC190404","Vacances de Printemps","2019-04-04","2019-04-21","2018-2019","2233","2641"
"111","VAC190404","Vacances de Printemps","2019-04-04","2019-04-21","2018-2019","2233","2641"
"112","PON190527","Pont de l'Ascension","2019-05-27","2019-06-01","2018-2019","3505","3625"
"113","PON190527","Pont de l'Ascension","2019-05-27","2019-06-01","2018-2019","3505","3625"
"114","PON190527","Pont de l'Ascension","2019-05-27","2019-06-01","2018-2019","3505","3625"
"115","PON190527","Pont de l'Ascension","2019-05-27","2019-06-01","2018-2019","3505","3625"
"116","VAC190704","Vacances d'Été","2019-07-04","2019-08-31","2018-2019","4417","5809"
"117","VAC191017","Vacances de la Toussaint","2019-10-17","2019-11-02","2019-2020","6937","7321"
"118","VAC191017","Vacances de la Toussaint","2019-10-17","2019-11-02","2019-2020","6937","7321"
"119","VAC191017","Vacances de la Toussaint","2019-10-17","2019-11-02","2019-2020","6937","7321"
"120","VAC191017","Vacances de la Toussaint","2019-10-17","2019-11-02","2019-2020","6937","7321"
"121","VAC191219","Vacances de Noël","2019-12-19","2020-01-04","2019-2020","8449","8833"
"122","VAC191219","Vacances de Noël","2019-12-19","2020-01-04","2019-2020","8449","8833"
"123","VAC191219","Vacances de Noël","2019-12-19","2020-01-04","2019-2020","8449","8833"
"124","VAC191219","Vacances de Noël","2019-12-19","2020-01-04","2019-2020","8449","8833"
"125","VAC191219","Vacances de Noël","2019-12-19","2020-01-04","2019-2020","8449","8833"
"126","VAC200213","Vacances d'Hiver","2020-02-13","2020-02-29","2019-2020","9793","10177"
"127","VAC200213","Vacances d'Hiver","2020-02-13","2020-02-29","2019-2020","9793","10177"
"128","VAC200409","Vacances de Printemps","2020-04-09","2020-04-25","2019-2020","11137","11521"
"129","VAC200409","Vacances de Printemps","2020-04-09","2020-04-25","2019-2020","11137","11521"
"130","VAC200409","Vacances de Printemps","2020-04-09","2020-04-25","2019-2020","11137","11521"
"131","VAC200409","Vacances de Printemps","2020-04-09","2020-04-25","2019-2020","11137","11521"
"132","VAC200409","Vacances de Printemps","2020-04-09","2020-04-25","2019-2020","11137","11521"
"133","VAC200409","Vacances de Printemps","2020-04-09","2020-04-25","2019-2020","11137","11521"
"134","PON200518","Pont de l'Ascension","2020-05-18","2020-05-23","2019-2020","12073","12193"
"135","VAC200702","Vacances d'Été","2020-07-02","2020-08-30","2019-2020","13153","14569"
"136","VAC201015","Vacances de la Toussaint","2020-10-15","2020-10-31","2020-2021","15673","16057"
"137","VAC201015","Vacances de la Toussaint","2020-10-15","2020-10-31","2020-2021","15673","16057"
"138","VAC201015","Vacances de la Toussaint","2020-10-15","2020-10-31","2020-2021","15673","16057"
"139","VAC201217","Vacances de Noël","2020-12-17","2021-01-02","2020-2021","17185","17569"
"140","VAC201217","Vacances de Noël","2020-12-17","2021-01-02","2020-2021","17185","17569"
"141","VAC201217","Vacances de Noël","2020-12-17","2021-01-02","2020-2021","17185","17569"
"142","VAC210218","Vacances d'Hiver","2021-02-18","2021-03-06","2020-2021","18697","19081"
"143","VAC210408","Vacances de Printemps","2021-04-08","2021-04-24","2020-2021","19873","20257"
"144","VAC210408","Vacances de Printemps","2021-04-08","2021-04-24","2020-2021","19873","20257"
"145","PON210511","Pont de l'Ascension","2021-05-11","2021-05-15","2020-2021","20665","20761"
"146","VAC210704","Vacances d'Été","2021-07-04","2021-08-31","2020-2021","21961","23353"
"147","VAC210704","Vacances d'Été","2021-07-04","2021-08-31","2020-2021","21961","23353"
"148","VAC210704","Vacances d'Été","2021-07-04","2021-08-31","2020-2021","21961","23353"
"149","VAC210704","Vacances d'Été","2021-07-04","2021-08-30","2020-2021","21961","23329"
"150","VAC210704","Vacances d'Été","2021-07-04","2021-08-30","2020-2021","21961","23329"
"151","VAC211021","Vacances de la Toussaint","2021-10-21","2021-11-06","2021-2022","24577","24961"
"152","VAC211021","Vacances de la Toussaint","2021-10-21","2021-11-06","2021-2022","24577","24961"
"153","VAC220203","Vacances d'Hiver","2022-02-03","2022-02-19","2021-2022","27097","27481"
"154","VAC220407","Vacances de Printemps","2022-04-07","2022-04-23","2021-2022","28609","28993"
"155","VAC220407","Vacances de Printemps","2022-04-07","2022-04-23","2021-2022","28609","28993"
"156","PON220524","Pont de l'Ascension","2022-05-24","2022-05-28","2021-2022","29737","29833"
"157","PON220524","Pont de l'Ascension","2022-05-24","2022-05-28","2021-2022","29737","29833"
"158","PON220524","Pont de l'Ascension","2022-05-24","2022-05-28","2021-2022","29737","29833"
"159","PON220524","Pont de l'Ascension","2022-05-24","2022-05-28","2021-2022","29737","29833"
"160","VAC221020","Vacances de la Toussaint","2022-10-20","2022-11-05","2022-2023","33313","33697"
"161","VAC221020","Vacances de la Toussaint","2022-10-20","2022-11-05","2022-2023","33313","33697"
"162","VAC221215","Vacances de Noël","2022-12-15","2023-01-01","2022-2023",NULL,NULL
"163","VAC221215","Vacances de Noël","2022-12-15","2023-01-01","2022-2023",NULL,NULL
"164","VAC221215","Vacances de Noël","2022-12-15","2023-01-01","2022-2023",NULL,NULL
"165","VAC190223","Vacances d'Hiver","2019-02-23","2019-03-09","2018-2019","1273","1609"
"166","VAC201015","Vacances de la Toussaint","2020-10-15","2020-10-31","2020-2021","15673","16057"
"167","VAC201217","Vacances de Noël","2020-12-17","2021-01-02","2020-2021","17185","17569"
"168","VAC210706","Vacances d'Été","2021-07-06","2021-09-01","2020-2021","22009","23377"
"169","VAC211216","Vacances de Noël","2021-12-16","2022-01-01","2021-2022","25921","26305"
"170","VAC221215","Vacances de Noël","2022-12-15","2023-01-01","2022-2023",NULL,NULL
"171","VAC191218","Vacances de Noël","2019-12-18","2020-01-04","2019-2020","8425","8833"
"172","VAC200219","Vacances d'Hiver","2020-02-19","2020-03-07","2019-2020","9937","10345"
"173","VAC200415","Vacances de Printemps","2020-04-15","2020-05-02","2019-2020","11281","11689"
"174","VAC200701","Vacances d'Été","2020-07-01","2020-08-31","2019-2020","13129","14593"
"175","VAC210217","Vacances d'Hiver","2021-02-17","2021-03-06","2020-2021","18673","19081"
"176","VAC210421","Vacances de Printemps","2021-04-21","2021-05-08","2020-2021","20185","20593"
"177","VAC211215","Vacances de Noël","2021-12-15","2022-01-01","2021-2022","25897","26305"
"178","PON220524","Pont de l'Ascension","2022-05-24","2022-05-28","2021-2022","29737","29833"
"179","VAC221218","Vacances de Noël","2022-12-18","2023-01-02","2022-2023",NULL,NULL
"180","VAC191219","Vacances de Noël","2019-12-19","2020-01-04","2019-2020","8449","8833"
"181","MI-200317","Mi-carême","2020-03-17","2020-03-17","2019-2020","10585","10585"
"182","VAC200406","Vacances de Printemps","2020-04-06","2020-04-21","2019-2020","11065","11425"
"183","PON200520","Pont de l'Ascension","2020-05-20","2020-05-23","2019-2020","12121","12193"
"184","PON210524","Pont","2021-05-24","2021-05-29","2020-2021","20977","21097"
"185","VAC211216","Vacances de Noël","2021-12-16","2022-01-01","2021-2022","25921","26305"
"186","SEM220519","Semaine en mai","2022-05-19","2022-05-24","2021-2022","29617","29737"
"187","ABO220526","Abolition de l’esclavage","2022-05-26","2022-05-26","2021-2022","29785","29785"
"188","VAC190704","Vacances d'Été","2019-07-04","2019-08-31","2018-2019","4417","5809"
"189","VAC190704","Vacances d'Été","2019-07-04","2019-08-28","2018-2019","4417","5737"
"190","VAC200402","Vacances de Printemps","2020-04-02","2020-04-18","2019-2020","10969","11353"
"191","VAC200702","Vacances d'Été","2020-07-02","2020-08-30","2019-2020","13153","14569"
"192","VAC201022","Vacances de la Toussaint","2020-10-22","2020-11-07","2020-2021","15841","16225"
"193","VAC220217","Vacances de Carnaval","2022-02-17","2022-03-05","2021-2022","27433","27817"
"194","VAC220407","Vacances de Printemps","2022-04-07","2022-04-23","2021-2022","28609","28993"
"195","VAC190416","Vacances de Printemps","2019-04-16","2019-05-04","2018-2019","2521","2953"
"196","VAC200213","Vacances de Carnaval","2020-02-13","2020-02-29","2019-2020","9793","10177"
"197","VAC200702","Vacances d'Été","2020-07-02","2020-08-29","2019-2020","13153","14545"
"198","VAC220217","Vacances de Carnaval","2022-02-17","2022-03-05","2021-2022","27433","27817"
"199","VAC221020","Vacances de la Toussaint","2022-10-20","2022-11-05","2022-2023","33313","33697"
"200","VAC190307","Vacances après 3ème période","2019-03-07","2019-03-23","2018-2019","1561","1945"
"201","VAC200305","Vacances après 3ème période","2020-03-05","2020-03-21","2019-2020","10297","10681"
"202","VAC201008","Vacances après 1ère période","2020-10-08","2020-10-24","2020-2021","15505","15889"
"203","VAC210705","Vacances d'Hiver austral","2021-07-05","2021-08-11","2020-2021","21985","22873"
"204","VAC220512","Vacances après 4ème période","2022-05-12","2022-05-28","2021-2022","29449","29833"
"205","VAC221006","Vacances après 1ère période","2022-10-06","2022-10-22","2022-2023","32977","33361"
"206","VAC190221","Vacances de Carnaval","2019-02-21","2019-03-09","2018-2019","1225","1609"
"207","VAC190704","Vacances d'Été","2019-07-04","2019-08-19","2018-2019","4417","5521"
"208","PON200518","Pont","2020-05-18","2020-05-23","2019-2020","12073","12193"
"209","VAC201210","Vacances de Noël","2020-12-10","2021-01-09","2020-2021","17017","17737"
"210","VAC210225","Vacances de Carnaval","2021-02-25","2021-03-13","2020-2021","18865","19249"
"211","GRA190704","Grandes Vacances","2019-07-04","2019-08-11","2018-2019","4417","5329"
"212","GRA200702","Grandes Vacances","2020-07-02","2020-08-09","2019-2020","13153","14065"
"213","VAC200910","Vacances de Septembre","2020-09-10","2020-09-19","2020-2021","14833","15049"
"214","VAC210218","Vacances de Février","2021-02-18","2021-02-27","2020-2021","18697","18913"
"215","GRA210624","Grandes Vacances","2021-06-24","2021-08-07","2020-2021","21721","22777"
"216","GRA210629","Grandes Vacances","2021-06-29","2021-08-09","2020-2021","21841","22825"
"217","VAC211021","Vacances de Novembre","2021-10-21","2021-11-06","2021-2022","24577","24961"
"218","VAC211209","Vacances de Noël","2021-12-09","2022-01-08","2021-2022","25753","26473"
"219","VAC220217","Vacances de Février","2022-02-17","2022-02-26","2021-2022","27433","27649"
"220","GRA220628","Grandes Vacances","2022-06-28","2022-08-06","2021-2022","30577","31513"
"221","VAC220908","Vacances de Septembre","2022-09-08","2022-09-17","2022-2023","32305","32521"
"222","VAC190606","Vacances 2ème période","2019-06-06","2019-06-21","2019","3745","4105"
"223","VAC190808","Vacances 3ème période","2019-08-08","2019-08-23","2019","5257","5617"
"224","VAC211209","Vacances d'Été","2021-12-09","2022-02-09","2021","25753","27241"
"225","VAC221006","Vacances 4ème période","2022-10-06","2022-10-21","2022","32977","33337"
"226","VAC200326","Vacances 1ère période","2020-03-26","2020-04-11","2020","10801","11185"
"227","VAC200806","Vacances 3ème période","2020-08-06","2020-08-22","2020","13993","14377"
"228","VAC201008","Vacances 4ème période","2020-10-08","2020-10-24","2020","15505","15889"
"229","VAC190411","Vacances de Printemps","2019-04-11","2019-04-27","2018-2019","2401","2785"
"230","VAC190411","Vacances de Printemps","2019-04-11","2019-04-27","2018-2019","2401","2785"
"231","PON190527","Pont de l'Ascension","2019-05-27","2019-06-01","2018-2019","3505","3625"
"232","PON190527","Pont de l'Ascension","2019-05-27","2019-06-01","2018-2019","3505","3625"
"233","VAC190704","Vacances d'Été","2019-07-04","2019-08-31","2018-2019","4417","5809"
"234","VAC190704","Vacances d'Été","2019-07-04","2019-08-31","2018-2019","4417","5809"
"235","VAC190704","Vacances d'Été","2019-07-04","2019-08-28","2018-2019","4417","5737"
"236","VAC191017","Vacances de la Toussaint","2019-10-17","2019-11-02","2019-2020","6937","7321"
"237","VAC200220","Vacances d'Hiver","2020-02-20","2020-03-07","2019-2020","9961","10345"
"238","VAC200220","Vacances d'Hiver","2020-02-20","2020-03-07","2019-2020","9961","10345"
"239","VAC200220","Vacances d'Hiver","2020-02-20","2020-03-07","2019-2020","9961","10345"
"240","VAC200416","Vacances de Printemps","2020-04-16","2020-05-02","2019-2020","11305","11689"
"241","PON200518","Pont de l'Ascension","2020-05-18","2020-05-23","2019-2020","12073","12193"
"242","VAC200702","Vacances d'Été","2020-07-02","2020-08-30","2019-2020","13153","14569"
"243","VAC200702","Vacances d'Été","2020-07-02","2020-08-30","2019-2020","13153","14569"
"244","VAC201015","Vacances de la Toussaint","2020-10-15","2020-10-31","2020-2021","15673","16057"
"245","VAC201015","Vacances de la Toussaint","2020-10-15","2020-10-31","2020-2021","15673","16057"
"246","VAC201217","Vacances de Noël","2020-12-17","2021-01-02","2020-2021","17185","17569"
"247","VAC201217","Vacances de Noël","2020-12-17","2021-01-02","2020-2021","17185","17569"
"248","VAC201217","Vacances de Noël","2020-12-17","2021-01-02","2020-2021","17185","17569"
"249","VAC210204","Vacances d'Hiver","2021-02-04","2021-02-20","2020-2021","18361","18745"
"250","VAC210408","Vacances de Printemps","2021-04-08","2021-04-24","2020-2021","19873","20257"
"251","PON210511","Pont de l'Ascension","2021-05-11","2021-05-15","2020-2021","20665","20761"
"252","PON210511","Pont de l'Ascension","2021-05-11","2021-05-15","2020-2021","20665","20761"
"253","VAC210704","Vacances d'Été","2021-07-04","2021-08-31","2020-2021","21961","23353"
"254","VAC210704","Vacances d'Été","2021-07-04","2021-08-30","2020-2021","21961","23329"
"255","VAC210704","Vacances d'Été","2021-07-04","2021-08-30","2020-2021","21961","23329"
"256","VAC211216","Vacances de Noël","2021-12-16","2022-01-01","2021-2022","25921","26305"
"257","VAC211216","Vacances de Noël","2021-12-16","2022-01-01","2021-2022","25921","26305"
"258","VAC220210","Vacances d'Hiver","2022-02-10","2022-02-26","2021-2022","27265","27649"
"259","VAC220210","Vacances d'Hiver","2022-02-10","2022-02-26","2021-2022","27265","27649"
"260","VAC220414","Vacances de Printemps","2022-04-14","2022-04-30","2021-2022","28777","29161"
"261","VAC220414","Vacances de Printemps","2022-04-14","2022-04-30","2021-2022","28777","29161"
"262","VAC220414","Vacances de Printemps","2022-04-14","2022-04-30","2021-2022","28777","29161"
"263","PON220524","Pont de l'Ascension","2022-05-24","2022-05-28","2021-2022","29737","29833"
"264","PON220524","Pont de l'Ascension","2022-05-24","2022-05-28","2021-2022","29737","29833"
"265","PON220524","Pont de l'Ascension","2022-05-24","2022-05-28","2021-2022","29737","29833"
"266","VAC220705","Vacances d'Été","2022-07-05","2022-08-30","2021-2022","30745","32089"
"267","VAC220705","Vacances d'Été","2022-07-05","2022-08-29","2021-2022","30745","32065"
"268","VAC221020","Vacances de la Toussaint","2022-10-20","2022-11-05","2022-2023","33313","33697"
"269","VAC221020","Vacances de la Toussaint","2022-10-20","2022-11-05","2022-2023","33313","33697"
"270","VAC221215","Vacances de Noël","2022-12-15","2023-01-01","2022-2023",NULL,NULL
"271","VAC190207","Vacances d'Hiver","2019-02-07","2019-02-23","2018-2019","889","1273"
"272","VAC190207","Vacances d'Hiver","2019-02-07","2019-02-23","2018-2019","889","1273"
"273","VAC190207","Vacances d'Hiver","2019-02-07","2019-02-23","2018-2019","889","1273"
"274","VAC190404","Vacances de Printemps","2019-04-04","2019-04-21","2018-2019","2233","2641"
"275","VAC190404","Vacances de Printemps","2019-04-04","2019-04-21","2018-2019","2233","2641"
"276","VAC190404","Vacances de Printemps","2019-04-04","2019-04-21","2018-2019","2233","2641"
"277","PON190527","Pont de l'Ascension","2019-05-27","2019-06-01","2018-2019","3505","3625"
"278","PON190527","Pont de l'Ascension","2019-05-27","2019-06-01","2018-2019","3505","3625"
"279","VAC190704","Vacances d'Été","2019-07-04","2019-08-31","2018-2019","4417","5809"
"280","VAC190704","Vacances d'Été","2019-07-04","2019-08-31","2018-2019","4417","5809"
"281","VAC190704","Vacances d'Été","2019-07-04","2019-08-31","2018-2019","4417","5809"
"282","VAC190704","Vacances d'Été","2019-07-04","2019-08-28","2018-2019","4417","5737"
"283","VAC190704","Vacances d'Été","2019-07-04","2019-08-28","2018-2019","4417","5737"
"284","VAC190704","Vacances d'Été","2019-07-04","2019-08-28","2018-2019","4417","5737"
"285","VAC191017","Vacances de la Toussaint","2019-10-17","2019-11-02","2019-2020","6937","7321"
"286","VAC191017","Vacances de la Toussaint","2019-10-17","2019-11-02","2019-2020","6937","7321"
"287","VAC191017","Vacances de la Toussaint","2019-10-17","2019-11-02","2019-2020","6937","7321"
"288","VAC191017","Vacances de la Toussaint","2019-10-17","2019-11-02","2019-2020","6937","7321"
"289","VAC191219","Vacances de Noël","2019-12-19","2020-01-04","2019-2020","8449","8833"
"290","VAC191219","Vacances de Noël","2019-12-19","2020-01-04","2019-2020","8449","8833"
"291","VAC191219","Vacances de Noël","2019-12-19","2020-01-04","2019-2020","8449","8833"
"292","VAC191219","Vacances de Noël","2019-12-19","2020-01-04","2019-2020","8449","8833"
"293","VAC191219","Vacances de Noël","2019-12-19","2020-01-04","2019-2020","8449","8833"
"294","VAC200213","Vacances d'Hiver","2020-02-13","2020-02-29","2019-2020","9793","10177"
"295","VAC200213","Vacances d'Hiver","2020-02-13","2020-02-29","2019-2020","9793","10177"
"296","PON200518","Pont de l'Ascension","2020-05-18","2020-05-23","2019-2020","12073","12193"
"297","PON200518","Pont de l'Ascension","2020-05-18","2020-05-23","2019-2020","12073","12193"
"298","PON200518","Pont de l'Ascension","2020-05-18","2020-05-23","2019-2020","12073","12193"
"299","PON200518","Pont de l'Ascension","2020-05-18","2020-05-23","2019-2020","12073","12193"
"300","VAC200702","Vacances d'Été","2020-07-02","2020-08-29","2019-2020","13153","14545"
"301","VAC200702","Vacances d'Été","2020-07-02","2020-08-29","2019-2020","13153","14545"
"302","VAC200702","Vacances d'Été","2020-07-02","2020-08-29","2019-2020","13153","14545"
"303","VAC200702","Vacances d'Été","2020-07-02","2020-08-29","2019-2020","13153","14545"
"304","VAC200702","Vacances d'Été","2020-07-02","2020-08-29","2019-2020","13153","14545"
"305","VAC201015","Vacances de la Toussaint","2020-10-15","2020-10-31","2020-2021","15673","16057"
"306","VAC201015","Vacances de la Toussaint","2020-10-15","2020-10-31","2020-2021","15673","16057"
"307","VAC201015","Vacances de la Toussaint","2020-10-15","2020-10-31","2020-2021","15673","16057"
"308","VAC201015","Vacances de la Toussaint","2020-10-15","2020-10-31","2020-2021","15673","16057"
"309","VAC201217","Vacances de Noël","2020-12-17","2021-01-02","2020-2021","17185","17569"
"310","VAC201217","Vacances de Noël","2020-12-17","2021-01-02","2020-2021","17185","17569"
"311","VAC210218","Vacances d'Hiver","2021-02-18","2021-03-06","2020-2021","18697","19081"
"312","VAC210218","Vacances d'Hiver","2021-02-18","2021-03-06","2020-2021","18697","19081"
"313","VAC210218","Vacances d'Hiver","2021-02-18","2021-03-06","2020-2021","18697","19081"
"314","VAC210408","Vacances de Printemps","2021-04-08","2021-04-24","2020-2021","19873","20257"
"315","VAC210408","Vacances de Printemps","2021-04-08","2021-04-24","2020-2021","19873","20257"
"316","VAC210408","Vacances de Printemps","2021-04-08","2021-04-24","2020-2021","19873","20257"
"317","PON210511","Pont de l'Ascension","2021-05-11","2021-05-15","2020-2021","20665","20761"
"318","VAC210704","Vacances d'Été","2021-07-04","2021-08-31","2020-2021","21961","23353"
"319","VAC210704","Vacances d'Été","2021-07-04","2021-08-30","2020-2021","21961","23329"
"320","VAC210704","Vacances d'Été","2021-07-04","2021-08-30","2020-2021","21961","23329"
"321","VAC210704","Vacances d'Été","2021-07-04","2021-08-30","2020-2021","21961","23329"
"322","VAC211021","Vacances de la Toussaint","2021-10-21","2021-11-06","2021-2022","24577","24961"
"323","VAC211021","Vacances de la Toussaint","2021-10-21","2021-11-06","2021-2022","24577","24961"
"324","VAC211216","Vacances de Noël","2021-12-16","2022-01-01","2021-2022","25921","26305"
"325","VAC211216","Vacances de Noël","2021-12-16","2022-01-01","2021-2022","25921","26305"
"326","VAC211216","Vacances de Noël","2021-12-16","2022-01-01","2021-2022","25921","26305"
"327","VAC220203","Vacances d'Hiver","2022-02-03","2022-02-19","2021-2022","27097","27481"
"328","VAC220203","Vacances d'Hiver","2022-02-03","2022-02-19","2021-2022","27097","27481"
"329","VAC220203","Vacances d'Hiver","2022-02-03","2022-02-19","2021-2022","27097","27481"
"330","VAC220203","Vacances d'Hiver","2022-02-03","2022-02-19","2021-2022","27097","27481"
"331","VAC220203","Vacances d'Hiver","2022-02-03","2022-02-19","2021-2022","27097","27481"
"332","VAC220407","Vacances de Printemps","2022-04-07","2022-04-23","2021-2022","28609","28993"
"333","VAC220407","Vacances de Printemps","2022-04-07","2022-04-23","2021-2022","28609","28993"
"334","VAC220705","Vacances d'Été","2022-07-05","2022-08-30","2021-2022","30745","32089"
"335","VAC220705","Vacances d'Été","2022-07-05","2022-08-30","2021-2022","30745","32089"
"336","VAC220705","Vacances d'Été","2022-07-05","2022-08-30","2021-2022","30745","32089"
"337","VAC220705","Vacances d'Été","2022-07-05","2022-08-29","2021-2022","30745","32065"
"338","VAC221020","Vacances de la Toussaint","2022-10-20","2022-11-05","2022-2023","33313","33697"
"339","VAC221020","Vacances de la Toussaint","2022-10-20","2022-11-05","2022-2023","33313","33697"
"340","VAC221020","Vacances de la Toussaint","2022-10-20","2022-11-05","2022-2023","33313","33697"
"341","VAC221215","Vacances de Noël","2022-12-15","2023-01-01","2022-2023",NULL,NULL
"342","VAC221215","Vacances de Noël","2022-12-15","2023-01-01","2022-2023",NULL,NULL
"343","VAC190418","Vacances de Printemps","2019-04-18","2019-05-04","2018-2019","2569","2953"
"344","VAC191017","Vacances de la Toussaint","2019-10-17","2019-11-02","2019-2020","6937","7321"
"345","VAC191219","Vacances de Noël","2019-12-19","2020-01-04","2019-2020","8449","8833"
"346","VAC191219","Vacances de Noël","2019-12-19","2020-01-04","2019-2020","8449","8833"
"347","VAC191219","Vacances de Noël","2019-12-19","2020-01-04","2019-2020","8449","8833"
"348","VAC200206","Vacances d'Hiver","2020-02-06","2020-02-22","2019-2020","9625","10009"
"349","PON200518","Pont de l'Ascension","2020-05-18","2020-05-23","2019-2020","12073","12193"
"350","VAC200702","Vacances d'Été","2020-07-02","2020-08-30","2019-2020","13153","14569"
"351","VAC201015","Vacances de la Toussaint","2020-10-15","2020-10-31","2020-2021","15673","16057"
"352","VAC201217","Vacances de Noël","2020-12-17","2021-01-02","2020-2021","17185","17569"
"353","VAC201217","Vacances de Noël","2020-12-17","2021-01-02","2020-2021","17185","17569"
"354","VAC210211","Vacances d'Hiver","2021-02-11","2021-02-27","2020-2021","18529","18913"
"355","VAC210408","Vacances de Printemps","2021-04-08","2021-04-24","2020-2021","19873","20257"
"356","PON210511","Pont de l'Ascension","2021-05-11","2021-05-15","2020-2021","20665","20761"
"357","VAC210704","Vacances d'Été","2021-07-04","2021-08-31","2020-2021","21961","23353"
"358","VAC211021","Vacances de la Toussaint","2021-10-21","2021-11-06","2021-2022","24577","24961"
"359","VAC211216","Vacances de Noël","2021-12-16","2022-01-01","2021-2022","25921","26305"
"360","VAC220217","Vacances d'Hiver","2022-02-17","2022-03-05","2021-2022","27433","27817"
"361","VAC220217","Vacances d'Hiver","2022-02-17","2022-03-05","2021-2022","27433","27817"
"362","VAC220421","Vacances de Printemps","2022-04-21","2022-05-07","2021-2022","28945","29329"
"363","VAC220421","Vacances de Printemps","2022-04-21","2022-05-07","2021-2022","28945","29329"
"364","PON220524","Pont de l'Ascension","2022-05-24","2022-05-28","2021-2022","29737","29833"
"365","VAC221020","Vacances de la Toussaint","2022-10-20","2022-11-05","2022-2023","33313","33697"
"366","VAC221020","Vacances de la Toussaint","2022-10-20","2022-11-05","2022-2023","33313","33697"
"367","VAC221215","Vacances de Noël","2022-12-15","2023-01-01","2022-2023",NULL,NULL
"368","VAC190214","Vacances d'Hiver","2019-02-14","2019-03-02","2018-2019","1057","1441"
"369","VAC190411","Vacances de Printemps","2019-04-11","2019-04-27","2018-2019","2401","2785"
"370","VAC190411","Vacances de Printemps","2019-04-11","2019-04-27","2018-2019","2401","2785"
"371","PON190527","Pont de l'Ascension","2019-05-27","2019-06-01","2018-2019","3505","3625"
"372","PON190527","Pont de l'Ascension","2019-05-27","2019-06-01","2018-2019","3505","3625"
"373","VAC190704","Vacances d'Été","2019-07-04","2019-08-31","2018-2019","4417","5809"
"374","VAC190704","Vacances d'Été","2019-07-04","2019-08-28","2018-2019","4417","5737"
"375","VAC190704","Vacances d'Été","2019-07-04","2019-08-28","2018-2019","4417","5737"
"376","VAC190704","Vacances d'Été","2019-07-04","2019-08-28","2018-2019","4417","5737"
"377","VAC190704","Vacances d'Été","2019-07-04","2019-08-28","2018-2019","4417","5737"
"378","VAC191017","Vacances de la Toussaint","2019-10-17","2019-11-02","2019-2020","6937","7321"
"379","VAC191017","Vacances de la Toussaint","2019-10-17","2019-11-02","2019-2020","6937","7321"
"380","VAC191219","Vacances de Noël","2019-12-19","2020-01-04","2019-2020","8449","8833"
"381","VAC191219","Vacances de Noël","2019-12-19","2020-01-04","2019-2020","8449","8833"
"382","VAC191219","Vacances de Noël","2019-12-19","2020-01-04","2019-2020","8449","8833"
"383","VAC200220","Vacances d'Hiver","2020-02-20","2020-03-07","2019-2020","9961","10345"
"384","VAC200220","Vacances d'Hiver","2020-02-20","2020-03-07","2019-2020","9961","10345"
"385","VAC200416","Vacances de Printemps","2020-04-16","2020-05-02","2019-2020","11305","11689"
"386","PON200518","Pont de l'Ascension","2020-05-18","2020-05-23","2019-2020","12073","12193"
"387","PON200518","Pont de l'Ascension","2020-05-18","2020-05-23","2019-2020","12073","12193"
"388","VAC200702","Vacances d'Été","2020-07-02","2020-08-30","2019-2020","13153","14569"
"389","VAC200702","Vacances d'Été","2020-07-02","2020-08-30","2019-2020","13153","14569"
"390","VAC200702","Vacances d'Été","2020-07-02","2020-08-29","2019-2020","13153","14545"
"391","VAC201015","Vacances de la Toussaint","2020-10-15","2020-10-31","2020-2021","15673","16057"
"392","VAC201217","Vacances de Noël","2020-12-17","2021-01-02","2020-2021","17185","17569"
"393","VAC210204","Vacances d'Hiver","2021-02-04","2021-02-20","2020-2021","18361","18745"
"394","VAC210408","Vacances de Printemps","2021-04-08","2021-04-24","2020-2021","19873","20257"
"395","VAC210408","Vacances de Printemps","2021-04-08","2021-04-24","2020-2021","19873","20257"
"396","PON210511","Pont de l'Ascension","2021-05-11","2021-05-15","2020-2021","20665","20761"
"397","PON210511","Pont de l'Ascension","2021-05-11","2021-05-15","2020-2021","20665","20761"
"398","VAC210704","Vacances d'Été","2021-07-04","2021-08-31","2020-2021","21961","23353"
"399","VAC210704","Vacances d'Été","2021-07-04","2021-08-31","2020-2021","21961","23353"
"400","VAC210704","Vacances d'Été","2021-07-04","2021-08-31","2020-2021","21961","23353"
"401","VAC210704","Vacances d'Été","2021-07-04","2021-08-30","2020-2021","21961","23329"
"402","VAC210704","Vacances d'Été","2021-07-04","2021-08-30","2020-2021","21961","23329"
"403","VAC211021","Vacances de la Toussaint","2021-10-21","2021-11-06","2021-2022","24577","24961"
"404","VAC211021","Vacances de la Toussaint","2021-10-21","2021-11-06","2021-2022","24577","24961"
"405","VAC211021","Vacances de la Toussaint","2021-10-21","2021-11-06","2021-2022","24577","24961"
"406","VAC211216","Vacances de Noël","2021-12-16","2022-01-01","2021-2022","25921","26305"
"407","VAC211216","Vacances de Noël","2021-12-16","2022-01-01","2021-2022","25921","26305"
"408","VAC211216","Vacances de Noël","2021-12-16","2022-01-01","2021-2022","25921","26305"
"409","VAC220210","Vacances d'Hiver","2022-02-10","2022-02-26","2021-2022","27265","27649"
"410","VAC220210","Vacances d'Hiver","2022-02-10","2022-02-26","2021-2022","27265","27649"
"411","VAC220705","Vacances d'Été","2022-07-05","2022-08-30","2021-2022","30745","32089"
"412","VAC220705","Vacances d'Été","2022-07-05","2022-08-30","2021-2022","30745","32089"
"413","VAC221020","Vacances de la Toussaint","2022-10-20","2022-11-05","2022-2023","33313","33697"
"414","VAC221020","Vacances de la Toussaint","2022-10-20","2022-11-05","2022-2023","33313","33697"
"415","VAC221215","Vacances de Noël","2022-12-15","2023-01-01","2022-2023",NULL,NULL
"416","VAC190207","Vacances d'Hiver","2019-02-07","2019-02-23","2018-2019","889","1273"
"417","VAC190207","Vacances d'Hiver","2019-02-07","2019-02-23","2018-2019","889","1273"
"418","VAC190207","Vacances d'Hiver","2019-02-07","2019-02-23","2018-2019","889","1273"
"419","VAC190404","Vacances de Printemps","2019-04-04","2019-04-21","2018-2019","2233","2641"
"420","PON190527","Pont de l'Ascension","2019-05-27","2019-06-01","2018-2019","3505","3625"
"421","VAC190704","Vacances d'Été","2019-07-04","2019-08-31","2018-2019","4417","5809"
"422","VAC190704","Vacances d'Été","2019-07-04","2019-08-31","2018-2019","4417","5809"
"423","VAC190704","Vacances d'Été","2019-07-04","2019-08-31","2018-2019","4417","5809"
"424","VAC190704","Vacances d'Été","2019-07-04","2019-08-28","2018-2019","4417","5737"
"425","VAC190704","Vacances d'Été","2019-07-04","2019-08-28","2018-2019","4417","5737"
"426","VAC200213","Vacances d'Hiver","2020-02-13","2020-02-29","2019-2020","9793","10177"
"427","VAC200213","Vacances d'Hiver","2020-02-13","2020-02-29","2019-2020","9793","10177"
"428","VAC200409","Vacances de Printemps","2020-04-09","2020-04-25","2019-2020","11137","11521"
"429","VAC200409","Vacances de Printemps","2020-04-09","2020-04-25","2019-2020","11137","11521"
"430","PON200518","Pont de l'Ascension","2020-05-18","2020-05-23","2019-2020","12073","12193"
"431","VAC200702","Vacances d'Été","2020-07-02","2020-08-30","2019-2020","13153","14569"
"432","VAC200702","Vacances d'Été","2020-07-02","2020-08-30","2019-2020","13153","14569"
"433","VAC200702","Vacances d'Été","2020-07-02","2020-08-30","2019-2020","13153","14569"
"434","VAC200702","Vacances d'Été","2020-07-02","2020-08-30","2019-2020","13153","14569"
"435","VAC200702","Vacances d'Été","2020-07-02","2020-08-29","2019-2020","13153","14545"
"436","VAC201015","Vacances de la Toussaint","2020-10-15","2020-10-31","2020-2021","15673","16057"
"437","VAC201217","Vacances de Noël","2020-12-17","2021-01-02","2020-2021","17185","17569"
"438","VAC201217","Vacances de Noël","2020-12-17","2021-01-02","2020-2021","17185","17569"
"439","VAC210218","Vacances d'Hiver","2021-02-18","2021-03-06","2020-2021","18697","19081"
"440","VAC210218","Vacances d'Hiver","2021-02-18","2021-03-06","2020-2021","18697","19081"
"441","VAC210408","Vacances de Printemps","2021-04-08","2021-04-24","2020-2021","19873","20257"
"442","PON210511","Pont de l'Ascension","2021-05-11","2021-05-15","2020-2021","20665","20761"
"443","PON210511","Pont de l'Ascension","2021-05-11","2021-05-15","2020-2021","20665","20761"
"444","PON210511","Pont de l'Ascension","2021-05-11","2021-05-15","2020-2021","20665","20761"
"445","VAC210704","Vacances d'Été","2021-07-04","2021-08-31","2020-2021","21961","23353"
"446","VAC210704","Vacances d'Été","2021-07-04","2021-08-31","2020-2021","21961","23353"
"447","VAC210704","Vacances d'Été","2021-07-04","2021-08-31","2020-2021","21961","23353"
"448","VAC210704","Vacances d'Été","2021-07-04","2021-08-31","2020-2021","21961","23353"
"449","VAC210704","Vacances d'Été","2021-07-04","2021-08-30","2020-2021","21961","23329"
"450","VAC211021","Vacances de la Toussaint","2021-10-21","2021-11-06","2021-2022","24577","24961"
"451","VAC211021","Vacances de la Toussaint","2021-10-21","2021-11-06","2021-2022","24577","24961"
"452","VAC211021","Vacances de la Toussaint","2021-10-21","2021-11-06","2021-2022","24577","24961"
"453","VAC211021","Vacances de la Toussaint","2021-10-21","2021-11-06","2021-2022","24577","24961"
"454","VAC211216","Vacances de Noël","2021-12-16","2022-01-01","2021-2022","25921","26305"
"455","VAC211216","Vacances de Noël","2021-12-16","2022-01-01","2021-2022","25921","26305"
"456","VAC220203","Vacances d'Hiver","2022-02-03","2022-02-19","2021-2022","27097","27481"
"457","VAC220203","Vacances d'Hiver","2022-02-03","2022-02-19","2021-2022","27097","27481"
"458","VAC220203","Vacances d'Hiver","2022-02-03","2022-02-19","2021-2022","27097","27481"
"459","VAC220407","Vacances de Printemps","2022-04-07","2022-04-23","2021-2022","28609","28993"
"460","PON220524","Pont de l'Ascension","2022-05-24","2022-05-28","2021-2022","29737","29833"
"461","PON220524","Pont de l'Ascension","2022-05-24","2022-05-28","2021-2022","29737","29833"
"462","PON220524","Pont de l'Ascension","2022-05-24","2022-05-28","2021-2022","29737","29833"
"463","PON220524","Pont de l'Ascension","2022-05-24","2022-05-28","2021-2022","29737","29833"
"464","VAC220705","Vacances d'Été","2022-07-05","2022-08-30","2021-2022","30745","32089"
"465","VAC220705","Vacances d'Été","2022-07-05","2022-08-29","2021-2022","30745","32065"
"466","VAC220705","Vacances d'Été","2022-07-05","2022-08-29","2021-2022","30745","32065"
"467","VAC220705","Vacances d'Été","2022-07-05","2022-08-29","2021-2022","30745","32065"
"468","VAC220705","Vacances d'Été","2022-07-05","2022-08-29","2021-2022","30745","32065"
"469","VAC220705","Vacances d'Été","2022-07-05","2022-08-29","2021-2022","30745","32065"
"470","VAC220705","Vacances d'Été","2022-07-05","2022-08-29","2021-2022","30745","32065"
"471","VAC221020","Vacances de la Toussaint","2022-10-20","2022-11-05","2022-2023","33313","33697"
"472","VAC221020","Vacances de la Toussaint","2022-10-20","2022-11-05","2022-2023","33313","33697"
"473","VAC221215","Vacances de Noël","2022-12-15","2023-01-01","2022-2023",NULL,NULL
"474","VAC221215","Vacances de Noël","2022-12-15","2023-01-01","2022-2023",NULL,NULL
"475","PON190527","Pont de l'Ascension","2019-05-27","2019-06-01","2018-2019","3505","3625"
"476","VAC190704","Vacances d'Été","2019-07-04","2019-08-31","2018-2019","4417","5809"
"477","VAC190704","Vacances d'Été","2019-07-04","2019-08-31","2018-2019","4417","5809"
"478","VAC190704","Vacances d'Été","2019-07-04","2019-08-31","2018-2019","4417","5809"
"479","VAC190704","Vacances d'Été","2019-07-04","2019-08-28","2018-2019","4417","5737"
"480","VAC200206","Vacances d'Hiver","2020-02-06","2020-02-22","2019-2020","9625","10009"
"481","VAC200702","Vacances d'Été","2020-07-02","2020-08-29","2019-2020","13153","14545"
"482","VAC201015","Vacances de la Toussaint","2020-10-15","2020-10-31","2020-2021","15673","16057"
"483","VAC201217","Vacances de Noël","2020-12-17","2021-01-02","2020-2021","17185","17569"
"484","VAC210211","Vacances d'Hiver","2021-02-11","2021-02-27","2020-2021","18529","18913"
"485","PON210511","Pont de l'Ascension","2021-05-11","2021-05-15","2020-2021","20665","20761"
"486","PON210511","Pont de l'Ascension","2021-05-11","2021-05-15","2020-2021","20665","20761"
"487","PON210511","Pont de l'Ascension","2021-05-11","2021-05-15","2020-2021","20665","20761"
"488","VAC210704","Vacances d'Été","2021-07-04","2021-08-31","2020-2021","21961","23353"
"489","VAC210704","Vacances d'Été","2021-07-04","2021-08-30","2020-2021","21961","23329"
"490","VAC211216","Vacances de Noël","2021-12-16","2022-01-01","2021-2022","25921","26305"
"491","VAC211216","Vacances de Noël","2021-12-16","2022-01-01","2021-2022","25921","26305"
"492","VAC211216","Vacances de Noël","2021-12-16","2022-01-01","2021-2022","25921","26305"
"493","VAC220421","Vacances de Printemps","2022-04-21","2022-05-07","2021-2022","28945","29329"
"494","PON220524","Pont de l'Ascension","2022-05-24","2022-05-28","2021-2022","29737","29833"
"495","VAC220705","Vacances d'Été","2022-07-05","2022-08-30","2021-2022","30745","32089"
"496","VAC221020","Vacances de la Toussaint","2022-10-20","2022-11-05","2022-2023","33313","33697"
"497","VAC221215","Vacances de Noël","2022-12-15","2023-01-01","2022-2023",NULL,NULL
"498","VAC221215","Vacances de Noël","2022-12-15","2023-01-01","2022-2023",NULL,NULL
"499","VAC190706","Vacances d'Été","2019-07-06","2019-09-01","2018-2019","4465","5833"
"500","VAC200416","Vacances de Printemps","2020-04-16","2020-05-02","2019-2020","11305","11689"
"501","VAC200702","Vacances d'Été","2020-07-02","2020-09-01","2019-2020","13153","14617"
"502","VAC200702","Vacances d'Été","2020-07-02","2020-08-31","2019-2020","13153","14593"
"503","VAC211021","Vacances de la Toussaint","2021-10-21","2021-11-06","2021-2022","24577","24961"
"504","VAC190417","Vacances de Printemps","2019-04-17","2019-05-04","2018-2019","2545","2953"
"505","VAC190701","Vacances d'Été","2019-07-01","2019-09-03","2018-2019","4345","5881"
"506","VAC191023","Vacances de la Toussaint","2019-10-23","2019-11-04","2019-2020","7081","7369"
"507","VAC201019","Vacances de la Toussaint","2020-10-19","2020-10-31","2020-2021","15769","16057"
"508","VAC201216","Vacances de Noël","2020-12-16","2021-01-02","2020-2021","17161","17569"
"509","PON210510","Pont de l'Ascension","2021-05-10","2021-05-15","2020-2021","20641","20761"
"510","VAC210630","Vacances d'Été","2021-06-30","2021-08-31","2020-2021","21865","23353"
"511","VAC220413","Vacances de Printemps","2022-04-13","2022-04-30","2021-2022","28753","29161"
"512","VAC220629","Vacances d'Été","2022-06-29","2022-08-31","2021-2022","30601","32113"
"513","VAC190704","Vacances d'Été","2019-07-04","2019-08-28","2018-2019","4417","5737"
"514","VAC200702","Vacances d'Été","2020-07-02","2020-08-29","2019-2020","13153","14545"
"515","VAC210325","Vacances de Printemps","2021-03-25","2021-04-10","2020-2021","19537","19921"
"516","VAC220217","Vacances de Carnaval","2022-02-17","2022-03-05","2021-2022","27433","27817"
"517","PEN220524","Pentecôte","2022-05-24","2022-05-24","2021-2022","29737","29737"
"518","VAC200220","Vacances de Carnaval","2020-02-20","2020-03-07","2019-2020","9961","10345"
"519","VAC200702","Vacances d'Été","2020-07-02","2020-08-29","2019-2020","13153","14545"
"520","PON210512","Pont de l'Ascension","2021-05-12","2021-05-15","2020-2021","20689","20761"
"521","VAC210704","Vacances d'Été","2021-07-04","2021-08-31","2020-2021","21961","23353"
"522","VAC210704","Vacances d'Été","2021-07-04","2021-08-30","2020-2021","21961","23329"
"523","VAC211216","Vacances de Noël","2021-12-16","2022-01-01","2021-2022","25921","26305"
"524","VAC220705","Vacances d'Été","2022-07-05","2022-08-29","2021-2022","30745","32065"
"525","VAC191219","Vacances de Noël","2019-12-19","2020-01-04","2019-2020","8449","8833"
"526","VAC200407","Vacances de Printemps","2020-04-07","2020-04-25","2019-2020","11089","11521"
"527","VAC210330","Vacances de Printemps","2021-03-30","2021-04-17","2020-2021","19657","20089"
"528","VAC190704","Vacances d'Hiver austral","2019-07-04","2019-08-14","2018-2019","4417","5401"
"529","VAC200428","Vacances après 4ème période","2020-04-28","2020-05-12","2019-2020","11593","11929"
"530","VAC211216","Vacances d'Été austral","2021-12-16","2022-01-22","2021-2022","25921","26809"
"531","VAC220310","Vacances après 3ème période","2022-03-10","2022-03-26","2021-2022","27937","28321"
"532","VAC201008","Vacances de la Toussaint","2020-10-08","2020-10-24","2020-2021","15505","15889"
"533","VAC210428","Vacances de Printemps","2021-04-28","2021-05-15","2020-2021","20353","20761"
"534","VAC210705","Vacances d'Été","2021-07-05","2021-08-22","2020-2021","21985","23137"
"535","VAC221208","Vacances de Noël","2022-12-08","2023-01-07","2022-2023",NULL,NULL
"536","VAC190214","Vacances de Février","2019-02-14","2019-02-23","2018-2019","1057","1273"
"537","VAC200213","Vacances de Février","2020-02-13","2020-02-22","2019-2020","9793","10009"
"538","GRA200630","Grandes Vacances","2020-06-30","2020-08-08","2019-2020","13105","14041"
"539","GRA210629","Grandes Vacances","2021-06-29","2021-08-07","2020-2021","21841","22777"
"540","GRA220623","Grandes Vacances","2022-06-23","2022-08-06","2021-2022","30457","31513"
"541","GRA220628","Grandes Vacances","2022-06-28","2022-08-08","2021-2022","30577","31561"
"542","GRA220630","Grandes Vacances","2022-06-30","2022-08-07","2021-2022","30625","31537"
"543","VAC201217","Vacances d'Été","2020-12-17","2021-02-13","2020","17185","18577"
"544","VAC210923","Vacances 4ème période","2021-09-23","2021-10-08","2021","23905","24265"
"545","VAC220602","Vacances 2ème période","2022-06-02","2022-06-17","2022","29953","30313"
"546","VAC221215","Vacances d'Été","2022-12-15","2023-02-11","2022",NULL,NULL
"547","VAC190328","Vacances 1ère période","2019-03-28","2019-04-13","2019","2065","2449"
"548","VAC200604","Vacances 2ème période","2020-06-04","2020-06-20","2020","12481","12865"
"549","VAC201210","Vacances d'Été","2020-12-10","2021-02-10","2020","17017","18505"
"550","VAC211216","Vacances d'Été","2021-12-16","2022-02-09","2021","25921","27241"
"551","VAC220331","Vacances 1ère période","2022-03-31","2022-04-15","2022","28441","28801"
"552","VAC220602","Vacances 2ème période","2022-06-02","2022-06-17","2022","29953","30313"
"553","PON200518","Pont de l'Ascension","2020-05-18","2020-05-23","2019-2020","12073","12193"
"554","VAC200702","Vacances d'Été","2020-07-02","2020-08-29","2019-2020","13153","14545"
"555","VAC210704","Vacances d'Été","2021-07-04","2021-08-31","2020-2021","21961","23353"
"556","VAC190207","Vacances d'Hiver","2019-02-07","2019-02-23","2018-2019","889","1273"
"557","VAC190207","Vacances d'Hiver","2019-02-07","2019-02-23","2018-2019","889","1273"
"558","VAC190404","Vacances de Printemps","2019-04-04","2019-04-21","2018-2019","2233","2641"
"559","VAC190404","Vacances de Printemps","2019-04-04","2019-04-21","2018-2019","2233","2641"
"560","PON190527","Pont de l'Ascension","2019-05-27","2019-06-01","2018-2019","3505","3625"
"561","PON190527","Pont de l'Ascension","2019-05-27","2019-06-01","2018-2019","3505","3625"
"562","PON190527","Pont de l'Ascension","2019-05-27","2019-06-01","2018-2019","3505","3625"
"563","VAC190704","Vacances d'Été","2019-07-04","2019-08-31","2018-2019","4417","5809"
"564","VAC190704","Vacances d'Été","2019-07-04","2019-08-31","2018-2019","4417","5809"
"565","VAC190704","Vacances d'Été","2019-07-04","2019-08-31","2018-2019","4417","5809"
"566","VAC190704","Vacances d'Été","2019-07-04","2019-08-31","2018-2019","4417","5809"
"567","VAC190704","Vacances d'Été","2019-07-04","2019-08-28","2018-2019","4417","5737"
"568","VAC190704","Vacances d'Été","2019-07-04","2019-08-28","2018-2019","4417","5737"
"569","VAC190704","Vacances d'Été","2019-07-04","2019-08-28","2018-2019","4417","5737"
"570","VAC190704","Vacances d'Été","2019-07-04","2019-08-28","2018-2019","4417","5737"
"571","VAC191017","Vacances de la Toussaint","2019-10-17","2019-11-02","2019-2020","6937","7321"
"572","VAC191017","Vacances de la Toussaint","2019-10-17","2019-11-02","2019-2020","6937","7321"
"573","VAC191219","Vacances de Noël","2019-12-19","2020-01-04","2019-2020","8449","8833"
"574","VAC200213","Vacances d'Hiver","2020-02-13","2020-02-29","2019-2020","9793","10177"
"575","VAC200213","Vacances d'Hiver","2020-02-13","2020-02-29","2019-2020","9793","10177"
"576","VAC200409","Vacances de Printemps","2020-04-09","2020-04-25","2019-2020","11137","11521"
"577","VAC200409","Vacances de Printemps","2020-04-09","2020-04-25","2019-2020","11137","11521"
"578","PON200518","Pont de l'Ascension","2020-05-18","2020-05-23","2019-2020","12073","12193"
"579","PON200518","Pont de l'Ascension","2020-05-18","2020-05-23","2019-2020","12073","12193"
"580","PON200518","Pont de l'Ascension","2020-05-18","2020-05-23","2019-2020","12073","12193"
"581","VAC200702","Vacances d'Été","2020-07-02","2020-08-30","2019-2020","13153","14569"
"582","VAC200702","Vacances d'Été","2020-07-02","2020-08-30","2019-2020","13153","14569"
"583","VAC200702","Vacances d'Été","2020-07-02","2020-08-29","2019-2020","13153","14545"
"584","VAC200702","Vacances d'Été","2020-07-02","2020-08-29","2019-2020","13153","14545"
"585","VAC200702","Vacances d'Été","2020-07-02","2020-08-29","2019-2020","13153","14545"
"586","VAC201015","Vacances de la Toussaint","2020-10-15","2020-10-31","2020-2021","15673","16057"
"587","VAC201015","Vacances de la Toussaint","2020-10-15","2020-10-31","2020-2021","15673","16057"
"588","VAC201217","Vacances de Noël","2020-12-17","2021-01-02","2020-2021","17185","17569"
"589","VAC201217","Vacances de Noël","2020-12-17","2021-01-02","2020-2021","17185","17569"
"590","VAC210218","Vacances d'Hiver","2021-02-18","2021-03-06","2020-2021","18697","19081"
"591","VAC210218","Vacances d'Hiver","2021-02-18","2021-03-06","2020-2021","18697","19081"
"592","VAC210408","Vacances de Printemps","2021-04-08","2021-04-24","2020-2021","19873","20257"
"593","VAC210408","Vacances de Printemps","2021-04-08","2021-04-24","2020-2021","19873","20257"
"594","VAC210408","Vacances de Printemps","2021-04-08","2021-04-24","2020-2021","19873","20257"
"595","PON210511","Pont de l'Ascension","2021-05-11","2021-05-15","2020-2021","20665","20761"
"596","PON210511","Pont de l'Ascension","2021-05-11","2021-05-15","2020-2021","20665","20761"
"597","PON210511","Pont de l'Ascension","2021-05-11","2021-05-15","2020-2021","20665","20761"
"598","PON210511","Pont de l'Ascension","2021-05-11","2021-05-15","2020-2021","20665","20761"
"599","VAC210704","Vacances d'Été","2021-07-04","2021-08-31","2020-2021","21961","23353"
"600","VAC210704","Vacances d'Été","2021-07-04","2021-08-31","2020-2021","21961","23353"
"601","VAC210704","Vacances d'Été","2021-07-04","2021-08-31","2020-2021","21961","23353"
"602","VAC210704","Vacances d'Été","2021-07-04","2021-08-30","2020-2021","21961","23329"
"603","VAC210704","Vacances d'Été","2021-07-04","2021-08-30","2020-2021","21961","23329"
"604","VAC210704","Vacances d'Été","2021-07-04","2021-08-30","2020-2021","21961","23329"
"605","VAC210704","Vacances d'Été","2021-07-04","2021-08-30","2020-2021","21961","23329"
"606","VAC211021","Vacances de la Toussaint","2021-10-21","2021-11-06","2021-2022","24577","24961"
"607","VAC211021","Vacances de la Toussaint","2021-10-21","2021-11-06","2021-2022","24577","24961"
"608","VAC211216","Vacances de Noël","2021-12-16","2022-01-01","2021-2022","25921","26305"
"609","VAC220203","Vacances d'Hiver","2022-02-03","2022-02-19","2021-2022","27097","27481"
"610","VAC220407","Vacances de Printemps","2022-04-07","2022-04-23","2021-2022","28609","28993"
"611","VAC220407","Vacances de Printemps","2022-04-07","2022-04-23","2021-2022","28609","28993"
"612","VAC220407","Vacances de Printemps","2022-04-07","2022-04-23","2021-2022","28609","28993"
"613","VAC220407","Vacances de Printemps","2022-04-07","2022-04-23","2021-2022","28609","28993"
"614","VAC220407","Vacances de Printemps","2022-04-07","2022-04-23","2021-2022","28609","28993"
"615","PON220524","Pont de l'Ascension","2022-05-24","2022-05-28","2021-2022","29737","29833"
"616","PON220524","Pont de l'Ascension","2022-05-24","2022-05-28","2021-2022","29737","29833"
"617","VAC220705","Vacances d'Été","2022-07-05","2022-08-30","2021-2022","30745","32089"
"618","VAC220705","Vacances d'Été","2022-07-05","2022-08-30","2021-2022","30745","32089"
"619","VAC220705","Vacances d'Été","2022-07-05","2022-08-30","2021-2022","30745","32089"
"620","VAC220705","Vacances d'Été","2022-07-05","2022-08-29","2021-2022","30745","32065"
"621","VAC220705","Vacances d'Été","2022-07-05","2022-08-29","2021-2022","30745","32065"
"622","VAC221215","Vacances de Noël","2022-12-15","2023-01-01","2022-2023",NULL,NULL
"623","VAC221215","Vacances de Noël","2022-12-15","2023-01-01","2022-2023",NULL,NULL
"624","VAC221215","Vacances de Noël","2022-12-15","2023-01-01","2022-2023",NULL,NULL
"625","VAC190221","Vacances d'Hiver","2019-02-21","2019-03-09","2018-2019","1225","1609"
"626","VAC190221","Vacances d'Hiver","2019-02-21","2019-03-09","2018-2019","1225","1609"
"627","VAC190418","Vacances de Printemps","2019-04-18","2019-05-04","2018-2019","2569","2953"
"628","VAC190418","Vacances de Printemps","2019-04-18","2019-05-04","2018-2019","2569","2953"
"629","PON190527","Pont de l'Ascension","2019-05-27","2019-06-01","2018-2019","3505","3625"
"630","VAC190704","Vacances d'Été","2019-07-04","2019-08-28","2018-2019","4417","5737"
"631","VAC191017","Vacances de la Toussaint","2019-10-17","2019-11-02","2019-2020","6937","7321"
"632","VAC200206","Vacances d'Hiver","2020-02-06","2020-02-22","2019-2020","9625","10009"
"633","VAC200206","Vacances d'Hiver","2020-02-06","2020-02-22","2019-2020","9625","10009"
"634","VAC200402","Vacances de Printemps","2020-04-02","2020-04-18","2019-2020","10969","11353"
"635","VAC200402","Vacances de Printemps","2020-04-02","2020-04-18","2019-2020","10969","11353"
"636","VAC210408","Vacances de Printemps","2021-04-08","2021-04-24","2020-2021","19873","20257"
"637","PON210511","Pont de l'Ascension","2021-05-11","2021-05-15","2020-2021","20665","20761"
"638","VAC210704","Vacances d'Été","2021-07-04","2021-08-31","2020-2021","21961","23353"
"639","VAC210704","Vacances d'Été","2021-07-04","2021-08-31","2020-2021","21961","23353"
"640","VAC210704","Vacances d'Été","2021-07-04","2021-08-30","2020-2021","21961","23329"
"641","VAC210704","Vacances d'Été","2021-07-04","2021-08-30","2020-2021","21961","23329"
"642","VAC220217","Vacances d'Hiver","2022-02-17","2022-03-05","2021-2022","27433","27817"
"643","PON220524","Pont de l'Ascension","2022-05-24","2022-05-28","2021-2022","29737","29833"
"644","VAC220705","Vacances d'Été","2022-07-05","2022-08-30","2021-2022","30745","32089"
"645","VAC220705","Vacances d'Été","2022-07-05","2022-08-29","2021-2022","30745","32065"
"646","VAC220705","Vacances d'Été","2022-07-05","2022-08-29","2021-2022","30745","32065"
"647","VAC220705","Vacances d'Été","2022-07-05","2022-08-29","2021-2022","30745","32065"
"648","VAC221020","Vacances de la Toussaint","2022-10-20","2022-11-05","2022-2023","33313","33697"
"649","VAC221215","Vacances de Noël","2022-12-15","2023-01-01","2022-2023",NULL,NULL
"650","VAC191017","Vacances de la Toussaint","2019-10-17","2019-11-02","2019-2020","6937","7321"
"651","VAC200213","Vacances d'Hiver","2020-02-13","2020-02-29","2019-2020","9793","10177"
"652","PON210511","Pont de l'Ascension","2021-05-11","2021-05-15","2020-2021","20665","20761"
"653","VAC200701","Vacances d'Été","2020-07-01","2020-09-01","2019-2020","13129","14617"
"654","VAC210630","Vacances d'Été","2021-06-30","2021-09-01","2020-2021","21865","23377"
"655","VAC190704","Vacances d'Été","2019-07-04","2019-08-31","2018-2019","4417","5809"
"656","ABO191007","Abolition de l’esclavage","2019-10-07","2019-10-07","2019-2020","6697","6697"
"657","VAC200702","Vacances d'Été","2020-07-02","2020-08-30","2019-2020","13153","14569"
"658","VAC220411","Vacances de Printemps","2022-04-11","2022-04-23","2021-2022","28705","28993"
"659","VAC221020","Vacances de la Toussaint","2022-10-20","2022-11-05","2022-2023","33313","33697"
"660","VAC190411","Vacances de Printemps","2019-04-11","2019-04-27","2018-2019","2401","2785"
"661","PON190527","Pont de l'Ascension","2019-05-27","2019-06-01","2018-2019","3505","3625"
"662","VAC191017","Vacances de la Toussaint","2019-10-17","2019-11-02","2019-2020","6937","7321"
"663","VAC210204","Vacances de Carnaval","2021-02-04","2021-02-20","2020-2021","18361","18745"
"664","PON210520","Pont","2021-05-20","2021-05-20","2020-2021","20881","20881"
"665","VAC211021","Vacances de la Toussaint","2021-10-21","2021-11-06","2021-2022","24577","24961"
"666","VAC220705","Vacances d'Été","2022-07-05","2022-08-30","2021-2022","30745","32089"
"667","VAC190221","Vacances de Carnaval","2019-02-21","2019-03-09","2018-2019","1225","1609"
"668","PON190529","Pont de l'Ascension","2019-05-29","2019-06-01","2018-2019","3553","3625"
"669","VAC190706","Vacances d'Été","2019-07-06","2019-08-28","2018-2019","4465","5737"
"670","VAC200702","Vacances d'Été","2020-07-02","2020-08-30","2019-2020","13153","14569"
"671","VAC201022","Vacances de la Toussaint","2020-10-22","2020-11-07","2020-2021","15841","16225"
"672","VAC210211","Vacances de Carnaval","2021-02-11","2021-02-27","2020-2021","18529","18913"
"673","PON210510","Pont de l'Ascension","2021-05-10","2021-05-15","2020-2021","20641","20761"
"674","VAC210701","Vacances d'Été","2021-07-01","2021-08-30","2020-2021","21889","23329"
"675","VAC211021","Vacances de la Toussaint","2021-10-21","2021-11-06","2021-2022","24577","24961"
"676","VAC220412","Vacances de Printemps","2022-04-12","2022-04-30","2021-2022","28729","29161"
"677","VAC220707","Vacances d'Été","2022-07-07","2022-08-30","2021-2022","30793","32089"
"678","VAC210304","Vacances après 3ème période","2021-03-04","2021-03-20","2020-2021","19033","19417"
"679","VAC220707","Vacances d'Hiver austral","2022-07-07","2022-08-10","2021-2022","30793","31609"
"680","VAC190424","Vacances de Printemps","2019-04-24","2019-05-04","2018-2019","2713","2953"
"681","VAC190404","Vacances de Pâques","2019-04-04","2019-04-20","2018-2019","2233","2617"
"682","VAC190523","Vacances de Mai","2019-05-23","2019-06-01","2018-2019","3409","3625"
"683","VAC191212","Vacances de Noël","2019-12-12","2020-01-11","2019-2020","8281","9001"
"684","VAC200326","Vacances de Pâques","2020-03-26","2020-04-12","2019-2020","10801","11209"
"685","GRA210701","Grandes Vacances","2021-07-01","2021-08-08","2020-2021","21889","22801"
"686","VAC210909","Vacances de Septembre","2021-09-09","2021-09-18","2021-2022","23569","23785"
"687","VAC190404","Vacances 1ère période","2019-04-04","2019-04-12","2019","2233","2425"
"688","VAC191010","Vacances 4ème période","2019-10-10","2019-10-25","2019","6769","7129"
"689","VAC200402","Vacances 1ère période","2020-04-02","2020-04-17","2020","10969","11329"
"690","VAC200806","Vacances 3ème période","2020-08-06","2020-08-21","2020","13993","14353"
"691","VAC201008","Vacances 4ème période","2020-10-08","2020-10-23","2020","15505","15865"
"692","VAC211209","Vacances d'Été","2021-12-09","2022-02-12","2021","25753","27313"
"693","VAC220331","Vacances 1ère période","2022-03-31","2022-04-15","2022","28441","28801"
"694","VAC220804","Vacances 3ème période","2022-08-04","2022-08-19","2022","31465","31825"
"695","VAC191010","Vacances 4ème période","2019-10-10","2019-10-26","2019","6769","7153"
"696","VAC191212","Vacances d'Été","2019-12-12","2020-02-08","2019","8281","9673"
"697","VAC220804","Vacances 3ème période","2022-08-04","2022-08-19","2022","31465","31825"
"698","VAC221006","Vacances 4ème période","2022-10-06","2022-10-21","2022","32977","33337"
"699","VAC190214","Vacances d'Hiver","2019-02-14","2019-03-02","2018-2019","1057","1441"
"700","VAC190214","Vacances d'Hiver","2019-02-14","2019-03-02","2018-2019","1057","1441"
"701","VAC190411","Vacances de Printemps","2019-04-11","2019-04-27","2018-2019","2401","2785"
"702","VAC190411","Vacances de Printemps","2019-04-11","2019-04-27","2018-2019","2401","2785"
"703","PON190527","Pont de l'Ascension","2019-05-27","2019-06-01","2018-2019","3505","3625"
"704","PON190527","Pont de l'Ascension","2019-05-27","2019-06-01","2018-2019","3505","3625"
"705","VAC190704","Vacances d'Été","2019-07-04","2019-08-31","2018-2019","4417","5809"
"706","VAC191219","Vacances de Noël","2019-12-19","2020-01-04","2019-2020","8449","8833"
"707","VAC191219","Vacances de Noël","2019-12-19","2020-01-04","2019-2020","8449","8833"
"708","VAC200220","Vacances d'Hiver","2020-02-20","2020-03-07","2019-2020","9961","10345"
"709","VAC200220","Vacances d'Hiver","2020-02-20","2020-03-07","2019-2020","9961","10345"
"710","VAC200416","Vacances de Printemps","2020-04-16","2020-05-02","2019-2020","11305","11689"
"711","VAC200416","Vacances de Printemps","2020-04-16","2020-05-02","2019-2020","11305","11689"
"712","PON200518","Pont de l'Ascension","2020-05-18","2020-05-23","2019-2020","12073","12193"
"713","PON200518","Pont de l'Ascension","2020-05-18","2020-05-23","2019-2020","12073","12193"
"714","VAC200702","Vacances d'Été","2020-07-02","2020-08-30","2019-2020","13153","14569"
"715","VAC200702","Vacances d'Été","2020-07-02","2020-08-30","2019-2020","13153","14569"
"716","VAC200702","Vacances d'Été","2020-07-02","2020-08-29","2019-2020","13153","14545"
"717","VAC200702","Vacances d'Été","2020-07-02","2020-08-29","2019-2020","13153","14545"
"718","VAC201015","Vacances de la Toussaint","2020-10-15","2020-10-31","2020-2021","15673","16057"
"719","VAC201015","Vacances de la Toussaint","2020-10-15","2020-10-31","2020-2021","15673","16057"
"720","VAC201015","Vacances de la Toussaint","2020-10-15","2020-10-31","2020-2021","15673","16057"
"721","VAC201217","Vacances de Noël","2020-12-17","2021-01-02","2020-2021","17185","17569"
"722","VAC201217","Vacances de Noël","2020-12-17","2021-01-02","2020-2021","17185","17569"
"723","VAC210408","Vacances de Printemps","2021-04-08","2021-04-24","2020-2021","19873","20257"
"724","VAC210408","Vacances de Printemps","2021-04-08","2021-04-24","2020-2021","19873","20257"
"725","PON210511","Pont de l'Ascension","2021-05-11","2021-05-15","2020-2021","20665","20761"
"726","PON210511","Pont de l'Ascension","2021-05-11","2021-05-15","2020-2021","20665","20761"
"727","PON210511","Pont de l'Ascension","2021-05-11","2021-05-15","2020-2021","20665","20761"
"728","VAC210704","Vacances d'Été","2021-07-04","2021-08-30","2020-2021","21961","23329"
"729","VAC210704","Vacances d'Été","2021-07-04","2021-08-30","2020-2021","21961","23329"
"730","VAC211216","Vacances de Noël","2021-12-16","2022-01-01","2021-2022","25921","26305"
"731","VAC211216","Vacances de Noël","2021-12-16","2022-01-01","2021-2022","25921","26305"
"732","VAC220414","Vacances de Printemps","2022-04-14","2022-04-30","2021-2022","28777","29161"
"733","PON220524","Pont de l'Ascension","2022-05-24","2022-05-28","2021-2022","29737","29833"
"734","PON220524","Pont de l'Ascension","2022-05-24","2022-05-28","2021-2022","29737","29833"
"735","PON220524","Pont de l'Ascension","2022-05-24","2022-05-28","2021-2022","29737","29833"
"736","VAC220705","Vacances d'Été","2022-07-05","2022-08-30","2021-2022","30745","32089"
"737","VAC220705","Vacances d'Été","2022-07-05","2022-08-30","2021-2022","30745","32089"
"738","VAC220705","Vacances d'Été","2022-07-05","2022-08-29","2021-2022","30745","32065"
"739","VAC220705","Vacances d'Été","2022-07-05","2022-08-29","2021-2022","30745","32065"
"740","VAC220705","Vacances d'Été","2022-07-05","2022-08-29","2021-2022","30745","32065"
"741","VAC221215","Vacances de Noël","2022-12-15","2023-01-01","2022-2023",NULL,NULL
"742","VAC221215","Vacances de Noël","2022-12-15","2023-01-01","2022-2023",NULL,NULL
"743","VAC190420","Vacances de Printemps","2019-04-20","2019-05-04","2018-2019","2617","2953"
"744","VAC191219","Vacances de Noël","2019-12-19","2020-01-04","2019-2020","8449","8833"
"745","VAC210415","Vacances de Printemps","2021-04-15","2021-05-01","2020-2021","20041","20425"
"746","VAC210706","Vacances d'Été","2021-07-06","2021-08-31","2020-2021","22009","23353"
"747","VAC220706","Vacances d'Été","2022-07-06","2022-08-31","2021-2022","30769","32113"
"748","VAC221020","Vacances de la Toussaint","2022-10-20","2022-11-05","2022-2023","33313","33697"
"749","VAC190213","Vacances d'Hiver","2019-02-13","2019-03-02","2018-2019","1033","1441"
"750","VAC190701","Vacances d'Été","2019-07-01","2019-09-02","2018-2019","4345","5857"
"751","VAC211025","Vacances de la Toussaint","2021-10-25","2021-11-06","2021-2022","24673","24961"
"752","VAC220629","Vacances d'Été","2022-06-29","2022-08-30","2021-2022","30601","32089"
"753","VAC201217","Vacances de Noël","2020-12-17","2021-01-02","2020-2021","17185","17569"
"754","VAC210704","Vacances d'Été","2021-07-04","2021-09-04","2020-2021","21961","23449"
"755","ABO211007","Abolition de l’esclavage","2021-10-07","2021-10-07","2021-2022","24241","24241"
"756","VAC211025","Vacances de la Toussaint","2021-10-25","2021-11-01","2021-2022","24673","24841"
"757","VAC221215","Vacances de Noël","2022-12-15","2023-01-01","2022-2023",NULL,NULL
"758","VAC191219","Vacances de Noël","2019-12-19","2020-01-04","2019-2020","8449","8833"
"759","VAC201217","Vacances de Noël","2020-12-17","2021-01-02","2020-2021","17185","17569"
"760","VAC221020","Vacances de la Toussaint","2022-10-20","2022-11-05","2022-2023","33313","33697"
"761","VAC221215","Vacances de Noël","2022-12-15","2023-01-01","2022-2023",NULL,NULL
"762","VAC190706","Vacances d'Été","2019-07-06","2019-08-31","2018-2019","4465","5809"
"763","PON200518","Pont de l'Ascension","2020-05-18","2020-05-23","2019-2020","12073","12193"
"764","VAC201217","Vacances de Noël","2020-12-17","2021-01-02","2020-2021","17185","17569"
"765","VAC210701","Vacances d'Été","2021-07-01","2021-08-31","2020-2021","21889","23353"
"766","VAC211216","Vacances de Noël","2021-12-16","2022-01-01","2021-2022","25921","26305"
"767","VAC220707","Vacances d'Été","2022-07-07","2022-09-03","2021-2022","30793","32185"
"768","VAC190704","Vacances d'Hiver austral","2019-07-04","2019-08-12","2018-2019","4417","5353"
"769","VAC201217","Vacances d'Été austral","2020-12-17","2021-01-23","2020-2021","17185","18073"
"770","VAC210502","Vacances après 4ème période","2021-05-02","2021-05-15","2020-2021","20449","20761"
"771","VAC210705","Vacances d'Hiver austral","2021-07-05","2021-08-14","2020-2021","21985","22945"
"772","VAC211007","Vacances après 1ère période","2021-10-07","2021-10-23","2021-2022","24241","24625"
"773","VAC220707","Vacances d'Hiver austral","2022-07-07","2022-08-14","2021-2022","30793","31705"
"774","VAC221215","Vacances d'Été austral","2022-12-15","2023-01-21","2022-2023",NULL,NULL
"775","VAC190704","Vacances d'Été","2019-07-04","2019-08-21","2018-2019","4417","5569"
"776","VAC191010","Vacances de la Toussaint","2019-10-10","2019-10-26","2019-2020","6769","7153"
"777","VAC200227","Vacances de Carnaval","2020-02-27","2020-03-14","2019-2020","10129","10513"
"778","VAC200702","Vacances d'Été","2020-07-02","2020-08-18","2019-2020","13153","14281"
"779","VAC211007","Vacances de la Toussaint","2021-10-07","2021-10-23","2021-2022","24241","24625"
"780","VAC211209","Vacances de Noël","2021-12-09","2022-01-08","2021-2022","25753","26473"
"781","VAC220428","Vacances de Printemps","2022-04-28","2022-05-14","2021-2022","29113","29497"
"782","VAC220704","Vacances d'Été","2022-07-04","2022-08-22","2021-2022","30721","31897"
"783","VAC220704","Vacances d'Été","2022-07-04","2022-08-20","2021-2022","30721","31849"
"784","GRA190702","Grandes Vacances","2019-07-02","2019-08-10","2018-2019","4369","5305"
"785","GRA200630","Grandes Vacances","2020-06-30","2020-08-10","2019-2020","13105","14089"
"786","GRA200702","Grandes Vacances","2020-07-02","2020-08-08","2019-2020","13153","14041"
"787","VAC201210","Vacances de Noël","2020-12-10","2021-01-09","2020-2021","17017","17737"
"788","VAC210401","Vacances de Pâques","2021-04-01","2021-04-17","2020-2021","19705","20089"
"789","GRA210701","Grandes Vacances","2021-07-01","2021-08-07","2020-2021","21889","22777"
"790","VAC220519","Vacances de Mai","2022-05-19","2022-05-28","2021-2022","29617","29833"
"791","GRA220630","Grandes Vacances","2022-06-30","2022-08-06","2021-2022","30625","31513"
"792","VAC221020","Vacances de Novembre","2022-10-20","2022-11-05","2022-2023","33313","33697"
"793","VAC221208","Vacances de Noël","2022-12-08","2023-01-07","2022-2023",NULL,NULL
"794","VAC210325","Vacances 1ère période","2021-03-25","2021-04-09","2021","19537","19897"
"795","VAC210603","Vacances 2ème période","2021-06-03","2021-06-18","2021","21217","21577"
"796","VAC191212","Vacances d'Été","2019-12-12","2020-02-05","2019","8281","9601"
"797","VAC201210","Vacances d'Été","2020-12-10","2021-02-13","2020","17017","18577"
"798","VAC210401","Vacances 1ère période","2021-04-01","2021-04-16","2021","19705","20065"
"799","VAC210603","Vacances 2ème période","2021-06-03","2021-06-18","2021","21217","21577"
"800","VAC210805","Vacances 3ème période","2021-08-05","2021-08-20","2021","22729","23089"
"801","VAC211216","Vacances d'Été","2021-12-16","2022-02-12","2021","25921","27313"
"802","VAC190221","Vacances d'Hiver","2019-02-21","2019-03-09","2018-2019","1225","1609"
"803","VAC190221","Vacances d'Hiver","2019-02-21","2019-03-09","2018-2019","1225","1609"
"804","VAC190418","Vacances de Printemps","2019-04-18","2019-05-04","2018-2019","2569","2953"
"805","VAC190418","Vacances de Printemps","2019-04-18","2019-05-04","2018-2019","2569","2953"
"806","PON190527","Pont de l'Ascension","2019-05-27","2019-06-01","2018-2019","3505","3625"
"807","VAC190704","Vacances d'Été","2019-07-04","2019-08-31","2018-2019","4417","5809"
"808","VAC190704","Vacances d'Été","2019-07-04","2019-08-28","2018-2019","4417","5737"
"809","VAC190704","Vacances d'Été","2019-07-04","2019-08-28","2018-2019","4417","5737"
"810","VAC191017","Vacances de la Toussaint","2019-10-17","2019-11-02","2019-2020","6937","7321"
"811","VAC191017","Vacances de la Toussaint","2019-10-17","2019-11-02","2019-2020","6937","7321"
"812","VAC191219","Vacances de Noël","2019-12-19","2020-01-04","2019-2020","8449","8833"
"813","VAC200206","Vacances d'Hiver","2020-02-06","2020-02-22","2019-2020","9625","10009"
"814","VAC200402","Vacances de Printemps","2020-04-02","2020-04-18","2019-2020","10969","11353"
"815","VAC200402","Vacances de Printemps","2020-04-02","2020-04-18","2019-2020","10969","11353"
"816","VAC200402","Vacances de Printemps","2020-04-02","2020-04-18","2019-2020","10969","11353"
"817","PON200518","Pont de l'Ascension","2020-05-18","2020-05-23","2019-2020","12073","12193"
"818","PON200518","Pont de l'Ascension","2020-05-18","2020-05-23","2019-2020","12073","12193"
"819","VAC200702","Vacances d'Été","2020-07-02","2020-08-30","2019-2020","13153","14569"
"820","VAC200702","Vacances d'Été","2020-07-02","2020-08-29","2019-2020","13153","14545"
"821","VAC201015","Vacances de la Toussaint","2020-10-15","2020-10-31","2020-2021","15673","16057"
"822","VAC201015","Vacances de la Toussaint","2020-10-15","2020-10-31","2020-2021","15673","16057"
"823","VAC210408","Vacances de Printemps","2021-04-08","2021-04-24","2020-2021","19873","20257"
"824","VAC210408","Vacances de Printemps","2021-04-08","2021-04-24","2020-2021","19873","20257"
"825","VAC210408","Vacances de Printemps","2021-04-08","2021-04-24","2020-2021","19873","20257"
"826","VAC210704","Vacances d'Été","2021-07-04","2021-08-30","2020-2021","21961","23329"
"827","VAC210704","Vacances d'Été","2021-07-04","2021-08-30","2020-2021","21961","23329"
"828","VAC211021","Vacances de la Toussaint","2021-10-21","2021-11-06","2021-2022","24577","24961"
"829","VAC220217","Vacances d'Hiver","2022-02-17","2022-03-05","2021-2022","27433","27817"
"830","PON220524","Pont de l'Ascension","2022-05-24","2022-05-28","2021-2022","29737","29833"
"831","VAC220705","Vacances d'Été","2022-07-05","2022-08-30","2021-2022","30745","32089"
"832","VAC220705","Vacances d'Été","2022-07-05","2022-08-29","2021-2022","30745","32065"
"833","VAC220705","Vacances d'Été","2022-07-05","2022-08-29","2021-2022","30745","32065"
"834","VAC190207","Vacances d'Hiver","2019-02-07","2019-02-23","2018-2019","889","1273"
"835","VAC190207","Vacances d'Hiver","2019-02-07","2019-02-23","2018-2019","889","1273"
"836","VAC190404","Vacances de Printemps","2019-04-04","2019-04-21","2018-2019","2233","2641"
"837","VAC190404","Vacances de Printemps","2019-04-04","2019-04-21","2018-2019","2233","2641"
"838","PON190527","Pont de l'Ascension","2019-05-27","2019-06-01","2018-2019","3505","3625"
"839","PON190527","Pont de l'Ascension","2019-05-27","2019-06-01","2018-2019","3505","3625"
"840","VAC190704","Vacances d'Été","2019-07-04","2019-08-31","2018-2019","4417","5809"
"841","VAC190704","Vacances d'Été","2019-07-04","2019-08-28","2018-2019","4417","5737"
"842","VAC190704","Vacances d'Été","2019-07-04","2019-08-28","2018-2019","4417","5737"
"843","VAC190704","Vacances d'Été","2019-07-04","2019-08-28","2018-2019","4417","5737"
"844","VAC191017","Vacances de la Toussaint","2019-10-17","2019-11-02","2019-2020","6937","7321"
"845","VAC191017","Vacances de la Toussaint","2019-10-17","2019-11-02","2019-2020","6937","7321"
"846","VAC191219","Vacances de Noël","2019-12-19","2020-01-04","2019-2020","8449","8833"
"847","VAC200213","Vacances d'Hiver","2020-02-13","2020-02-29","2019-2020","9793","10177"
"848","VAC200213","Vacances d'Hiver","2020-02-13","2020-02-29","2019-2020","9793","10177"
"849","VAC200213","Vacances d'Hiver","2020-02-13","2020-02-29","2019-2020","9793","10177"
"850","VAC200409","Vacances de Printemps","2020-04-09","2020-04-25","2019-2020","11137","11521"
"851","PON200518","Pont de l'Ascension","2020-05-18","2020-05-23","2019-2020","12073","12193"
"852","PON200518","Pont de l'Ascension","2020-05-18","2020-05-23","2019-2020","12073","12193"
"853","VAC200702","Vacances d'Été","2020-07-02","2020-08-30","2019-2020","13153","14569"
"854","VAC200702","Vacances d'Été","2020-07-02","2020-08-30","2019-2020","13153","14569"
"855","VAC200702","Vacances d'Été","2020-07-02","2020-08-30","2019-2020","13153","14569"
"856","VAC200702","Vacances d'Été","2020-07-02","2020-08-30","2019-2020","13153","14569"
"857","VAC200702","Vacances d'Été","2020-07-02","2020-08-29","2019-2020","13153","14545"
"858","VAC200702","Vacances d'Été","2020-07-02","2020-08-29","2019-2020","13153","14545"
"859","VAC201015","Vacances de la Toussaint","2020-10-15","2020-10-31","2020-2021","15673","16057"
"860","VAC201217","Vacances de Noël","2020-12-17","2021-01-02","2020-2021","17185","17569"
"861","VAC201217","Vacances de Noël","2020-12-17","2021-01-02","2020-2021","17185","17569"
"862","VAC210218","Vacances d'Hiver","2021-02-18","2021-03-06","2020-2021","18697","19081"
"863","VAC210218","Vacances d'Hiver","2021-02-18","2021-03-06","2020-2021","18697","19081"
"864","VAC210218","Vacances d'Hiver","2021-02-18","2021-03-06","2020-2021","18697","19081"
"865","VAC210408","Vacances de Printemps","2021-04-08","2021-04-24","2020-2021","19873","20257"
"866","VAC210408","Vacances de Printemps","2021-04-08","2021-04-24","2020-2021","19873","20257"
"867","PON210511","Pont de l'Ascension","2021-05-11","2021-05-15","2020-2021","20665","20761"
"868","PON210511","Pont de l'Ascension","2021-05-11","2021-05-15","2020-2021","20665","20761"
"869","VAC210704","Vacances d'Été","2021-07-04","2021-08-30","2020-2021","21961","23329"
"870","VAC211021","Vacances de la Toussaint","2021-10-21","2021-11-06","2021-2022","24577","24961"
"871","VAC211216","Vacances de Noël","2021-12-16","2022-01-01","2021-2022","25921","26305"
"872","VAC211216","Vacances de Noël","2021-12-16","2022-01-01","2021-2022","25921","26305"
"873","VAC211216","Vacances de Noël","2021-12-16","2022-01-01","2021-2022","25921","26305"
"874","VAC211216","Vacances de Noël","2021-12-16","2022-01-01","2021-2022","25921","26305"
"875","VAC211216","Vacances de Noël","2021-12-16","2022-01-01","2021-2022","25921","26305"
"876","VAC220203","Vacances d'Hiver","2022-02-03","2022-02-19","2021-2022","27097","27481"
"877","VAC220407","Vacances de Printemps","2022-04-07","2022-04-23","2021-2022","28609","28993"
"878","PON220524","Pont de l'Ascension","2022-05-24","2022-05-28","2021-2022","29737","29833"
"879","VAC220705","Vacances d'Été","2022-07-05","2022-08-30","2021-2022","30745","32089"
"880","VAC220705","Vacances d'Été","2022-07-05","2022-08-30","2021-2022","30745","32089"
"881","VAC220705","Vacances d'Été","2022-07-05","2022-08-30","2021-2022","30745","32089"
"882","VAC220705","Vacances d'Été","2022-07-05","2022-08-30","2021-2022","30745","32089"
"883","VAC220705","Vacances d'Été","2022-07-05","2022-08-29","2021-2022","30745","32065"
"884","VAC220705","Vacances d'Été","2022-07-05","2022-08-29","2021-2022","30745","32065"
"885","VAC221020","Vacances de la Toussaint","2022-10-20","2022-11-05","2022-2023","33313","33697"
"886","VAC221020","Vacances de la Toussaint","2022-10-20","2022-11-05","2022-2023","33313","33697"
"887","VAC221020","Vacances de la Toussaint","2022-10-20","2022-11-05","2022-2023","33313","33697"
"888","VAC221020","Vacances de la Toussaint","2022-10-20","2022-11-05","2022-2023","33313","33697"
"889","VAC221215","Vacances de Noël","2022-12-15","2023-01-01","2022-2023",NULL,NULL
"890","VAC190221","Vacances d'Hiver","2019-02-21","2019-03-09","2018-2019","1225","1609"
"891","PON190527","Pont de l'Ascension","2019-05-27","2019-06-01","2018-2019","3505","3625"
"892","PON190527","Pont de l'Ascension","2019-05-27","2019-06-01","2018-2019","3505","3625"
"893","VAC190704","Vacances d'Été","2019-07-04","2019-08-31","2018-2019","4417","5809"
"894","VAC190704","Vacances d'Été","2019-07-04","2019-08-28","2018-2019","4417","5737"
"895","VAC191017","Vacances de la Toussaint","2019-10-17","2019-11-02","2019-2020","6937","7321"
"896","VAC191219","Vacances de Noël","2019-12-19","2020-01-04","2019-2020","8449","8833"
"897","PON200518","Pont de l'Ascension","2020-05-18","2020-05-23","2019-2020","12073","12193"
"898","VAC200702","Vacances d'Été","2020-07-02","2020-08-30","2019-2020","13153","14569"
"899","VAC200702","Vacances d'Été","2020-07-02","2020-08-30","2019-2020","13153","14569"
"900","VAC200702","Vacances d'Été","2020-07-02","2020-08-30","2019-2020","13153","14569"
"901","VAC200702","Vacances d'Été","2020-07-02","2020-08-29","2019-2020","13153","14545"
"902","VAC200702","Vacances d'Été","2020-07-02","2020-08-29","2019-2020","13153","14545"
"903","VAC201015","Vacances de la Toussaint","2020-10-15","2020-10-31","2020-2021","15673","16057"
"904","VAC201217","Vacances de Noël","2020-12-17","2021-01-02","2020-2021","17185","17569"
"905","VAC201217","Vacances de Noël","2020-12-17","2021-01-02","2020-2021","17185","17569"
"906","VAC210211","Vacances d'Hiver","2021-02-11","2021-02-27","2020-2021","18529","18913"
"907","VAC210211","Vacances d'Hiver","2021-02-11","2021-02-27","2020-2021","18529","18913"
"908","VAC210211","Vacances d'Hiver","2021-02-11","2021-02-27","2020-2021","18529","18913"
"909","VAC211021","Vacances de la Toussaint","2021-10-21","2021-11-06","2021-2022","24577","24961"
"910","VAC211021","Vacances de la Toussaint","2021-10-21","2021-11-06","2021-2022","24577","24961"
"911","VAC211021","Vacances de la Toussaint","2021-10-21","2021-11-06","2021-2022","24577","24961"
"912","VAC211216","Vacances de Noël","2021-12-16","2022-01-01","2021-2022","25921","26305"
"913","VAC220217","Vacances d'Hiver","2022-02-17","2022-03-05","2021-2022","27433","27817"
"914","VAC220421","Vacances de Printemps","2022-04-21","2022-05-07","2021-2022","28945","29329"
"915","VAC220421","Vacances de Printemps","2022-04-21","2022-05-07","2021-2022","28945","29329"
"916","PON220524","Pont de l'Ascension","2022-05-24","2022-05-28","2021-2022","29737","29833"
"917","VAC220705","Vacances d'Été","2022-07-05","2022-08-30","2021-2022","30745","32089"
"918","VAC220705","Vacances d'Été","2022-07-05","2022-08-30","2021-2022","30745","32089"
"919","VAC221020","Vacances de la Toussaint","2022-10-20","2022-11-05","2022-2023","33313","33697"
"920","VAC221215","Vacances de Noël","2022-12-15","2023-01-01","2022-2023",NULL,NULL
"921","VAC190214","Vacances d'Hiver","2019-02-14","2019-03-02","2018-2019","1057","1441"
"922","VAC190214","Vacances d'Hiver","2019-02-14","2019-03-02","2018-2019","1057","1441"
"923","VAC190214","Vacances d'Hiver","2019-02-14","2019-03-02","2018-2019","1057","1441"
"924","VAC190411","Vacances de Printemps","2019-04-11","2019-04-27","2018-2019","2401","2785"
"925","PON190527","Pont de l'Ascension","2019-05-27","2019-06-01","2018-2019","3505","3625"
"926","PON190527","Pont de l'Ascension","2019-05-27","2019-06-01","2018-2019","3505","3625"
"927","VAC190704","Vacances d'Été","2019-07-04","2019-08-31","2018-2019","4417","5809"
"928","VAC191017","Vacances de la Toussaint","2019-10-17","2019-11-02","2019-2020","6937","7321"
"929","VAC191017","Vacances de la Toussaint","2019-10-17","2019-11-02","2019-2020","6937","7321"
"930","VAC191017","Vacances de la Toussaint","2019-10-17","2019-11-02","2019-2020","6937","7321"
"931","VAC191219","Vacances de Noël","2019-12-19","2020-01-04","2019-2020","8449","8833"
"932","VAC200416","Vacances de Printemps","2020-04-16","2020-05-02","2019-2020","11305","11689"
"933","VAC200416","Vacances de Printemps","2020-04-16","2020-05-02","2019-2020","11305","11689"
"934","VAC200416","Vacances de Printemps","2020-04-16","2020-05-02","2019-2020","11305","11689"
"935","PON200518","Pont de l'Ascension","2020-05-18","2020-05-23","2019-2020","12073","12193"
"936","PON200518","Pont de l'Ascension","2020-05-18","2020-05-23","2019-2020","12073","12193"
"937","VAC200702","Vacances d'Été","2020-07-02","2020-08-30","2019-2020","13153","14569"
"938","VAC200702","Vacances d'Été","2020-07-02","2020-08-29","2019-2020","13153","14545"
"939","VAC200702","Vacances d'Été","2020-07-02","2020-08-29","2019-2020","13153","14545"
"940","VAC201015","Vacances de la Toussaint","2020-10-15","2020-10-31","2020-2021","15673","16057"
"941","VAC201015","Vacances de la Toussaint","2020-10-15","2020-10-31","2020-2021","15673","16057"
"942","VAC210408","Vacances de Printemps","2021-04-08","2021-04-24","2020-2021","19873","20257"
"943","VAC210408","Vacances de Printemps","2021-04-08","2021-04-24","2020-2021","19873","20257"
"944","VAC210408","Vacances de Printemps","2021-04-08","2021-04-24","2020-2021","19873","20257"
"945","VAC210704","Vacances d'Été","2021-07-04","2021-08-31","2020-2021","21961","23353"
"946","VAC210704","Vacances d'Été","2021-07-04","2021-08-31","2020-2021","21961","23353"
"947","VAC210704","Vacances d'Été","2021-07-04","2021-08-31","2020-2021","21961","23353"
"948","VAC210704","Vacances d'Été","2021-07-04","2021-08-30","2020-2021","21961","23329"
"949","VAC210704","Vacances d'Été","2021-07-04","2021-08-30","2020-2021","21961","23329"
"950","VAC211021","Vacances de la Toussaint","2021-10-21","2021-11-06","2021-2022","24577","24961"
"951","VAC211021","Vacances de la Toussaint","2021-10-21","2021-11-06","2021-2022","24577","24961"
"952","VAC220210","Vacances d'Hiver","2022-02-10","2022-02-26","2021-2022","27265","27649"
"953","VAC220210","Vacances d'Hiver","2022-02-10","2022-02-26","2021-2022","27265","27649"
"954","VAC220414","Vacances de Printemps","2022-04-14","2022-04-30","2021-2022","28777","29161"
"955","VAC220414","Vacances de Printemps","2022-04-14","2022-04-30","2021-2022","28777","29161"
"956","VAC220414","Vacances de Printemps","2022-04-14","2022-04-30","2021-2022","28777","29161"
"957","PON220524","Pont de l'Ascension","2022-05-24","2022-05-28","2021-2022","29737","29833"
"958","VAC220705","Vacances d'Été","2022-07-05","2022-08-30","2021-2022","30745","32089"
"959","VAC220705","Vacances d'Été","2022-07-05","2022-08-29","2021-2022","30745","32065"
"960","VAC220705","Vacances d'Été","2022-07-05","2022-08-29","2021-2022","30745","32065"
"961","VAC221020","Vacances de la Toussaint","2022-10-20","2022-11-05","2022-2023","33313","33697"
"962","VAC221215","Vacances de Noël","2022-12-15","2023-01-01","2022-2023",NULL,NULL
"963","VAC221215","Vacances de Noël","2022-12-15","2023-01-01","2022-2023",NULL,NULL
