zone_sk,ds,aqi_forecast,aqi_lower,aqi_upper,row_type,pm25_forecast,pm25_lower,pm25_upper,co2_forecast,co2_lower,co2_upper,nrj_forecast,nrj_lower,nrj_upper
1,2019-01-01,27.4542,23.8308,31.3841,historical,14.5438,11.7803,17.3865,97.7656,48.5338,146.8366,78.8659,66.62,90.1371
1,2019-02-01,28.0015,24.4484,31.7494,historical,15.1362,12.6848,18.0303,7.0362,0.0,56.2487,75.2361,64.0644,87.1016
1,2019-03-01,24.3417,20.7153,28.2609,historical,15.5296,12.9356,18.0916,66.8863,19.9747,116.86,82.8315,71.0107,95.1858
1,2019-04-01,22.0662,18.2503,25.7358,historical,15.7236,12.8324,18.3268,39.2725,0.0,84.9215,89.2571,78.1524,101.5814
1,2019-05-01,23.8047,20.6069,27.5478,historical,16.2643,13.5657,18.8433,109.4021,60.7016,158.5457,82.4786,70.5894,93.6259
1,2019-06-01,22.838,19.2041,26.4489,historical,10.8633,8.2062,13.5576,97.6638,45.8969,147.5958,79.7371,67.424,91.7778
1,2019-07-01,21.6888,17.8448,25.3137,historical,12.6559,9.9315,15.2635,27.9496,0.0,77.3717,84.5562,71.9125,95.4605
1,2019-08-01,25.0864,21.4377,28.857,historical,14.2948,11.5553,17.0513,101.0878,53.628,146.9795,80.6234,68.694,91.6399
1,2019-09-01,32.1734,28.5739,35.7221,historical,16.9699,14.2165,19.5129,94.7496,47.9019,144.141,82.9475,72.0489,94.6226
1,2019-10-01,25.9007,22.165,29.6771,historical,16.4264,13.4571,19.235,18.4568,0.0,66.8127,83.6829,71.795,96.0548
1,2019-11-01,21.8418,18.1749,25.4484,historical,11.8072,9.127,14.4533,99.3636,53.02,143.645,80.9437,69.4632,92.2098
1,2019-12-01,19.7935,15.8227,23.8128,historical,12.1813,9.4373,14.8501,127.6111,77.2881,174.5418,97.3511,85.0747,108.7314
1,2020-01-01,25.8382,22.0451,29.5484,historical,13.7183,10.7985,16.1774,94.5822,44.7519,145.3701,76.1998,65.0371,88.2323
1,2020-02-01,28.6211,24.809,32.2005,historical,13.8462,11.2272,16.6478,0.0,0.0,36.5076,81.9646,71.1286,94.1179
1,2020-03-01,27.93,24.2673,31.5735,historical,14.0486,11.1745,16.6092,32.7387,0.0,81.9653,87.263,75.3442,99.3747
1,2020-04-01,14.0068,10.4372,17.6276,historical,13.4484,10.8452,16.1618,56.5414,6.9381,102.6654,94.5245,82.8174,105.951
1,2020-05-01,25.8175,22.3569,29.6028,historical,11.6763,9.0216,14.3263,47.1604,0.3638,98.1027,89.1069,76.6565,100.1639
1,2020-06-01,21.1291,17.6337,25.0654,historical,16.5533,13.8467,19.2427,109.1891,59.871,161.2073,80.4718,69.77,92.5921
1,2020-07-01,25.0552,21.3497,28.9588,historical,13.5866,10.9806,16.2125,101.7641,56.243,148.1802,79.3114,67.7158,91.2056
1,2020-08-01,22.8354,19.1048,26.4728,historical,12.1285,9.3621,15.0586,85.1368,36.7011,135.5234,85.3261,73.7509,97.0834
1,2020-09-01,21.1435,17.5885,25.0314,historical,13.3331,10.7417,16.0787,117.0129,68.1461,166.8817,76.5786,64.8404,88.2523
1,2020-10-01,23.28,19.2833,27.0537,historical,15.1415,12.3548,17.8164,41.245,0.0,92.5833,96.0164,83.753,107.7702
1,2020-11-01,25.0013,20.8296,28.495,historical,13.9094,11.3953,16.5626,62.2361,12.718,110.2067,90.3244,78.6895,101.9155
1,2020-12-01,25.3121,21.9996,29.1995,historical,12.8923,10.2816,15.4364,88.6077,44.0037,136.1202,68.9295,56.3701,80.8475
1,2021-01-01,23.5284,19.5621,27.1049,historical,13.189,10.5623,15.926,130.266,82.2985,179.0607,96.0071,83.7002,108.4955
1,2021-02-01,19.4815,15.6396,23.2444,historical,14.7953,12.3573,17.572,73.6368,24.8249,120.871,72.6387,60.9092,84.4778
1,2021-03-01,25.1913,21.7397,29.1696,historical,14.2037,11.5202,17.0012,53.0723,4.3665,99.6311,86.0094,75.532,98.1166
1,2021-04-01,15.3843,11.6573,19.2892,historical,13.9022,11.1192,16.5748,59.9102,8.448,105.9918,92.8224,80.6677,104.1747
1,2021-05-01,24.1013,20.3027,28.0524,historical,12.9748,10.3789,15.5385,77.4118,27.155,124.1537,86.7547,75.2145,98.3088
1,2021-06-01,20.7971,16.9513,24.4551,historical,14.4382,11.917,17.146,115.3781,67.2853,162.5887,79.9066,68.3901,91.7196
1,2021-07-01,23.1627,19.3858,27.0103,historical,13.0179,10.2725,15.7028,86.5115,38.9217,134.402,80.6648,69.9492,92.0495
1,2021-08-01,22.9389,19.0279,26.7984,historical,12.6241,10.0854,15.4626,99.5883,46.7206,148.4253,83.2221,71.4366,95.3592
1,2021-09-01,24.4137,20.8497,28.0485,historical,14.3796,11.5318,17.0316,118.9433,70.4804,169.5189,78.0431,66.6088,89.8605
1,2021-10-01,23.9949,20.2677,27.6129,historical,15.4613,12.7285,18.2635,42.6185,0.0,89.6153,91.0887,78.9475,102.725
1,2021-11-01,23.9343,20.3048,27.6027,historical,13.1122,10.4581,15.7955,83.706,36.5826,133.0235,86.0373,74.4278,98.7136
1,2021-12-01,23.5358,19.7762,27.2534,historical,12.5592,9.795,15.3335,111.4355,60.9184,160.1482,77.2775,65.3127,88.2185
1,2022-01-01,24.4922,20.9361,28.3131,historical,13.3003,10.4274,15.8621,128.3815,79.2288,174.2812,88.1768,75.4968,99.8457
1,2022-02-01,22.9686,19.2718,26.64,historical,14.4395,11.7415,17.1803,54.2833,6.1026,102.0563,74.3819,63.0074,86.4846
1,2022-03-01,24.11,20.501,27.9839,historical,14.3732,11.4667,17.0244,73.7905,26.2565,121.1718,84.7096,72.6721,96.1053
1,2022-04-01,18.1869,14.4218,21.8054,historical,14.3634,11.5986,17.1758,63.4847,15.1226,109.6831,91.0921,79.6605,102.1874
1,2022-05-01,23.546,20.0449,27.2228,historical,14.2328,11.4672,16.9281,107.4941,57.4471,154.3897,84.4242,72.607,96.692
1,2022-06-01,21.5187,17.7587,25.2353,historical,12.2959,9.4876,15.1063,120.8603,75.8103,172.9807,79.3902,68.0174,91.1238
1,2022-07-01,22.2272,18.8191,26.2346,historical,12.4883,9.9048,15.2477,71.2207,23.1219,115.7423,81.9956,70.3374,93.9502
1,2022-08-01,23.913,20.4031,27.8969,historical,13.1543,10.5479,15.6729,114.2272,63.9793,158.1481,81.0853,68.7124,92.7033
1,2022-09-01,28.3515,24.7812,31.9011,historical,15.427,12.8805,18.2288,120.8419,70.7982,169.9836,79.4468,66.7735,92.2291
1,2022-10-01,25.1636,21.5338,28.9873,historical,15.7503,12.832,18.4577,44.3436,0.0,88.9015,86.1104,74.4441,97.5928
1,2022-11-01,23.2116,19.2029,26.9514,historical,12.2984,9.5897,14.9444,105.4108,54.886,154.3473,81.8937,70.057,93.8434
1,2022-12-01,22.0617,18.2667,25.5916,historical,12.2352,9.3345,14.9477,133.7648,83.1007,182.7765,85.593,73.8921,97.4173
1,2023-01-01,25.6651,21.9131,29.3353,forecast,13.4167,10.6569,16.0561,125.8037,78.2994,174.1343,80.2616,68.773,91.7491
1,2023-02-01,26.4558,22.8585,29.97,forecast,14.0896,11.2947,16.7311,35.0696,0.0,80.3276,76.1793,63.889,87.9169
1,2023-03-01,23.0157,19.3955,26.6048,forecast,14.5556,11.9185,17.2651,94.9156,46.6264,140.6972,83.366,72.4205,95.5278
1,2023-04-01,20.9835,17.3425,25.1697,forecast,14.83,11.9511,17.6013,67.2971,15.766,111.8345,89.3392,78.33,101.4739
1,2023-05-01,22.9576,19.1101,26.7894,forecast,15.4487,12.8366,18.1855,137.4222,89.9951,185.0151,82.1229,70.7735,93.51
1,2023-06-01,22.2342,18.467,25.8085,forecast,10.1281,7.5687,12.8208,125.6792,77.07,174.8005,78.9289,67.1351,89.679
1,2023-07-01,21.3205,17.821,25.0947,forecast,11.9985,9.3846,14.7684,55.9605,7.0956,105.6222,83.3101,71.392,95.2369
1,2023-08-01,24.9614,21.209,28.6509,forecast,13.7179,10.912,16.5437,129.0941,83.3175,179.5928,78.9249,67.1453,91.1045
1,2023-09-01,32.2917,28.5103,35.9517,forecast,16.4735,13.8439,19.138,122.7512,75.5504,170.0405,80.7965,69.5079,92.6231
1,2023-10-01,26.2544,22.626,29.9348,forecast,16.0078,13.674,18.63,46.454,0.6859,94.462,81.0941,69.0278,93.4443
1,2023-11-01,22.4387,18.6499,26.0877,forecast,11.469,8.6621,14.1159,127.356,75.9822,176.1884,77.9028,66.6094,89.4541
1,2023-12-01,20.6255,16.8008,24.3004,forecast,11.9209,9.1187,14.6224,155.5991,109.3164,202.6737,93.8737,81.4191,105.6471
1,2024-01-01,26.9133,23.0316,30.5338,forecast,13.5383,10.8408,16.1129,122.5655,72.3081,174.9216,72.2714,60.1697,83.9943
1,2024-02-01,29.9393,26.1294,33.768,forecast,13.7459,10.9824,16.4786,16.0424,0.0,62.7966,78.034,66.1139,90.3191
1,2024-03-01,29.4754,25.6638,33.0455,forecast,13.9486,11.2308,16.6953,60.713,13.5233,108.1176,83.3313,71.6034,95.5805
1,2024-04-01,15.7953,11.9012,19.185,forecast,13.3487,10.5777,15.9375,84.511,39.842,133.9509,90.5919,78.7313,103.1103
1,2024-05-01,27.8406,24.3846,31.789,forecast,11.5768,9.0185,14.4608,75.1255,23.5999,121.2805,85.1735,73.0071,98.1334
1,2024-06-01,23.2869,19.4703,26.8942,forecast,16.4539,13.8616,19.2049,137.1496,86.4132,187.3176,76.5376,64.9669,87.7185
1,2024-07-01,27.3435,23.4769,31.1756,forecast,13.4874,10.5763,16.1128,129.7201,80.6389,182.0641,75.3764,64.262,87.4102
1,2024-08-01,25.2582,21.5808,28.7723,forecast,12.0294,9.2293,14.7811,113.0881,64.3889,157.8724,81.3903,68.7769,93.5902
1,2024-09-01,23.7008,19.7916,27.3029,forecast,13.2341,10.593,16.0333,144.9595,97.8738,191.9464,72.6419,61.0016,85.0391
1,2024-10-01,25.9675,22.2371,29.4388,forecast,15.0426,12.4076,17.6735,69.1872,17.9179,119.894,92.079,79.7571,103.772
1,2024-11-01,27.823,24.0584,31.8688,forecast,13.8106,10.9328,16.5859,90.1736,40.2659,134.5498,86.3861,73.9592,96.8672
1,2024-12-01,28.2634,24.528,32.361,forecast,12.7934,9.924,15.4516,116.5407,65.0953,165.7848,64.9904,53.1108,77.0314
2,2019-01-01,26.5372,23.9561,28.8994,historical,14.5492,12.1444,17.0846,113.8206,71.4964,157.5982,73.5977,61.6271,84.7034
2,2019-02-01,22.3952,20.1401,24.8795,historical,13.9332,11.5139,16.46,80.2913,38.2079,125.2679,80.4624,68.3098,91.4199
2,2019-03-01,31.1136,28.5366,33.5612,historical,23.4206,21.1066,25.8653,93.0285,48.8193,138.4119,78.5807,66.9983,90.1956
2,2019-04-01,26.6861,24.382,29.0243,historical,14.8475,12.5115,17.2608,33.9571,0.0,74.6007,71.0814,60.0294,82.1971
2,2019-05-01,22.1397,19.6213,24.5795,historical,10.6889,8.344,13.0321,128.693,87.2081,171.9953,74.4684,63.5118,86.2905
2,2019-06-01,20.708,18.0967,23.2938,historical,14.3897,12.2949,16.7412,87.6083,42.9229,128.6036,78.716,68.1494,90.0421
2,2019-07-01,26.5211,24.0433,28.9352,historical,16.4639,14.1424,18.6613,61.4713,13.3422,104.2277,72.738,61.5124,84.452
2,2019-08-01,24.1555,21.657,26.7387,historical,14.2727,11.9848,16.5595,1.5178,0.0,45.7257,75.5148,63.588,86.3699
2,2019-09-01,25.3549,22.7624,27.8474,historical,17.1808,14.8277,19.6549,135.2527,88.2682,175.0722,80.155,69.7653,91.8337
2,2019-10-01,21.9473,19.4228,24.4233,historical,13.1394,10.7888,15.5231,64.6062,22.4487,105.0797,68.226,55.9865,79.6099
2,2019-11-01,23.9225,21.2743,26.1871,historical,11.4797,9.1927,13.7396,95.3872,50.1045,139.2122,74.6207,63.2578,86.0777
2,2019-12-01,23.8256,21.3973,26.1769,historical,16.4167,14.0669,18.7519,38.5392,0.0,81.2316,74.4909,63.4351,86.6035
2,2020-01-01,24.095,21.7545,26.5167,historical,12.6148,10.2765,14.994,114.0947,72.7219,156.4589,71.4884,60.0741,82.1543
2,2020-02-01,20.9338,18.5586,23.4735,historical,12.1426,9.9623,14.5341,64.9061,20.9294,105.664,84.8527,73.0844,96.0
2,2020-03-01,23.104,20.6356,25.5067,historical,11.4373,9.0997,13.7973,81.076,38.7343,123.0497,87.6025,75.6151,99.4007
2,2020-04-01,23.5183,20.963,25.9268,historical,18.4197,16.0169,20.7076,95.914,52.7755,142.2571,70.8821,60.1266,82.622
2,2020-05-01,22.9182,20.7058,25.4097,historical,12.3801,10.0469,14.6736,65.9971,21.5567,106.4827,83.3037,71.4974,94.8822
2,2020-06-01,27.1459,24.8992,29.516,historical,16.0285,13.3997,18.3065,5.5922,0.0,48.9484,62.943,51.0242,74.5325
2,2020-07-01,24.135,21.8121,26.466,historical,14.5014,12.113,16.9229,79.998,38.9769,123.145,76.5639,65.2831,87.9773
2,2020-08-01,25.729,23.2328,28.2581,historical,14.4183,11.9109,16.6771,99.052,56.1506,141.4518,81.1266,70.5409,91.7409
2,2020-09-01,22.4035,19.9457,24.8052,historical,12.233,9.9915,14.475,55.6106,12.9999,96.4734,66.1523,54.6662,77.3775
2,2020-10-01,22.1332,19.5216,24.5223,historical,14.7407,12.2665,17.1992,66.7319,18.7929,109.9385,66.9976,55.6166,77.1783
2,2020-11-01,18.9682,16.4985,21.4498,historical,10.7863,8.4942,13.1895,95.4632,52.3582,140.0027,90.9102,79.2788,103.1514
2,2020-12-01,24.5643,21.9556,27.0892,historical,14.9212,12.6116,17.3717,16.8004,0.0,60.3752,66.0475,54.1781,77.2589
2,2021-01-01,30.5371,27.988,32.9365,historical,16.2343,13.7774,18.738,79.3831,36.3658,124.014,74.3621,62.5739,85.9666
2,2021-02-01,24.6689,22.2654,27.161,historical,15.5696,13.2621,17.8859,77.1775,34.4104,121.1188,67.9941,56.468,79.8065
2,2021-03-01,25.4621,23.0705,28.0984,historical,14.7845,12.5482,17.1569,74.1119,30.2935,118.3922,83.4674,72.6304,95.6698
2,2021-04-01,24.3339,21.8695,26.7373,historical,16.6652,14.252,19.0856,63.8203,21.8646,106.3127,69.7406,58.649,80.4626
2,2021-05-01,22.4287,20.0594,24.9121,historical,11.2182,8.8447,13.6432,75.2311,29.6316,119.3757,79.0739,66.9162,90.6281
2,2021-06-01,24.7143,22.3469,27.176,historical,14.8927,12.7084,17.1385,22.2067,0.0,64.3789,66.9554,54.3755,77.7251
2,2021-07-01,24.6179,22.1893,27.0404,historical,14.5949,12.157,16.7471,63.5379,21.1728,108.6564,74.1427,63.4296,85.1104
2,2021-08-01,24.9019,22.5569,27.4267,historical,13.8391,11.4307,16.2161,55.1448,11.8096,98.207,77.9906,66.4518,89.1153
2,2021-09-01,23.087,20.652,25.6143,historical,13.4046,11.1544,15.7339,70.6175,28.163,111.1993,69.5979,58.7115,81.7179
2,2021-10-01,21.7804,19.3255,24.2389,historical,13.7734,11.3586,15.9372,55.0985,9.7087,99.2315,66.3181,54.6706,78.2369
2,2021-11-01,20.3521,18.1247,22.8608,historical,10.5902,8.2692,12.8525,84.2794,42.1131,127.359,84.2642,72.6551,96.0746
2,2021-12-01,24.0917,21.5843,26.5581,historical,15.0421,12.5944,17.2683,12.8327,0.0,58.587,67.5685,57.3472,79.2812
2,2022-01-01,28.1166,25.6891,30.503,historical,14.6638,12.3711,16.9493,80.0782,37.4339,123.663,72.1371,61.0018,83.6818
2,2022-02-01,23.0718,20.6495,25.6692,historical,14.0033,11.6083,16.2374,62.2151,14.9186,105.783,72.4227,61.7187,84.5467
2,2022-03-01,27.8486,25.543,30.3503,historical,18.4073,15.9627,20.9082,67.0093,23.7816,111.7244,79.2499,67.7403,90.1885
2,2022-04-01,25.1059,22.7023,27.2779,historical,15.1012,12.6574,17.539,32.0762,0.0,76.7928,68.5972,56.631,80.2713
2,2022-05-01,21.8845,19.5581,24.4953,historical,10.2807,7.9328,12.4606,85.0532,40.9765,127.8495,74.9188,64.184,86.3575
2,2022-06-01,22.283,19.8221,24.7463,historical,13.9726,11.7632,16.3141,38.4717,0.0,83.4931,71.0054,59.9927,82.5593
2,2022-07-01,25.1288,22.5367,27.4799,historical,14.8754,12.5503,17.2227,46.2735,7.2908,91.8893,71.6579,60.46,83.5787
2,2022-08-01,24.0929,21.6706,26.6963,historical,13.4167,11.137,15.7624,11.5368,0.0,54.779,74.9103,63.5417,87.1625
2,2022-09-01,23.7867,21.3631,26.2614,historical,14.6805,12.2695,17.148,86.086,40.6641,127.3406,73.0578,61.4337,84.5937
2,2022-10-01,21.4341,19.1622,23.9517,historical,12.8657,10.4249,15.084,43.3061,0.0,85.0849,65.5182,54.2047,76.998
2,2022-11-01,21.7197,19.1918,24.1732,historical,10.4478,8.0716,12.6919,73.1691,30.4575,114.0111,77.6232,66.4509,89.0151
2,2022-12-01,23.5607,20.9472,25.9644,historical,15.1673,12.8296,17.2292,8.9972,0.0,51.6397,69.1742,57.416,80.5909
2,2023-01-01,25.6837,23.1869,28.2079,forecast,13.0839,10.6835,15.2222,80.5678,37.5985,125.6976,69.9703,58.279,81.2203
2,2023-02-01,21.5418,19.2675,24.0051,forecast,12.4976,10.0495,14.7349,47.0385,5.546,93.1739,76.835,65.6163,88.5166
2,2023-03-01,30.2601,27.908,32.7949,forecast,22.0118,19.7204,24.4804,59.7758,14.654,101.6562,74.9533,63.0948,86.0889
2,2023-04-01,25.8327,23.4845,28.3716,forecast,13.4684,11.2142,15.6994,0.7044,0.0,47.8231,67.4539,55.6015,78.8692
2,2023-05-01,21.2863,18.8928,23.7074,forecast,9.3386,6.9632,11.5692,95.4402,53.2395,136.8045,70.841,58.9599,82.3955
2,2023-06-01,19.8546,17.4791,22.2415,forecast,13.0691,10.7919,15.4164,54.3555,8.9916,96.642,75.0886,63.8397,86.744
2,2023-07-01,25.6677,23.2596,27.9788,forecast,15.1721,12.7457,17.453,28.2185,0.0,71.7499,69.1105,57.3118,79.9457
2,2023-08-01,23.3021,20.8388,25.8342,forecast,13.0106,10.7375,15.4475,0.0,0.0,13.2381,71.8873,60.806,83.0035
2,2023-09-01,24.5015,22.1015,26.7352,forecast,15.9484,13.5903,18.4369,101.9999,60.2373,140.243,76.5275,65.4983,88.986
2,2023-10-01,21.0939,18.3794,23.4674,forecast,11.9357,9.7597,14.3479,31.3535,0.0,78.7889,64.5985,53.1692,76.7327
2,2023-11-01,23.0691,20.3874,25.5893,forecast,10.3058,7.7919,12.7053,62.1345,18.7023,106.9148,70.9933,59.6745,82.1358
2,2023-12-01,22.9722,20.4608,25.5178,forecast,15.2714,12.814,17.6517,5.2864,0.0,46.7957,70.8634,59.5266,81.9121
2,2024-01-01,23.2416,20.8459,25.7458,forecast,11.4993,9.193,13.8456,80.8419,35.6345,126.2372,67.861,56.6484,79.5832
2,2024-02-01,20.0804,17.707,22.4618,forecast,11.0567,8.7996,13.2856,31.6534,0.0,74.4947,81.2253,69.4798,92.7093
2,2024-03-01,22.2506,19.8777,24.8696,forecast,10.3793,8.0658,12.5736,47.8232,3.2821,90.7029,83.9751,72.7278,95.6307
2,2024-04-01,22.6649,20.3298,25.2944,forecast,17.3913,15.0217,19.6605,62.6612,18.463,108.265,67.2547,56.1753,78.7545
2,2024-05-01,22.0648,19.581,24.4466,forecast,11.3804,9.0507,13.7509,32.7443,0.0,71.3236,79.6763,68.5253,91.1956
2,2024-06-01,26.2925,23.8565,28.7681,forecast,15.0583,12.6345,17.3956,0.0,0.0,13.6587,59.3156,47.3969,70.4314
2,2024-07-01,23.2815,20.8882,25.787,forecast,13.5598,11.2714,15.9438,46.7453,3.2953,88.9647,72.9365,61.4694,84.6239
2,2024-08-01,24.8756,22.4014,27.4464,forecast,13.506,11.2026,15.8365,65.7992,22.8546,106.1639,77.4992,66.7057,89.5376
2,2024-09-01,21.55,19.0767,24.0763,forecast,11.3489,9.0905,13.9022,22.3578,0.0,67.9073,62.5249,51.7143,73.9532
2,2024-10-01,21.2798,18.8809,23.9306,forecast,13.884,11.538,16.2835,33.4791,0.0,76.2576,63.3701,52.3113,75.3719
2,2024-11-01,18.1148,15.6057,20.5189,forecast,9.9577,7.4026,12.1416,62.2105,19.3885,106.2628,87.2828,75.786,98.1464
2,2024-12-01,23.7108,21.2562,26.0065,forecast,14.1193,11.7639,16.5659,0.0,0.0,26.9098,62.4201,51.198,74.11
3,2019-01-01,23.0938,18.9125,26.8956,historical,16.3716,12.511,20.2078,78.8446,41.8157,120.9562,217.6268,177.8242,259.0275
3,2019-02-01,22.838,18.8701,26.9294,historical,13.0818,9.3215,16.9729,42.3545,4.8124,84.261,102.3192,60.859,138.4357
3,2019-03-01,29.947,25.9997,34.1879,historical,17.4025,13.9516,20.9995,118.1308,77.0982,155.7544,99.334,61.9612,141.7996
3,2019-04-01,18.3328,14.1881,22.1963,historical,11.8402,8.5317,15.6537,32.5998,0.0,71.5162,92.476,52.063,128.223
3,2019-05-01,26.9681,23.3509,30.8152,historical,13.1773,9.5501,16.7783,112.2846,72.7673,150.6085,107.9345,68.9837,147.8763
3,2019-06-01,27.5059,23.3795,31.7288,historical,15.8755,12.4806,19.5771,59.2697,20.8303,102.3066,94.827,57.499,137.9131
3,2019-07-01,24.4552,20.5411,28.5359,historical,14.825,10.8805,18.3274,37.1749,0.0,77.6794,81.5445,40.0475,121.0236
3,2019-08-01,27.9892,24.2169,32.016,historical,11.7136,8.0203,15.1767,24.7919,0.0,64.8788,77.5341,35.5997,120.5052
3,2019-09-01,21.2676,17.2858,25.3586,historical,12.1858,8.8387,15.7177,89.2738,46.1778,127.1276,77.4201,33.7499,114.509
3,2019-10-01,19.0902,15.2046,23.3183,historical,10.1174,6.2593,13.9055,71.253,29.9207,110.4871,72.3128,31.4629,112.7268
3,2019-11-01,24.8436,20.9057,28.8139,historical,15.6492,12.0756,19.3591,20.8892,0.0,60.9491,56.6835,17.234,98.5336
3,2019-12-01,20.4713,16.5888,24.1768,historical,9.0627,5.4687,12.9067,68.3131,27.7463,107.0397,70.2298,28.5926,113.395
3,2020-01-01,25.2097,21.3323,29.2721,historical,20.6152,17.1543,24.2931,78.4941,37.1486,117.9569,172.2485,132.5889,213.3198
3,2020-02-01,21.7095,17.3158,25.6442,historical,11.5362,7.6354,15.2961,21.6766,0.0,62.3323,34.5626,0.0,77.0006
3,2020-03-01,25.3879,21.2379,29.3635,historical,14.2384,10.5804,18.0462,16.4648,0.0,57.7337,58.5374,14.3582,101.4818
3,2020-04-01,26.1899,21.9281,30.4032,historical,17.9189,13.9536,21.1537,93.807,53.702,132.8883,55.6946,17.0365,95.3251
3,2020-05-01,24.9242,20.7497,29.1525,historical,12.9893,9.5121,16.6207,85.0824,43.9865,124.2371,59.1077,14.5465,98.8996
3,2020-06-01,24.7245,21.1273,28.5306,historical,16.2088,12.7305,19.9146,53.8957,12.2853,93.2136,51.5452,10.3369,91.6476
3,2020-07-01,25.5126,21.6351,29.2726,historical,10.903,7.1509,14.6763,46.4156,2.6439,86.7046,61.7481,20.4738,103.1491
3,2020-08-01,26.958,23.0665,31.1253,historical,11.9477,8.3484,15.5302,49.4844,6.7961,88.2518,73.7199,29.8525,113.8341
3,2020-09-01,24.9936,20.9129,29.0323,historical,17.6952,14.1138,21.211,100.9581,63.2724,141.125,73.9196,33.4993,113.0434
3,2020-10-01,21.4968,17.7173,25.3694,historical,12.6389,8.9697,16.6349,0.0,0.0,37.4135,74.6293,33.2966,112.7607
3,2020-11-01,20.337,16.2114,24.2773,historical,12.1767,8.6158,15.8359,22.392,0.0,64.9627,64.4844,24.1277,106.5615
3,2020-12-01,24.7007,20.6451,28.905,historical,15.5301,11.6841,19.026,101.0176,61.3682,142.9798,70.927,31.9835,114.9241
3,2021-01-01,20.4372,16.3068,24.3328,historical,10.8005,7.1157,14.4301,71.5468,32.0854,107.4223,118.4218,78.9804,160.2777
3,2021-02-01,26.6623,22.6464,31.1451,historical,19.0092,15.5742,22.5932,76.9356,37.5996,118.0421,69.0664,28.9832,107.0184
3,2021-03-01,27.4573,23.5071,31.6541,historical,16.2791,12.7117,19.8326,47.76,9.0803,88.0819,55.4802,15.9004,97.5632
3,2021-04-01,24.1046,19.8471,28.4663,historical,16.879,13.0366,20.3664,71.0531,29.1438,112.6419,53.6435,13.8456,93.7235
3,2021-05-01,26.0926,22.1508,30.3419,historical,13.999,10.2405,17.9074,91.3772,47.5371,130.2071,63.4502,21.5243,103.7833
3,2021-06-01,26.186,22.104,30.1601,historical,17.0546,13.2656,20.7843,53.1921,12.9112,90.7895,56.6147,16.2797,100.5577
3,2021-07-01,25.7071,21.8935,29.8857,historical,13.2,9.4329,17.0063,40.8064,2.1399,82.2987,61.3961,19.0159,100.7048
3,2021-08-01,27.856,24.0641,31.7419,historical,12.8993,9.3893,16.6157,38.4855,0.7023,74.8675,70.3387,30.2439,110.8533
3,2021-09-01,24.2962,20.3458,28.3383,historical,16.8581,12.9443,20.4406,93.9691,53.3309,131.4454,72.7454,30.5349,113.4144
3,2021-10-01,21.1907,17.0649,25.031,historical,12.7416,9.1341,16.6293,20.5963,0.0,62.4954,73.8216,32.1998,114.7519
3,2021-11-01,22.3662,18.3197,26.2363,historical,14.3113,10.7727,18.1527,19.6998,0.0,59.5063,61.7892,19.7117,100.5872
3,2021-12-01,23.8217,19.6947,27.79,historical,14.3269,10.8244,17.6764,87.5775,50.2424,127.7537,70.4625,30.6151,111.9818
3,2022-01-01,22.5657,18.3546,26.6389,historical,15.0602,11.5289,18.8593,71.2172,32.9756,113.3439,136.5915,96.1169,175.6035
3,2022-02-01,25.5526,21.6876,30.002,historical,17.5345,13.789,21.1899,55.4643,15.1009,94.7133,57.8961,19.9973,96.8727
3,2022-03-01,29.5097,25.5907,33.7263,historical,18.3148,14.5275,22.137,78.9975,37.2639,118.5949,52.6278,9.5922,91.6508
3,2022-04-01,22.0173,17.9596,26.2934,historical,15.8331,12.1891,19.4748,47.9844,8.2251,87.4696,51.837,11.8172,91.978
3,2022-05-01,27.3067,22.9557,31.1568,historical,15.0426,11.3667,18.4568,97.7832,59.6544,138.0184,67.9681,24.7154,110.6774
3,2022-06-01,27.6462,23.816,31.6921,historical,17.9247,14.3944,21.7097,52.3203,10.9585,91.9946,61.6666,18.2706,103.1875
3,2022-07-01,25.8873,21.8016,29.9302,historical,15.4891,11.9012,19.2302,35.0594,0.0,74.7694,60.9224,23.1795,99.6484
3,2022-08-01,28.7324,24.656,33.1458,historical,13.8025,10.1814,17.3192,27.5858,0.0,68.2536,66.9179,27.2827,106.6996
3,2022-09-01,23.5863,19.5388,27.7125,historical,16.0022,12.5257,19.7579,87.4089,44.8276,127.8405,71.6021,28.2484,113.7733
3,2022-10-01,20.9209,16.8256,25.2379,historical,12.882,9.3438,16.9367,41.9281,0.5793,82.1414,73.0443,30.6472,113.1781
3,2022-11-01,24.4015,20.1958,28.3572,historical,16.4503,12.9138,20.3913,16.5349,0.0,57.9015,59.1901,19.8718,103.3444
3,2022-12-01,22.9443,18.5503,26.6546,historical,13.152,9.5617,16.828,74.0064,31.4742,114.8084,70.2409,29.2833,109.938
3,2023-01-01,24.6896,20.1394,28.8943,forecast,19.314,15.8373,22.9457,70.8655,31.4944,108.464,154.5558,113.9294,194.7908
3,2023-02-01,24.4339,20.4518,28.397,forecast,16.0242,12.2107,19.6625,34.3744,0.0,76.5339,46.4136,5.5969,88.1003
3,2023-03-01,31.543,27.4406,35.637,forecast,20.345,16.5862,23.8662,110.1497,73.5799,150.5152,49.9004,8.5595,90.2022
3,2023-04-01,19.9289,15.5818,23.5841,forecast,14.7827,11.0769,18.4782,24.6176,0.0,63.9839,50.2079,10.6362,90.3434
3,2023-05-01,28.5643,24.5717,32.7689,forecast,16.1199,12.6609,19.9591,104.3014,62.3382,145.5963,72.5989,31.2074,112.6179
3,2023-06-01,29.1023,25.1613,33.4367,forecast,18.8182,15.2391,22.3171,51.2855,11.0973,90.6341,66.6502,23.9162,106.1064
3,2023-07-01,26.0517,21.8764,30.339,forecast,17.7677,13.9277,21.2496,29.1896,0.0,68.3486,60.2956,19.4527,101.43
3,2023-08-01,29.5859,25.2432,33.798,forecast,14.6564,10.9485,18.1796,16.8055,0.0,59.2376,63.4396,22.7652,104.413
3,2023-09-01,22.8644,18.779,27.1294,forecast,15.1287,11.099,18.8555,81.2864,42.7294,121.3385,70.4772,29.4657,107.8279
3,2023-10-01,20.6871,16.5429,24.4506,forecast,13.0603,9.3417,16.8251,63.2645,25.0681,104.2514,72.2908,32.8661,110.9666
3,2023-11-01,26.4406,22.3443,30.5409,forecast,18.5922,14.7934,22.1664,12.9,0.0,52.17,56.6868,13.7175,96.3146
3,2023-12-01,22.0684,18.0775,26.2718,forecast,12.0057,8.277,15.6045,60.3232,21.3055,101.0226,70.2553,29.1499,113.0867
3,2024-01-01,26.807,22.6911,31.108,forecast,23.5583,19.8775,27.5638,70.5034,27.0069,112.6901,172.297,130.2705,214.5811
3,2024-02-01,23.3069,19.1283,27.215,forecast,14.4793,10.5988,18.0501,13.6852,0.0,55.8859,34.6289,0.0,77.4845
3,2024-03-01,26.9855,22.9211,31.2582,forecast,17.1816,13.5152,21.1769,8.4727,0.0,48.2835,58.6201,17.3352,100.9181
3,2024-04-01,27.7876,23.7916,31.9515,forecast,20.8621,17.2774,24.5544,85.8141,45.8124,128.8431,55.7948,17.0818,97.4882
3,2024-05-01,26.522,22.3658,30.6182,forecast,15.9327,12.3435,19.7875,77.0888,37.1244,117.8062,59.2218,16.8137,102.6758
3,2024-06-01,26.3225,22.4406,30.2607,forecast,19.1522,15.5627,22.8194,45.9014,4.116,89.6123,51.6717,6.8309,94.9528
3,2024-07-01,27.1106,23.0052,31.1847,forecast,13.8464,10.1224,17.6049,38.4206,0.0,77.4682,61.8865,16.1013,109.7106
3,2024-08-01,28.5561,24.7177,32.6125,forecast,14.8912,11.4264,18.5822,41.4886,1.3833,82.9833,73.8671,25.9874,117.2978
3,2024-09-01,26.5919,22.8469,30.6473,forecast,20.6388,17.1908,24.2782,92.9616,52.9145,130.3712,74.0737,27.9747,119.6119
3,2024-10-01,23.0952,19.1955,26.9121,forecast,15.5826,12.1513,19.3954,0.0,0.0,31.275,74.79,28.079,118.9835
3,2024-11-01,21.9355,17.8012,25.8155,forecast,15.1204,11.1217,18.6318,14.394,0.0,51.8948,64.6506,15.3643,110.7837
3,2024-12-01,26.2993,22.1768,30.1237,forecast,18.4739,14.7289,22.197,93.0189,49.8548,133.5905,71.095,21.2887,120.8465
4,2019-01-01,24.2128,21.4616,26.886,historical,10.7458,8.4715,12.9029,113.7295,75.3133,154.1192,75.8536,65.2867,86.2779
4,2019-02-01,28.7234,26.0559,31.3304,historical,17.0767,14.6665,19.3484,88.2491,49.6096,125.7281,79.011,68.2591,89.4474
4,2019-03-01,23.5038,20.7266,25.9831,historical,13.2344,10.7647,15.5421,41.8956,3.8541,79.7888,70.1724,59.0446,81.1536
4,2019-04-01,23.6687,21.0434,26.3554,historical,14.0233,11.6182,16.3722,88.9804,48.3917,126.8123,65.1036,53.8791,75.7996
4,2019-05-01,27.4943,24.8394,30.2343,historical,12.5113,10.1842,14.9462,10.6146,0.0,49.5919,68.5863,58.6257,79.4976
4,2019-06-01,22.6222,19.8048,25.1807,historical,12.9914,10.8349,15.2372,49.4427,12.6407,89.6578,72.1815,61.5002,82.6449
4,2019-07-01,22.5149,19.8728,25.1376,historical,14.7723,12.4563,17.2492,104.08,67.8881,141.9174,81.0942,71.1574,92.8019
4,2019-08-01,14.9031,12.2819,17.5403,historical,12.523,10.3158,14.8535,86.6738,49.9294,125.7251,71.4594,59.7273,81.8669
4,2019-09-01,24.6796,21.717,27.4338,historical,12.5769,10.1534,14.85,33.729,0.0,72.0011,56.1995,45.0626,66.7398
4,2019-10-01,35.8668,33.1245,38.4242,historical,11.6994,9.3389,14.0119,61.9606,23.7501,101.6214,72.2615,59.9255,84.0921
4,2019-11-01,25.0556,22.3172,27.853,historical,12.2344,10.0767,14.6186,119.1079,79.9894,157.8397,78.6693,67.1904,88.9998
4,2019-12-01,19.9438,17.3479,22.7335,historical,14.21,11.8656,16.2641,53.1743,14.9455,91.6194,80.4571,69.7651,91.3445
4,2020-01-01,23.3666,20.807,26.26,historical,10.479,8.1762,12.7704,118.4299,81.9768,156.1683,76.0959,65.7428,86.796
4,2020-02-01,30.3232,27.7125,33.0029,historical,18.7223,16.4809,20.9319,98.9729,62.8594,139.413,86.5883,76.3087,97.733
4,2020-03-01,24.4381,21.7352,27.0634,historical,15.2018,12.7619,17.6823,29.1192,0.0,67.9549,78.1773,66.4837,89.3379
4,2020-04-01,26.1689,23.2949,28.7392,historical,13.2049,10.937,15.5165,89.5411,50.0227,125.608,80.9565,69.6293,91.3713
4,2020-05-01,22.1343,19.5533,24.649,historical,16.4837,14.1099,18.8781,89.5826,49.1006,127.2941,74.8903,63.6561,85.6347
4,2020-06-01,23.4433,20.7996,26.0737,historical,12.1892,9.7223,14.5845,75.8368,38.2266,114.2329,61.1534,50.4495,72.3066
4,2020-07-01,22.0257,19.3378,24.8899,historical,15.674,13.2315,17.8929,34.2622,0.0,73.9267,73.3097,61.4783,84.1995
4,2020-08-01,22.8823,20.0467,25.4955,historical,12.2739,9.8546,14.6159,0.0,0.0,25.2829,77.5758,65.7018,88.3437
4,2020-09-01,23.0746,20.3172,25.7828,historical,11.1992,8.9007,13.5191,111.2035,72.675,150.628,70.6983,60.4787,81.6649
4,2020-10-01,21.2826,18.5682,23.99,historical,16.2117,13.9123,18.3916,98.9319,59.7775,135.9544,71.6274,60.1929,82.4708
4,2020-11-01,30.5507,27.6988,33.2102,historical,12.126,9.6656,14.4038,103.3627,64.9521,139.726,81.9668,72.0058,93.5732
4,2020-12-01,25.6475,22.7395,28.296,historical,12.7336,10.3573,15.0529,73.7058,35.7819,108.8726,78.7329,67.7813,89.6546
4,2021-01-01,24.4223,21.8333,27.0941,historical,13.8348,11.593,16.2609,103.1529,64.1748,141.9822,84.0515,72.391,95.5669
4,2021-02-01,23.9028,21.2962,26.6905,historical,16.2835,13.9245,18.6014,64.7959,26.6494,104.6061,72.3512,61.2749,83.2966
4,2021-03-01,23.5953,20.9429,26.1375,historical,15.0856,12.6725,17.3459,33.0048,0.0,70.6873,78.4832,67.6682,89.3453
4,2021-04-01,24.7586,22.036,27.4106,historical,13.9608,11.5373,16.4294,89.1905,51.6483,128.8612,78.5116,67.1734,88.841
4,2021-05-01,23.3604,20.6643,25.9044,historical,15.5733,13.2632,17.8559,62.5218,23.5296,102.9758,75.4847,64.1288,85.8544
4,2021-06-01,22.6388,20.0245,25.2922,historical,12.7968,10.3749,15.2055,65.5175,29.0395,103.1414,67.5839,56.8621,78.6312
4,2021-07-01,21.6564,19.0774,24.4205,historical,15.6708,13.4309,17.9757,56.2909,15.7979,93.7165,78.8469,68.312,89.6887
4,2021-08-01,19.6319,16.9454,22.3806,historical,12.5935,10.2501,14.8997,20.0388,0.0,58.6375,78.5142,67.1896,89.2793
4,2021-09-01,22.9502,20.2191,25.5545,historical,11.9,9.5121,14.1085,85.4681,46.8633,124.8596,68.7094,57.4655,78.8077
4,2021-10-01,25.6196,22.8431,28.2386,historical,14.9149,12.4785,17.0229,85.6746,47.6484,125.8768,74.6268,65.2313,85.8144
4,2021-11-01,28.2559,25.6623,30.855,historical,12.3214,9.9265,14.6426,107.7311,67.7421,147.5688,83.6885,72.7664,95.064
4,2021-12-01,23.172,20.4771,25.8104,historical,13.3957,11.2807,15.7339,65.9679,26.8341,103.561,82.15,71.1098,92.7228
4,2022-01-01,23.4469,20.8488,26.1726,historical,12.8532,10.691,15.2574,107.2451,68.481,145.6646,84.1984,73.1515,95.1703
4,2022-02-01,25.464,22.8321,28.1371,historical,17.1496,14.9613,19.5046,75.4619,38.4027,114.8058,79.9566,69.0033,90.5783
4,2022-03-01,22.7225,20.0907,25.614,historical,14.5524,12.2857,16.912,36.5714,0.0,75.9819,78.6627,67.2937,90.2647
4,2022-04-01,23.3636,20.6882,26.2591,historical,14.2935,11.8816,16.5957,88.3069,51.0531,126.0987,76.0739,64.5162,86.773
4,2022-05-01,24.5862,21.9315,27.5269,historical,14.2475,12.0443,16.4815,35.4933,0.0,75.3625,76.2316,65.4771,87.8059
4,2022-06-01,21.8035,19.1076,24.4938,historical,12.9999,10.73,15.4416,56.0214,17.2562,96.1165,74.1107,63.152,85.2848
4,2022-07-01,21.2575,18.531,23.9806,historical,15.2447,12.9826,17.6182,78.8812,37.838,116.4401,84.2922,74.4244,94.9032
4,2022-08-01,16.4092,13.6108,19.1149,historical,12.4877,9.9612,14.8834,52.6713,14.3155,94.0367,79.3236,68.4506,90.5241
4,2022-09-01,22.9235,20.2855,25.5227,historical,12.0877,9.6686,14.2911,58.9418,22.1645,95.1419,66.7236,55.5131,78.4023
4,2022-10-01,29.9205,27.2226,32.4629,historical,13.0585,10.7031,15.3524,72.6502,32.7648,109.2426,77.6869,66.4399,88.9389
4,2022-11-01,25.8612,23.1481,28.6312,historical,11.9229,9.6757,14.3729,112.2855,77.7231,152.3768,85.4381,74.2161,96.1586
4,2022-12-01,20.7071,17.9622,23.4089,historical,13.3733,10.9732,15.7746,58.4289,19.189,97.4392,85.574,75.1815,96.3484
4,2023-01-01,22.5319,19.6947,25.1838,forecast,11.1369,8.9498,13.4357,111.6469,73.8553,151.7792,84.3953,73.1313,95.3102
4,2023-02-01,27.0418,24.4318,29.867,forecast,17.3451,14.9471,19.9883,86.1666,49.3786,124.2213,87.5531,76.1462,99.2755
4,2023-03-01,21.8216,19.0214,24.4499,forecast,13.392,11.1249,15.5712,39.8132,0.0,79.2708,78.7149,68.1232,89.9121
4,2023-04-01,21.9859,19.1467,24.5183,forecast,14.0583,11.7182,16.225,86.8981,49.7889,125.3656,73.6465,63.6167,83.5339
4,2023-05-01,25.8108,23.1052,28.7035,forecast,12.4275,10.0012,14.6654,8.5324,0.0,44.8351,77.1296,66.7472,88.4367
4,2023-06-01,20.9381,18.2319,23.3981,forecast,12.7849,10.4693,15.0449,47.3606,10.3786,89.1032,80.7251,70.1344,91.6187
4,2023-07-01,20.8301,18.0002,23.5262,forecast,14.4471,12.2452,16.9512,101.998,65.1473,139.5789,89.6382,78.4607,100.2036
4,2023-08-01,13.2177,10.3772,15.9407,forecast,12.0752,9.7741,14.5372,84.592,43.8136,122.7705,80.0037,68.2499,90.7419
4,2023-09-01,22.9935,20.1193,25.8504,forecast,12.0064,9.9047,14.3937,31.6473,0.0,68.7657,64.7443,54.9086,75.2913
4,2023-10-01,34.1802,31.498,36.8108,forecast,11.0103,8.7004,13.4116,59.879,20.8368,98.0348,80.8067,69.3509,90.9779
4,2023-11-01,23.3683,20.8025,25.883,forecast,11.4225,9.0867,13.8515,117.0264,78.6493,154.63,87.2149,76.7098,97.8079
4,2023-12-01,18.2559,15.44,20.9039,forecast,13.2794,10.8233,15.5853,51.0929,11.1483,89.5823,89.0031,77.8617,99.7698
4,2024-01-01,21.678,19.1213,24.4563,forecast,9.4258,7.0582,11.8289,116.3487,79.632,153.7785,84.6422,73.0669,95.6248
4,2024-02-01,28.6341,25.784,31.3342,forecast,17.5465,15.1518,19.9562,96.8918,59.6533,134.2645,95.135,83.7404,105.6952
4,2024-03-01,22.7485,19.922,25.4214,forecast,13.9113,11.4782,16.2035,27.0382,0.0,65.5328,86.7243,75.7114,98.1359
4,2024-04-01,24.4788,21.6924,27.2286,forecast,11.7919,9.395,14.1843,87.4602,45.378,128.2184,89.504,78.6485,100.46
4,2024-05-01,20.4438,17.676,23.1208,forecast,14.9528,12.5162,17.1737,87.5019,48.147,124.5817,83.4381,72.6824,95.0415
4,2024-06-01,21.7526,18.8946,24.3355,forecast,10.5367,8.1023,12.7582,73.7561,35.813,113.1397,69.7017,58.2294,80.5485
4,2024-07-01,20.3347,17.6674,22.803,forecast,13.904,11.6164,16.2375,32.1817,0.0,68.3491,81.8583,70.5836,92.6222
4,2024-08-01,21.1912,18.5166,23.8777,forecast,10.3829,8.0793,12.7859,0.0,0.0,23.6189,86.1248,75.8879,97.8439
4,2024-09-01,21.3834,18.7282,23.9871,forecast,9.2452,6.9283,11.6316,109.1232,70.7744,148.6919,79.2476,67.4862,90.3648
4,2024-10-01,19.5914,16.9705,22.2639,forecast,14.1967,11.9321,16.5725,96.8517,60.5358,137.161,80.1771,68.9086,90.7292
4,2024-11-01,28.8595,26.2944,31.5706,forecast,10.0481,7.7232,12.3781,101.2827,64.7956,136.4174,90.5169,79.4099,101.196
4,2024-12-01,23.9562,21.0241,26.6512,forecast,10.5949,8.1853,13.0318,71.6258,34.2652,111.2143,87.2834,75.991,98.9201
5,2019-01-01,24.1339,20.5195,27.6881,historical,13.3692,10.5721,16.0874,76.0404,38.4965,110.7992,80.5769,71.6674,88.3259
5,2019-02-01,24.462,20.814,28.043,historical,15.3699,12.5954,18.0614,82.8633,48.1948,118.9232,71.7996,63.9443,79.9992
5,2019-03-01,25.3019,21.9331,28.8793,historical,12.3735,9.7441,15.1882,97.0782,62.6301,134.0278,70.9514,62.4586,77.8022
5,2019-04-01,31.9517,28.6099,35.6251,historical,20.7801,17.8718,23.4542,67.5157,33.1499,104.8018,71.7245,63.4555,80.0783
5,2019-05-01,19.1474,15.6246,22.8675,historical,13.4659,10.8572,16.3479,99.5938,61.3749,135.9611,77.9397,69.9355,85.8967
5,2019-06-01,22.8069,19.0687,26.2051,historical,13.161,10.2842,16.0108,29.3014,0.0,65.0584,81.0515,72.3123,89.4445
5,2019-07-01,22.2143,18.5678,26.1096,historical,15.0505,12.3618,17.7272,54.86,19.8474,90.6865,71.0436,62.3601,79.1917
5,2019-08-01,28.7176,25.1553,32.2997,historical,15.8092,13.1417,18.5431,90.1455,56.3258,124.9153,74.9383,66.9414,82.5704
5,2019-09-01,24.2843,20.4371,27.8659,historical,13.403,10.7536,16.2092,123.582,88.2355,156.0463,79.1027,70.8789,87.9
5,2019-10-01,25.239,21.8261,28.9751,historical,14.512,11.7458,17.2905,39.1015,4.3199,74.6389,66.2562,57.9819,74.5647
5,2019-11-01,14.4893,10.83,17.9468,historical,15.0241,12.154,17.9482,94.7708,59.3809,130.4155,77.7596,69.9637,86.7177
5,2019-12-01,27.9269,24.6591,31.3191,historical,14.7059,11.9261,17.5629,17.9419,0.0,53.424,77.0919,69.097,85.6004
5,2020-01-01,21.6957,17.9214,25.2708,historical,12.396,9.3072,15.0393,110.1939,74.7318,147.957,81.2356,73.1627,89.3541
5,2020-02-01,25.0242,21.2764,28.4952,historical,14.5008,11.8489,17.3978,75.2889,39.3815,114.4175,74.6344,66.2955,82.8634
5,2020-03-01,24.5612,20.9138,28.0918,historical,13.7662,10.9342,16.4963,124.9858,91.6375,162.0587,79.9152,72.1586,88.883
5,2020-04-01,22.3916,18.9225,25.994,historical,12.9458,10.082,15.6663,46.3562,8.4115,80.2012,78.2682,70.5403,85.9442
5,2020-05-01,25.359,21.7676,28.6118,historical,15.7573,12.9287,18.4563,33.18,0.0,68.9373,73.157,64.582,80.9229
5,2020-06-01,27.9183,24.5502,31.467,historical,15.2408,12.6093,18.0459,111.2221,74.8245,150.6959,71.8905,63.6614,80.6602
5,2020-07-01,24.3094,20.9085,27.8655,historical,13.8146,11.0635,16.5699,90.9312,57.9129,126.9467,79.6721,71.8053,87.5942
5,2020-08-01,22.6465,19.1901,26.2986,historical,15.354,12.5912,18.107,78.692,43.5833,114.455,84.6288,75.7434,92.7821
5,2020-09-01,24.9168,21.4259,28.5379,historical,14.1562,11.0215,17.0143,19.5521,0.0,56.8425,57.5284,49.1467,65.7136
5,2020-10-01,19.4641,15.8911,23.1428,historical,12.7874,10.1147,15.5924,120.3898,86.5862,153.6591,93.796,85.58,101.8752
5,2020-11-01,21.7546,18.1524,25.2133,historical,13.3489,10.5123,16.1466,60.9964,26.7559,98.1605,69.6192,60.907,77.5785
5,2020-12-01,23.5349,19.85,26.8884,historical,13.8461,11.217,16.364,108.0529,74.2874,144.8738,71.6961,64.0904,79.3314
5,2021-01-01,29.0347,25.4324,32.5982,historical,13.6842,10.8627,16.362,17.0632,0.0,54.1752,83.8969,75.1303,92.3746
5,2021-02-01,23.495,19.9388,27.047,historical,15.5243,12.8966,18.3497,105.4355,71.5815,141.4166,70.5707,62.3297,78.5741
5,2021-03-01,24.7843,21.2421,28.0134,historical,12.73,9.8221,15.637,118.3267,81.837,157.5165,78.1317,70.223,87.0816
5,2021-04-01,25.6268,22.2528,29.183,historical,15.0288,12.2062,17.809,55.9309,22.636,92.6845,77.1739,68.8749,85.5167
5,2021-05-01,23.3661,19.7779,26.8387,historical,14.5047,11.793,17.1796,58.695,22.8884,92.9028,75.8194,67.2458,84.3115
5,2021-06-01,26.2115,22.724,29.8152,historical,14.0125,11.0427,16.8597,87.2613,48.9809,122.4947,76.117,67.4665,85.0044
5,2021-07-01,23.5546,19.8788,27.0525,historical,13.6833,10.7801,16.3889,81.2809,46.7198,115.6497,77.9684,69.5694,86.5345
5,2021-08-01,24.65,21.2757,28.2378,historical,14.976,12.349,17.6796,84.7068,48.0261,120.433,82.3972,73.8641,91.0581
5,2021-09-01,24.7151,21.1695,28.0322,historical,13.3645,10.4223,16.0594,57.3707,17.6721,91.7285,65.8339,57.5089,74.3
5,2021-10-01,21.4344,17.9372,24.9776,historical,12.8197,9.9245,15.5527,96.5799,59.4664,132.3852,85.6921,77.8742,93.806
5,2021-11-01,19.3602,15.6806,23.0016,historical,13.3819,10.5042,16.3353,75.2169,38.7885,110.2923,73.2254,65.0683,81.5316
5,2021-12-01,25.0132,21.6376,28.5997,historical,13.621,10.9722,16.2232,80.5672,45.0134,112.9208,74.535,65.5528,82.2691
5,2022-01-01,26.5939,22.9724,30.1076,historical,12.736,10.1505,15.4712,50.7206,12.8951,87.6466,84.0601,76.5834,92.5411
5,2022-02-01,23.9651,20.4613,27.5783,historical,14.6486,12.0695,17.3314,98.6468,63.2967,131.5409,72.984,64.8569,81.0869
5,2022-03-01,25.0381,21.4141,28.3753,historical,11.7343,9.2306,14.4359,111.889,75.0383,146.0938,76.3075,67.9607,84.6161
5,2022-04-01,28.821,25.237,32.1736,historical,17.1096,14.2323,19.9223,65.8569,30.7249,100.7942,76.1375,68.1808,84.9386
5,2022-05-01,21.3012,17.9929,24.953,historical,13.2093,10.2626,16.0238,83.7093,47.6945,118.0803,78.5415,70.0487,87.3649
5,2022-06-01,24.5131,20.7537,27.6845,historical,12.7874,9.9878,15.4909,62.815,24.2809,98.526,80.2799,72.8586,88.3296
5,2022-07-01,22.8623,19.4067,26.3264,historical,13.5639,10.5425,16.1191,72.1219,36.4431,107.9425,76.1808,68.022,84.849
5,2022-08-01,26.6807,23.0127,30.0124,historical,14.5963,11.9994,17.3805,91.4,57.0919,129.3825,80.2371,72.0157,88.8421
5,2022-09-01,24.5109,21.2486,28.3494,historical,12.5819,9.8971,15.3539,94.9319,58.9878,132.0757,74.0797,66.2555,82.1958
5,2022-10-01,23.3662,19.8006,26.7622,historical,12.8634,10.2683,15.6207,72.3505,38.1512,107.3784,77.5445,69.2042,86.0931
5,2022-11-01,16.9441,13.2566,20.6691,historical,13.4091,10.8104,16.2277,89.3483,52.4211,126.4038,76.9566,69.0887,85.0094
5,2022-12-01,26.4836,23.1955,29.9819,historical,13.3762,10.7499,16.2023,53.3963,15.1933,87.1406,77.3517,68.9919,85.7542
5,2023-01-01,24.153,20.4105,27.6845,forecast,11.7749,9.2504,14.6368,84.6472,48.1653,119.7741,84.19,75.5898,91.8857
5,2023-02-01,24.4811,20.8936,28.0544,forecast,13.7757,10.9545,16.6329,91.4709,52.6212,129.0926,75.3556,67.3375,84.2303
5,2023-03-01,25.3211,21.7025,28.8342,forecast,10.7793,8.011,13.5634,105.6864,69.9298,141.7538,74.4559,66.1119,82.477
5,2023-04-01,31.9708,28.4671,35.6277,forecast,19.1858,16.2222,21.7352,76.1247,39.342,110.7472,75.1719,67.0205,83.7595
5,2023-05-01,19.1665,15.4987,22.5812,forecast,11.8716,9.1658,14.7344,108.2035,72.9446,143.7951,81.3318,73.0467,89.605
5,2023-06-01,22.826,19.3058,26.4633,forecast,11.5668,9.0131,14.3995,37.9118,0.1916,73.7164,84.3864,76.5071,92.712
5,2023-07-01,22.2334,18.7326,25.7626,forecast,13.4563,10.7936,16.2788,63.4711,27.3023,100.1891,74.3233,65.8665,82.7922
5,2023-08-01,28.7366,25.3998,32.2385,forecast,14.2149,11.3705,17.0109,98.7573,63.4079,134.4191,78.1611,69.6344,86.1277
5,2023-09-01,24.3034,20.5569,27.6123,forecast,11.8088,8.9,14.6209,132.1945,96.9752,169.3711,82.2697,73.9155,90.5173
5,2023-10-01,25.258,21.6645,28.776,forecast,12.9177,9.9991,15.7024,47.7147,8.998,83.1046,69.369,61.1715,78.0009
5,2023-11-01,14.5083,11.1532,18.0516,forecast,13.4298,10.6681,16.1477,103.3848,67.9476,136.9093,80.8181,71.7989,88.9686
5,2023-12-01,27.9458,24.3892,31.5202,forecast,13.1116,10.3159,15.8175,26.5566,0.0,63.2343,80.1485,71.7262,88.1898
5,2024-01-01,21.7147,18.1515,25.2332,forecast,10.8018,8.004,13.7295,118.8093,79.8039,155.3164,84.2902,75.8622,92.8904
5,2024-02-01,25.0431,21.7029,28.6727,forecast,12.9066,9.9749,15.5309,83.905,47.7985,119.3031,77.6873,69.483,86.0618
5,2024-03-01,24.5801,20.9223,27.9228,forecast,12.1719,9.2679,14.7971,133.6026,98.6068,166.6071,82.9669,75.0756,91.5161
5,2024-04-01,22.4105,18.8352,26.0761,forecast,11.3516,8.527,14.284,54.9738,17.871,89.6084,81.3184,72.6203,89.256
5,2024-05-01,25.3779,21.9818,28.6591,forecast,14.1631,11.1509,16.7526,41.7983,4.9988,76.7722,76.2059,67.5969,83.8855
5,2024-06-01,27.9372,24.5865,31.5062,forecast,13.6466,10.8815,16.5903,119.8411,82.3016,154.8735,74.9382,66.3974,83.7269
5,2024-07-01,24.3282,20.8801,27.8746,forecast,12.2203,9.4299,14.9129,99.5509,63.1437,134.7002,82.7185,74.3023,90.5836
5,2024-08-01,22.6653,19.1304,26.1691,forecast,13.7597,10.9343,16.5391,87.3124,51.1128,123.3115,87.6739,80.2186,95.7957
5,2024-09-01,24.9356,21.4561,28.4826,forecast,12.562,9.5827,15.2648,28.1732,0.0,63.7049,60.5723,52.2709,69.099
5,2024-10-01,19.4829,15.9793,22.8441,forecast,11.1931,8.5065,13.8839,129.0117,93.0864,164.0137,96.8387,88.7834,104.8068
5,2024-11-01,21.7734,18.3822,25.1029,forecast,11.7546,8.8862,14.7079,69.619,32.6346,107.2394,72.6606,63.7786,80.5284
5,2024-12-01,23.5537,20.1388,27.158,forecast,12.2519,9.3569,14.8468,116.6762,79.8751,154.3758,74.7363,66.7736,82.2519
6,2019-01-01,22.9231,19.4691,26.323,historical,12.9836,10.3763,15.5935,49.2636,2.6168,97.5727,65.9684,55.3137,76.4695
6,2019-02-01,26.799,23.5059,30.5833,historical,17.0456,14.6423,19.7533,67.0546,23.2414,112.8933,67.4168,57.5325,77.0384
6,2019-03-01,20.5941,17.1164,23.8763,historical,14.2959,11.5861,16.7752,125.6966,78.2755,171.1602,82.9334,73.1646,93.5336
6,2019-04-01,24.9709,21.6928,28.6209,historical,16.0819,13.7257,18.7405,66.0585,18.1008,113.8108,60.2143,49.4516,71.3217
6,2019-05-01,25.6257,22.1783,29.1395,historical,9.7037,6.9527,12.1756,55.3707,7.755,102.6044,83.534,73.3205,93.7802
6,2019-06-01,24.3421,20.9474,27.7878,historical,13.854,11.5209,16.4825,100.3146,54.6759,146.0726,67.6834,57.1814,78.0992
6,2019-07-01,23.2457,19.8763,26.9476,historical,13.1853,10.6231,15.7561,82.5665,35.538,128.8842,77.1429,66.626,87.4575
6,2019-08-01,26.6442,23.2645,30.1241,historical,15.5031,12.6718,17.987,33.6034,0.0,83.336,73.4515,63.4268,84.1193
6,2019-09-01,23.9167,20.4355,27.5143,historical,14.4704,11.8975,16.9193,54.2477,6.6961,102.1513,71.2533,60.5924,81.8054
6,2019-10-01,24.117,21.1618,27.5913,historical,15.3058,12.6639,17.7917,35.5916,0.0,84.4241,67.3347,57.1059,77.8262
6,2019-11-01,24.7889,21.6963,28.3843,historical,12.5161,9.945,14.93,93.9935,47.7164,138.3548,67.0937,57.1394,77.4102
6,2019-12-01,24.9953,21.5231,28.4959,historical,11.4091,8.7805,14.0244,110.2437,64.7476,158.2547,66.474,56.4648,77.0793
6,2020-01-01,21.1269,17.7056,24.7777,historical,11.4903,9.0493,14.2046,56.1259,6.1307,100.6975,69.361,59.5243,79.6519
6,2020-02-01,28.4048,24.7661,31.7202,historical,18.4137,15.7921,20.9819,47.3977,0.7334,93.1751,72.4675,62.0023,82.2037
6,2020-03-01,23.9128,20.2425,27.6232,historical,12.408,9.9163,15.0218,67.5612,19.8119,113.972,79.4485,69.6906,89.527
6,2020-04-01,24.0259,20.6725,27.3776,historical,12.1594,9.5515,14.6976,77.5924,34.8498,127.3771,73.2415,63.2574,84.1172
6,2020-05-01,25.6732,22.374,29.1451,historical,18.5528,15.8791,21.0909,81.7154,34.3082,126.2993,91.6702,81.6982,101.7684
6,2020-06-01,22.9143,19.5143,26.3491,historical,12.5323,9.9425,15.0396,72.3161,26.1987,118.4521,64.9585,55.2604,75.5531
6,2020-07-01,27.2717,24.0567,30.6151,historical,13.1433,10.8184,15.7497,77.631,32.2433,125.8124,78.9238,68.6129,89.192
6,2020-08-01,21.7991,18.3712,25.2635,historical,12.2515,9.6362,14.718,86.9468,39.2844,133.8888,73.8485,63.7553,83.9681
6,2020-09-01,24.0217,20.4027,27.4574,historical,14.1237,11.5483,16.7397,23.0396,0.0,70.5263,67.3918,57.5068,77.2831
6,2020-10-01,26.634,23.3021,30.2353,historical,11.4782,8.8885,13.996,71.084,24.2879,112.7978,66.0304,55.752,76.2992
6,2020-11-01,25.4563,21.8456,28.9108,historical,15.8474,13.2445,18.4246,54.3653,3.8503,100.765,77.5412,67.2356,87.2336
6,2020-12-01,20.7626,17.366,24.2861,historical,13.0779,10.5351,15.5832,120.1451,74.2221,165.8816,78.1254,68.0097,88.2975
6,2021-01-01,26.2982,22.5975,29.5616,historical,15.0926,12.4915,17.5785,45.8509,0.0,90.7253,67.0279,57.0815,77.2706
6,2021-02-01,23.3807,20.1668,26.8227,historical,13.4094,10.7852,15.9719,117.8808,71.6577,162.7265,64.8827,54.4691,75.0465
6,2021-03-01,22.7421,19.2442,25.9146,historical,12.7204,10.1782,15.3952,90.4534,44.4409,132.0453,83.2274,73.1491,93.561
6,2021-04-01,24.2552,20.5104,27.9072,historical,13.1918,10.6537,15.8385,77.7041,32.6367,123.4298,71.4658,60.5175,81.6526
6,2021-05-01,25.5812,22.1598,28.9893,historical,15.2863,12.8083,17.7987,76.5099,32.1781,122.0852,91.3989,81.0918,101.7089
6,2021-06-01,23.3258,19.8952,26.8313,historical,12.6015,10.0825,15.0377,85.272,39.2969,129.9778,68.3068,58.0454,77.7026
6,2021-07-01,25.8389,22.3052,29.3532,historical,12.8034,10.1922,15.2412,83.2931,39.6475,128.1529,80.8228,70.5699,90.577
6,2021-08-01,23.325,19.7956,26.6682,historical,12.9982,10.6405,15.5923,72.8077,25.5081,120.5155,76.3312,66.0892,87.3065
6,2021-09-01,23.9382,20.6592,27.3158,historical,13.916,11.2313,16.4049,36.9964,0.0,81.3622,71.4671,60.4319,81.3986
6,2021-10-01,25.7208,22.0512,29.0435,historical,12.4581,9.8302,15.007,62.8367,15.788,110.7141,69.4631,58.9819,80.0178
6,2021-11-01,25.1317,21.6351,28.5449,historical,14.4471,11.8228,16.9688,71.173,23.1925,118.2844,77.1746,66.5482,87.2426
6,2021-12-01,22.1062,18.8142,25.8188,historical,12.1928,9.6243,14.7603,120.7581,74.6906,163.393,77.3474,67.3668,86.9399
6,2022-01-01,24.4935,20.8925,27.9643,historical,13.5252,11.0763,15.8719,53.2369,5.9235,98.1559,71.0082,60.3509,80.545
6,2022-02-01,24.9696,21.345,28.6451,historical,14.7183,12.2364,17.1955,97.9539,52.8526,142.3763,70.8476,60.6279,81.9259
6,2022-03-01,21.5557,17.9385,24.7783,historical,13.0274,10.5035,15.6659,113.5368,68.2237,161.9566,88.0099,78.1757,98.0749
6,2022-04-01,24.49,20.8924,27.8918,historical,14.177,11.6034,16.6759,77.5584,31.4981,123.5789,70.9153,60.1385,81.4566
6,2022-05-01,25.4848,21.8932,28.98,historical,12.013,9.447,14.5304,71.4251,25.7371,121.0816,92.6456,83.1751,103.6028
6,2022-06-01,23.721,20.5363,27.3388,historical,12.7194,10.3111,15.4852,98.3071,50.893,145.5353,73.3467,63.2776,83.7165
6,2022-07-01,24.4155,21.1506,27.8151,historical,12.495,10.0023,14.9568,88.6373,44.1988,136.9645,84.5265,74.3425,95.7121
6,2022-08-01,24.8594,21.0912,27.9392,historical,13.7601,11.1958,16.276,58.72,12.5486,102.6607,80.533,69.6116,91.015
6,2022-09-01,23.8221,20.3942,27.2783,historical,13.7095,11.0089,16.2934,51.0998,5.0452,97.3581,77.1237,65.9282,87.4618
6,2022-10-01,24.8003,21.1863,28.136,historical,13.4122,10.7923,15.9892,54.703,7.2863,103.4289,74.3003,63.9626,84.2685
6,2022-11-01,24.828,21.4309,28.4696,historical,13.0141,10.2802,15.4246,88.0859,43.4786,136.2278,78.1271,68.1453,88.2097
6,2022-12-01,23.4363,19.9642,27.1488,historical,11.3141,8.7568,13.9085,121.1569,76.7955,166.8886,77.9315,67.5687,88.55
6,2023-01-01,22.6882,19.1391,26.4959,forecast,12.0024,9.3428,14.5351,60.3601,11.9681,108.8705,76.2898,66.539,86.4918
6,2023-02-01,26.5635,22.9871,29.8563,forecast,16.0656,13.5726,18.5298,78.1512,34.5663,122.0059,77.9116,66.9664,88.8823
6,2023-03-01,20.3582,16.6998,24.0019,forecast,13.3171,10.8218,15.8592,136.7931,89.8033,179.5103,93.5848,82.8168,103.0791
6,2023-04-01,24.7345,21.2807,28.2438,forecast,15.1044,12.4399,17.6373,77.155,33.5541,122.6481,71.0391,61.1015,80.7215
6,2023-05-01,25.3888,21.9863,28.856,forecast,8.7275,6.4058,11.3179,66.4672,20.3402,113.0732,94.5266,84.6018,105.6233
6,2023-06-01,24.1046,20.5158,27.5149,forecast,12.8791,10.4329,15.3659,111.4111,64.5429,155.8654,78.8494,68.3681,88.9925
6,2023-07-01,23.0077,19.4267,26.6158,forecast,12.2116,9.8424,14.9052,93.6631,51.3067,140.2883,88.4766,77.6308,98.6294
6,2023-08-01,26.4057,22.8678,29.9957,forecast,14.5307,11.813,17.098,44.7,0.0,90.8621,84.9585,75.0723,95.4206
6,2023-09-01,23.6776,20.2843,27.2688,forecast,13.4993,10.9004,16.0978,65.3443,21.803,112.674,82.9333,72.7141,93.0929
6,2023-10-01,23.8774,20.1684,27.1316,forecast,14.336,11.4529,17.0125,46.6881,1.1422,93.4278,79.1819,68.5214,90.0199
6,2023-11-01,24.5488,20.9911,28.0916,forecast,11.5476,9.1099,14.1373,105.0901,57.1779,148.3285,79.1139,68.5543,89.0599
6,2023-12-01,24.7547,21.3007,27.9382,forecast,10.4418,7.9717,13.06,121.3403,74.3827,166.1159,78.6614,67.7782,88.411
6,2024-01-01,20.8857,17.4348,24.4869,forecast,10.5243,7.9083,13.0629,67.2224,23.8535,110.7041,81.7213,71.3145,92.3098
6,2024-02-01,28.1631,24.9274,31.7267,forecast,17.449,14.8672,19.9387,58.4942,13.6992,105.053,85.0006,74.2939,94.9511
6,2024-03-01,23.6706,20.0409,27.3605,forecast,11.4444,8.8188,14.0411,78.6578,31.7748,123.7977,92.1433,82.3889,102.7385
6,2024-04-01,23.7831,20.3353,27.2847,forecast,11.1971,8.5151,13.7346,88.6889,41.3857,136.4507,86.1092,75.5916,96.9235
6,2024-05-01,25.43,21.7414,28.6829,forecast,17.5918,14.9739,19.9783,92.8119,45.8915,141.0127,104.7052,94.0786,115.1478
6,2024-06-01,22.6705,19.2277,26.0887,forecast,11.5725,8.911,13.9999,83.4127,35.965,130.1441,78.1663,67.8198,89.0002
6,2024-07-01,27.0274,23.4002,30.6363,forecast,12.1849,9.4659,14.7696,88.7276,43.0249,136.4499,92.2989,81.4991,102.8706
6,2024-08-01,21.5542,18.2114,25.0129,forecast,11.2941,8.7053,13.8108,98.0434,52.8246,144.6892,87.3964,76.9913,98.5327
6,2024-09-01,23.7764,20.157,27.1193,forecast,13.1673,10.5161,15.7232,34.1362,0.0,80.9946,81.1126,70.8138,90.4679
6,2024-10-01,26.3881,22.9777,29.6985,forecast,10.5228,7.8287,13.1593,82.1806,38.1382,127.2827,79.9185,69.8516,89.7892
6,2024-11-01,25.2098,21.8579,28.7498,forecast,14.8929,12.4186,17.3665,65.4619,16.5095,113.7541,91.6021,81.1631,102.1586
6,2024-12-01,20.5157,17.311,24.1786,forecast,12.124,9.4294,14.7111,131.2416,83.435,177.6915,92.3535,81.5227,102.4545
7,2019-01-01,23.9059,20.8417,27.0782,historical,13.1533,10.9574,15.2952,83.8195,42.6715,125.5544,70.2207,62.5427,77.4689
7,2019-02-01,24.6458,21.7661,27.7204,historical,14.2551,11.985,16.6309,72.5963,30.8381,113.5898,56.8812,50.061,64.6743
7,2019-03-01,20.4409,17.4016,23.6329,historical,13.9855,11.8557,16.1985,82.2253,41.4136,120.4978,65.1955,58.2426,72.668
7,2019-04-01,21.0687,17.8498,24.0752,historical,13.9666,11.8212,16.1106,83.7517,40.6227,126.4501,68.8628,61.4974,76.456
7,2019-05-01,24.5643,21.6577,27.6991,historical,16.0612,13.6479,18.2251,74.4977,33.8652,115.9716,74.7799,67.7256,82.0526
7,2019-06-01,25.0803,22.2763,28.1011,historical,12.0238,9.822,14.2733,40.0421,0.9292,80.0675,79.0251,71.6125,86.8652
7,2019-07-01,25.3969,22.4616,28.3908,historical,16.6038,14.3633,18.7689,59.4526,16.8447,96.1407,60.0809,52.9602,67.2877
7,2019-08-01,26.2743,22.9831,29.4373,historical,12.04,9.6939,14.167,41.9036,2.1716,79.9593,65.8743,57.9769,73.4679
7,2019-09-01,22.4412,19.482,25.4975,historical,13.8352,11.6009,16.1479,70.7437,31.0194,110.6432,66.8938,59.7574,74.427
7,2019-10-01,13.8182,10.8741,16.9745,historical,13.452,11.1888,15.8586,90.6705,51.7121,131.4956,72.7849,65.3303,79.7147
7,2019-11-01,27.8062,24.7522,30.8983,historical,12.9517,10.5914,15.2416,125.0932,84.3074,165.9096,78.4592,71.1611,86.2759
7,2019-12-01,23.9655,20.8977,26.8945,historical,14.5049,12.1467,16.8822,44.9695,4.1848,86.0397,72.9174,65.4278,80.4913
7,2020-01-01,23.6989,20.8265,26.4677,historical,12.3548,10.1387,14.7308,59.8353,18.4685,98.5272,66.4062,59.3005,74.0762
7,2020-02-01,26.4403,23.3755,29.5112,historical,14.0669,11.8128,16.1001,69.3601,27.2028,107.5142,56.0305,48.3736,63.5055
7,2020-03-01,22.1928,19.1943,25.2095,historical,14.5905,12.4649,16.7978,42.6877,1.8822,81.2946,75.6956,68.7309,82.7414
7,2020-04-01,22.3115,19.2983,25.5504,historical,9.6283,7.2747,11.9058,65.4524,25.4911,107.4536,59.3775,51.532,66.2701
7,2020-05-01,28.6564,25.7499,31.6615,historical,14.7461,12.5965,16.9654,64.5544,22.2804,106.2214,76.3374,69.3667,84.7041
7,2020-06-01,24.4184,21.4797,27.67,historical,19.2918,17.0062,21.6415,51.3048,7.2357,92.9508,69.2309,61.9792,77.1027
7,2020-07-01,22.9574,19.8046,25.6521,historical,13.6635,11.5438,15.7339,94.1383,54.3594,136.5628,66.0578,58.5032,73.5444
7,2020-08-01,21.2595,18.1378,24.2358,historical,12.4503,10.0708,14.537,13.5805,0.0,53.7912,59.6696,52.8743,66.8475
7,2020-09-01,20.4288,17.4986,23.1364,historical,12.516,10.35,14.6134,83.7912,42.6272,123.5862,72.8954,65.5894,80.5239
7,2020-10-01,24.7724,21.8345,27.6525,historical,14.4267,12.1336,16.6142,77.0819,35.6983,118.9016,81.2096,72.9852,88.5189
7,2020-11-01,22.2939,19.0728,25.3547,historical,12.3609,10.0936,14.7696,47.2786,4.2077,88.867,77.1941,69.6515,84.9011
7,2020-12-01,25.8401,22.8456,28.7953,historical,13.1482,10.74,15.3723,80.8749,40.9768,122.4041,51.663,44.4619,58.9607
7,2021-01-01,23.9426,21.0374,26.8261,historical,15.0403,12.7758,17.2109,116.058,75.0649,156.2507,76.8647,69.3937,84.3748
7,2021-02-01,20.5694,17.6319,23.323,historical,14.9887,12.6812,17.1026,64.4291,24.6146,105.6819,58.3909,51.0355,66.0432
7,2021-03-01,21.4878,18.5223,24.3326,historical,14.4706,12.3473,16.8032,50.378,13.741,91.9033,73.8964,66.4057,81.0218
7,2021-04-01,21.7561,18.8087,24.7762,historical,11.1779,8.8532,13.2337,66.3474,31.202,112.6488,64.7291,57.2805,72.0206
7,2021-05-01,27.1163,24.2115,30.2571,historical,15.344,13.2055,17.4816,62.7702,23.9556,99.4876,78.5512,71.0994,86.062
7,2021-06-01,24.437,21.4257,27.7254,historical,16.9804,14.7691,19.2164,42.4182,1.5753,85.4685,75.7622,68.2866,82.7731
7,2021-07-01,23.5868,20.5921,26.5662,historical,14.7221,12.2835,16.9613,77.0435,34.5425,118.3296,67.82,60.4434,75.0697
7,2021-08-01,22.7902,19.8369,25.8876,historical,12.4181,10.1427,14.7285,17.4315,0.0,58.4737,65.0836,57.3324,71.8287
7,2021-09-01,21.0141,18.0173,24.2981,historical,13.065,11.0213,15.4058,73.9722,30.8216,112.6245,73.8609,66.6492,81.1929
7,2021-10-01,20.9526,18.1739,24.2656,historical,14.2134,12.0109,16.4725,75.9254,30.2094,112.2518,80.8539,73.3318,88.2029
7,2021-11-01,23.9309,21.0359,26.9677,historical,12.6621,10.4779,14.9431,68.1408,30.5176,109.4685,79.2587,71.9693,86.6278
7,2021-12-01,25.0571,21.9867,28.1824,historical,13.7264,11.5942,15.969,64.1532,24.5963,106.2825,59.8637,52.1306,67.3912
7,2022-01-01,23.669,20.7094,26.6359,historical,14.2651,11.9639,16.5579,91.8257,49.8513,132.0157,73.8451,66.6811,81.1207
7,2022-02-01,22.37,19.2169,25.2613,historical,14.7788,12.4383,16.9878,60.2102,17.7135,97.3295,57.2376,50.394,64.6816
7,2022-03-01,20.7446,17.6806,23.9425,historical,14.3775,12.206,16.4676,58.191,20.1131,100.4946,68.5106,61.124,75.8842
7,2022-04-01,21.1825,18.0101,24.1841,historical,12.7331,10.5173,15.023,67.0789,27.9704,108.8162,65.1051,57.8482,72.8398
7,2022-05-01,25.5927,22.6141,28.5352,historical,15.891,13.7502,18.1453,60.7134,21.3912,103.3449,74.3732,67.2292,82.1182
7,2022-06-01,24.4986,21.5707,27.3504,historical,14.6654,12.3182,16.8535,33.289,0.0,73.6992,74.4689,66.8908,81.5852
7,2022-07-01,24.2415,21.3828,27.3552,historical,15.8109,13.6562,18.0017,60.1045,23.9713,100.4564,60.3973,53.1789,67.4034
7,2022-08-01,24.3035,21.3163,27.3157,historical,12.3899,10.2288,14.5695,21.5018,0.0,62.9318,61.7223,54.6094,68.7425
7,2022-09-01,21.526,18.5195,24.4552,historical,13.6134,11.1665,15.769,64.2502,25.2082,102.1826,66.4318,59.5123,73.5712
7,2022-10-01,17.1409,14.0804,20.1636,historical,13.997,11.6272,16.1118,75.0864,35.4852,113.3644,72.619,65.1282,80.3343
7,2022-11-01,25.6096,22.4714,28.5105,historical,12.9677,10.6411,15.1083,88.716,44.9723,128.2435,74.4222,67.6169,82.6108
7,2022-12-01,24.2731,21.3099,27.2287,historical,14.2873,12.1201,16.3999,46.8075,4.5337,90.3106,61.8537,54.9976,69.426
7,2023-01-01,23.4289,20.471,26.2938,forecast,13.4782,11.2662,15.6718,67.7037,25.5938,106.4314,65.4276,57.9125,73.2363
7,2023-02-01,24.1688,21.0346,27.0944,forecast,14.58,12.2969,16.9602,56.4805,15.6439,95.9035,51.6861,44.5993,58.4242
7,2023-03-01,19.9639,17.045,23.1957,forecast,14.3105,12.0921,16.4711,66.1095,28.1983,109.1003,59.6374,52.2218,66.4765
7,2023-04-01,20.5917,17.7464,23.5939,forecast,14.2916,11.9984,16.4393,67.6359,29.505,107.9522,62.9027,55.3333,70.4979
7,2023-05-01,24.0873,21.1805,27.1764,forecast,16.3863,14.2233,18.6628,58.3819,15.9254,99.1772,68.4308,61.3426,75.9493
7,2023-06-01,24.6033,21.8633,27.5464,forecast,12.349,10.0714,14.6075,23.9263,0.0,61.9431,72.274,64.7715,79.7773
7,2023-07-01,24.9199,21.9443,27.9181,forecast,16.9291,14.5889,19.1222,43.3368,2.412,85.3142,52.9408,45.7252,60.0702
7,2023-08-01,25.7973,23.0063,28.8329,forecast,12.3654,10.0191,14.5261,25.7878,0.0,67.769,58.3323,50.6399,66.0215
7,2023-09-01,21.9642,19.0622,24.9416,forecast,14.1606,11.9676,16.4324,54.6279,12.149,97.8135,58.9498,51.223,65.9117
7,2023-10-01,13.3412,10.3898,16.5479,forecast,13.7775,11.6524,15.8884,74.5547,35.1143,112.9416,64.4519,56.7618,71.6966
7,2023-11-01,27.3292,24.1503,30.3932,forecast,13.2773,10.9972,15.4193,108.9774,69.6525,149.993,69.7243,61.9567,77.3205
7,2023-12-01,23.4885,20.4545,26.5589,forecast,14.8305,12.466,17.0637,28.8537,0.0,70.212,63.7934,56.2027,71.3308
7,2024-01-01,23.2219,20.2876,25.9676,forecast,12.6806,10.4,14.8098,43.7195,1.9101,83.2897,56.8803,49.7278,64.2767
7,2024-02-01,25.9633,22.8939,29.0923,forecast,14.3927,12.3317,16.6328,53.2443,12.8777,94.6913,46.1026,38.5308,54.0001
7,2024-03-01,21.7158,18.5798,25.0195,forecast,14.9164,12.7364,17.0078,26.5719,0.0,66.4957,65.3916,57.2377,72.7877
7,2024-04-01,21.8345,18.788,24.9237,forecast,9.9543,7.7196,12.2646,49.3366,9.5089,90.4576,48.6715,40.821,56.498
7,2024-05-01,28.1794,24.9618,31.1603,forecast,15.0721,12.9663,17.4944,48.4386,9.1216,90.0739,65.2425,57.2648,72.7649
7,2024-06-01,23.9414,21.0562,27.0918,forecast,19.6179,17.3873,21.7529,35.189,0.0,74.0247,57.7308,49.6507,65.4767
7,2024-07-01,22.4803,19.4816,25.4969,forecast,13.9896,11.709,16.1911,78.0225,38.9486,118.06,54.1657,45.4806,62.2775
7,2024-08-01,20.7825,17.8176,23.9701,forecast,12.7765,10.5124,14.9837,0.0,0.0,37.2666,47.3703,39.4878,56.7019
7,2024-09-01,19.9518,16.8153,22.915,forecast,12.8422,10.5427,15.0602,67.6754,24.5562,105.9844,60.1872,52.4307,68.7177
7,2024-10-01,24.2954,21.151,27.2012,forecast,14.753,12.5117,17.0586,60.9661,19.6256,104.7489,68.1057,60.178,76.4996
7,2024-11-01,21.8169,18.9855,24.9397,forecast,12.6872,10.1947,14.7903,31.1628,0.0,70.5937,63.1882,54.1935,72.3843
7,2024-12-01,25.3631,22.4072,28.3508,forecast,13.4745,11.0868,15.5811,64.7591,24.3463,105.1247,36.7841,28.3421,45.676
8,2019-01-01,25.5458,20.9853,29.9989,historical,13.9947,11.3188,16.4773,60.9223,30.0065,91.4988,62.8539,52.3476,72.6432
8,2019-02-01,23.2066,18.4139,27.7929,historical,10.9533,8.4605,13.6455,86.1548,56.1425,116.9846,66.9057,56.271,76.9552
8,2019-03-01,26.3986,21.8887,30.7289,historical,11.6266,9.1043,14.42,53.2609,22.7072,84.1126,69.0655,58.915,78.8841
8,2019-04-01,24.0926,19.5294,28.6568,historical,14.9391,12.284,17.5931,50.5856,20.2114,81.5583,63.6668,54.2648,74.4563
8,2019-05-01,20.4353,15.971,24.8519,historical,6.9244,4.4727,9.5295,104.399,76.9918,135.3423,72.7584,62.0238,82.4425
8,2019-06-01,19.7001,14.8138,24.0582,historical,11.2536,8.4238,13.8022,88.7135,58.4053,118.2315,69.6006,59.475,80.0579
8,2019-07-01,23.2496,19.1094,27.6148,historical,11.129,8.5914,13.694,2.5071,0.0,32.9457,63.6191,53.6377,73.4723
8,2019-08-01,26.1046,21.7214,30.6575,historical,16.6837,14.26,19.0629,76.9737,46.9298,107.5397,70.258,60.2108,79.8738
8,2019-09-01,25.687,21.183,30.1279,historical,11.6224,9.1207,14.0439,76.6898,46.1558,106.349,64.3143,54.6693,75.0457
8,2019-10-01,16.4185,11.8702,21.1189,historical,10.4353,7.9575,12.8771,129.9429,100.9391,159.462,89.3232,78.4914,99.467
8,2019-11-01,26.1165,21.9274,30.627,historical,12.3613,9.6516,14.9208,97.3946,68.8647,128.8437,72.8302,62.6967,82.6839
8,2019-12-01,23.6772,18.9383,27.8791,historical,10.0045,7.4201,12.4609,17.9175,0.0,50.0362,55.4867,45.66,64.8884
8,2020-01-01,24.7097,20.1807,29.0335,historical,14.5498,12.0923,16.9967,51.8528,21.4419,83.5248,61.3493,51.007,71.6797
8,2020-02-01,22.1462,17.6619,26.7507,historical,13.0032,10.4189,15.5578,95.5325,65.2427,125.4905,73.7167,62.9725,83.3477
8,2020-03-01,22.7714,18.253,27.2792,historical,13.7866,11.2,16.1866,51.8205,23.4096,83.6439,63.9183,54.395,73.2729
8,2020-04-01,21.5496,17.0124,26.2098,historical,9.7912,7.1935,12.3978,39.9,9.951,71.4721,71.124,61.0892,81.1866
8,2020-05-01,22.7773,18.0702,27.534,historical,12.9942,10.3778,15.6347,74.5136,43.171,103.6815,81.0865,70.4818,90.9658
8,2020-06-01,19.9579,15.3188,24.185,historical,15.0071,12.4637,17.5827,62.7644,33.6079,92.7736,72.4933,61.76,82.1689
8,2020-07-01,27.7301,23.0011,32.0841,historical,15.0207,12.3717,17.4947,110.2639,81.0375,141.7335,57.2813,46.7708,67.2074
8,2020-08-01,19.4378,14.75,24.1396,historical,11.8673,9.3467,14.512,117.1953,87.5674,147.4124,74.4256,64.5791,84.9806
8,2020-09-01,22.619,17.9511,26.9787,historical,9.8692,7.3941,12.3566,6.2911,0.0,34.667,88.6333,78.3456,98.797
8,2020-10-01,26.4548,22.0721,31.1021,historical,15.1749,12.2982,17.9501,89.3616,61.6111,122.0655,60.0273,50.3895,70.1101
8,2020-11-01,18.0461,13.7971,23.0526,historical,11.6162,9.06,14.1518,73.3307,43.4093,106.0921,70.887,61.0982,80.7086
8,2020-12-01,24.2406,19.6249,29.0857,historical,14.2171,11.5075,16.6585,88.0412,55.6031,119.6058,77.6112,67.2951,87.1964
8,2021-01-01,26.6605,21.8433,30.8728,historical,17.4572,14.9089,20.0623,88.1373,58.5287,119.3668,74.4402,63.7568,84.6725
8,2021-02-01,24.8825,20.5902,29.4141,historical,11.3945,8.9199,14.1548,76.2743,47.1771,104.6716,61.7312,51.4494,71.842
8,2021-03-01,23.788,19.0756,28.4145,historical,14.543,11.9125,17.3461,54.8613,23.9673,83.9994,68.4199,58.3939,78.11
8,2021-04-01,22.2482,17.3357,26.5153,historical,13.0175,10.3884,15.5443,45.9933,16.3217,75.7104,71.42,60.8298,80.9272
8,2021-05-01,21.843,17.0833,26.7694,historical,12.4943,9.7903,15.0325,87.2991,57.7118,115.3165,80.9982,70.9474,90.4234
8,2021-06-01,19.7014,15.2499,24.3943,historical,15.2154,12.6786,17.6325,74.7777,42.7083,105.3753,74.1654,63.5083,83.8633
8,2021-07-01,26.0261,21.3863,30.3246,historical,15.1286,12.5839,17.5577,77.1571,44.639,108.043,62.099,52.5571,71.9475
8,2021-08-01,21.4575,16.9342,26.2075,historical,14.8862,12.2662,17.3314,105.5343,74.6546,136.0444,75.8237,66.0806,85.6644
8,2021-09-01,23.5249,18.9932,27.9278,historical,11.9185,9.293,14.3789,31.7788,2.6661,61.3198,83.0906,73.4622,92.8256
8,2021-10-01,22.9164,18.4695,27.4894,historical,15.0313,12.5999,17.6712,105.8136,77.0096,134.3074,72.414,62.0738,81.8491
8,2021-11-01,20.5239,16.187,25.2896,historical,13.2761,10.798,15.8456,84.6766,54.7726,113.3049,74.452,64.5838,83.789
8,2021-12-01,23.9141,19.3945,28.1867,historical,14.2117,11.7673,17.0019,67.6476,37.477,96.2584,73.0064,62.2638,82.9618
8,2022-01-01,25.848,21.2887,30.301,historical,17.8386,15.1559,20.37,78.3175,49.0033,108.2636,72.6136,62.4767,82.7836
8,2022-02-01,23.7704,19.2832,28.664,historical,13.0152,10.4708,15.6169,85.0283,55.8412,115.3259,68.3033,57.6916,78.3408
8,2022-03-01,24.8221,20.5041,29.2458,historical,14.6822,12.1833,17.4165,57.9904,27.7352,87.6139,72.8341,62.6575,82.9021
8,2022-04-01,22.9208,18.3487,27.5216,historical,15.3185,12.9332,17.8621,52.2056,22.0729,83.4168,71.6309,62.1901,82.5391
8,2022-05-01,20.8866,16.1427,25.1966,historical,10.7893,8.156,13.4786,99.9133,67.8055,129.6169,80.9184,70.2888,90.7896
8,2022-06-01,19.4398,14.7845,23.9049,historical,14.0189,11.6079,16.7125,86.0756,56.4793,117.0101,75.8982,66.2316,85.567
8,2022-07-01,24.3567,19.9854,28.6824,historical,13.6313,10.9811,16.1865,43.8707,14.048,75.4699,66.9097,57.4317,76.8052
8,2022-08-01,23.505,19.0942,28.2801,historical,16.0292,13.5624,18.5552,94.768,65.317,124.3269,77.1311,67.6545,87.0407
8,2022-09-01,24.3722,19.8324,28.868,historical,11.7767,9.0909,14.47,57.9017,28.9678,87.6518,77.6794,67.9086,87.9868
8,2022-10-01,19.3942,14.519,23.7892,historical,12.4696,9.904,14.8391,121.9967,92.2223,149.6,84.8801,74.8793,95.0851
8,2022-11-01,23.0389,18.5003,27.4751,historical,12.2798,9.8845,14.9774,95.348,63.7502,125.2415,77.7979,67.9269,87.7766
8,2022-12-01,23.5504,19.0852,27.9844,historical,11.3079,8.6259,13.7184,46.9104,16.9499,75.8227,68.3259,58.1401,78.2987
8,2023-01-01,25.0213,20.7547,29.4452,forecast,15.1071,12.4196,17.5795,68.8634,37.8178,100.603,70.9455,60.994,80.5224
8,2023-02-01,22.6818,18.0008,26.7631,forecast,11.789,9.1655,14.2184,94.0959,62.5582,121.3262,74.9973,65.6944,84.6795
8,2023-03-01,25.8735,21.3616,30.0945,forecast,12.2123,9.641,14.6539,61.202,31.2069,92.0,77.1572,67.3782,87.4885
8,2023-04-01,23.5671,19.1938,28.3623,forecast,15.248,12.6662,17.7015,58.5267,30.3057,87.3301,71.7585,61.1751,80.6497
8,2023-05-01,19.9096,15.6596,24.1359,forecast,6.9656,4.3071,9.662,112.3401,82.3667,142.5657,80.8501,71.6282,90.6064
8,2023-06-01,19.1741,14.4274,23.4265,forecast,11.0181,8.5236,13.5968,96.6546,67.426,125.4758,77.6923,67.8512,87.0242
8,2023-07-01,22.7233,18.058,26.7636,forecast,10.6257,8.0959,13.2616,10.4482,0.0,40.8876,71.7108,61.9456,82.0389
8,2023-08-01,25.578,21.2871,30.168,forecast,15.9037,13.2421,18.2782,84.9148,56.0445,113.5489,78.3496,68.4487,88.2685
8,2023-09-01,25.1601,20.5393,29.2642,forecast,10.5656,7.9002,13.0852,84.6309,53.6826,112.6496,72.4059,62.5643,82.3974
8,2023-10-01,15.8912,11.2581,20.3695,forecast,9.1108,6.4007,11.5799,137.884,106.9672,167.6903,97.4149,86.8108,107.6285
8,2023-11-01,25.5889,21.2401,30.0372,forecast,10.7601,7.9464,13.4429,105.3357,73.8011,135.831,80.9219,70.5555,91.1021
8,2023-12-01,23.1493,18.5849,27.9451,forecast,8.1355,5.5942,10.6369,25.8586,0.0,57.5905,63.5784,53.988,73.4834
8,2024-01-01,24.1815,19.9857,28.9181,forecast,12.4041,9.9993,15.0571,59.7939,31.0293,90.1115,69.441,58.8576,79.7686
8,2024-02-01,21.6178,17.0725,26.2217,forecast,10.5809,7.9239,13.2058,103.4736,73.252,133.0663,81.8084,71.7079,92.0237
8,2024-03-01,22.2427,17.6653,26.9412,forecast,11.1056,8.608,13.8029,59.7616,32.0585,90.183,72.01,62.1526,81.9756
8,2024-04-01,21.0205,16.5814,25.2029,forecast,6.8337,4.0654,9.3406,47.8411,16.1986,77.5537,79.2157,68.601,89.5873
8,2024-05-01,22.248,17.453,26.696,forecast,9.7693,7.277,12.3741,82.4547,51.9771,112.8479,89.1782,79.1992,99.2425
8,2024-06-01,19.4282,14.9357,23.9774,forecast,11.5062,8.8024,14.0881,70.7055,40.2675,99.5034,80.585,69.6837,90.9504
8,2024-07-01,27.2002,22.6162,31.7296,forecast,11.2526,8.6453,13.8872,118.205,88.9386,149.7629,65.373,55.5837,76.1061
8,2024-08-01,18.9077,14.3019,23.6777,forecast,7.8236,4.9722,10.5296,125.1364,94.2874,154.1227,82.5173,71.7554,92.2417
8,2024-09-01,22.0889,17.3622,26.568,forecast,5.5502,2.8567,8.2508,14.2322,0.0,43.7233,96.725,86.6601,106.7614
8,2024-10-01,25.9247,21.0307,30.3225,forecast,10.5894,7.7108,13.4284,97.3027,67.5518,126.9538,68.119,57.9398,77.7833
8,2024-11-01,17.516,12.9775,22.0368,forecast,6.7556,4.1759,9.5597,81.2718,52.6382,110.4761,78.9786,69.2239,87.9757
8,2024-12-01,23.7105,19.4188,28.391,forecast,9.0903,6.3964,11.8007,95.9823,67.5776,126.1194,85.7029,75.7666,95.8556
9,2019-01-01,24.3401,21.1762,27.4792,historical,12.4962,9.642,15.2814,55.4544,18.8252,93.0003,70.7133,61.5628,79.7678
9,2019-02-01,25.0613,21.6122,28.3746,historical,13.3428,10.4123,16.2545,100.9464,61.6254,137.9512,66.9756,57.8439,76.24
9,2019-03-01,21.9271,18.429,25.1406,historical,10.5828,7.7137,13.4782,75.3595,38.6166,116.1985,66.6898,56.9714,75.7722
9,2019-04-01,23.6912,20.6794,26.9555,historical,14.3889,11.2753,17.4481,127.9273,87.8203,165.6994,75.4514,65.9566,84.6131
9,2019-05-01,25.3569,21.9904,28.4455,historical,11.6272,8.4958,14.411,26.9361,0.0,66.364,65.4372,55.9081,74.7717
9,2019-06-01,27.8477,24.5559,31.1041,historical,14.0605,11.0861,17.1333,65.2504,25.0017,101.8498,75.7659,66.2763,85.6239
9,2019-07-01,24.7647,21.4604,28.0249,historical,16.121,13.4333,18.9677,104.3204,68.2413,141.4311,65.3595,55.7819,75.0094
9,2019-08-01,24.4957,21.3592,27.7221,historical,9.9398,7.2321,12.7819,75.9955,40.0271,115.1605,72.6634,63.3294,82.0445
9,2019-09-01,22.151,18.8126,25.4821,historical,15.2324,12.5177,17.9877,49.8125,11.55,90.3154,60.2578,50.7547,69.5581
9,2019-10-01,22.3899,19.1666,25.4436,historical,11.342,8.364,14.1465,89.9232,50.6445,127.2077,84.5375,74.9851,93.6984
9,2019-11-01,24.7802,21.6843,27.8326,historical,15.0516,12.1924,18.0321,108.2973,71.0935,147.5885,61.0692,51.7775,70.531
9,2019-12-01,23.944,20.7624,27.1228,historical,16.4027,13.3973,19.0537,57.315,17.873,94.9402,73.0835,62.5846,82.043
9,2020-01-01,24.5243,21.4648,27.7663,historical,13.5562,10.6236,16.3156,55.7189,19.9603,94.5052,73.3439,63.9725,82.7685
9,2020-02-01,25.0162,21.8287,28.2703,historical,13.7496,10.9886,16.4633,91.5543,53.6482,131.1131,67.6761,57.647,76.8887
9,2020-03-01,29.068,25.8434,32.3269,historical,15.8501,13.0298,18.95,62.7284,28.1935,99.8716,74.5442,65.3815,83.8888
9,2020-04-01,20.5915,17.4676,23.8625,historical,13.3959,10.5416,16.3415,52.3329,13.3485,92.0284,67.3692,57.7576,77.1119
9,2020-05-01,23.2224,19.8096,26.4152,historical,10.3803,7.4549,13.3816,101.8965,65.3378,142.8515,77.748,68.696,87.0285
9,2020-06-01,22.9089,19.792,26.0924,historical,15.4842,12.6987,18.2784,81.3037,41.825,120.143,66.1175,56.5012,75.7178
9,2020-07-01,29.0385,25.7412,32.4099,historical,13.5205,10.439,16.2564,46.101,10.6313,85.6534,69.8464,60.1598,78.9005
9,2020-08-01,22.17,19.0334,25.4228,historical,10.7238,7.7517,13.7258,54.3284,16.23,88.8948,68.228,57.7983,77.8756
9,2020-09-01,26.4123,23.3983,29.5069,historical,16.607,13.6761,19.586,51.6758,9.6429,87.4495,71.6182,62.7058,81.1114
9,2020-10-01,21.4618,18.2198,24.7546,historical,14.4556,11.6553,17.3322,31.1212,0.0,72.2487,58.5626,49.079,68.0038
9,2020-11-01,23.089,19.8771,26.0493,historical,15.7457,12.8716,18.7657,137.6472,97.0,174.2742,93.4202,83.7391,102.5091
9,2020-12-01,21.896,18.7806,24.94,historical,13.7849,10.8046,16.651,91.8441,56.2694,130.718,63.1429,53.8912,72.4733
9,2021-01-01,22.7559,19.6601,25.9334,historical,11.6756,8.8778,14.5768,13.2052,0.0,51.1662,66.4667,57.4799,75.7962
9,2021-02-01,23.8678,20.4624,27.2984,historical,13.7737,11.0635,16.7902,77.4722,38.703,117.2863,66.4402,56.8667,75.5337
9,2021-03-01,26.2836,23.1829,29.4444,historical,14.5363,11.3994,17.4944,54.5564,17.097,91.833,72.2667,63.328,81.7127
9,2021-04-01,21.1864,17.905,24.2677,historical,14.1448,11.4937,17.1792,66.2156,28.6119,105.5685,70.4287,60.6179,78.9327
9,2021-05-01,23.535,20.3095,26.4904,historical,11.2415,8.3731,14.2043,65.9635,25.1205,107.1955,73.9842,64.9413,83.8085
9,2021-06-01,24.1992,21.0367,27.2763,historical,15.3365,12.5666,18.4057,64.631,26.1727,106.3388,69.6567,60.9333,79.4106
9,2021-07-01,27.2533,24.2556,30.3101,historical,14.6118,11.7505,17.7593,54.9366,17.7508,94.9329,68.7286,59.468,78.2164
9,2021-08-01,22.5674,19.526,25.7514,historical,10.5876,7.8377,13.426,51.9124,13.1437,88.596,70.0935,60.3371,79.5125
9,2021-09-01,24.6071,21.3388,27.6475,historical,16.1518,13.1504,19.0121,41.7289,4.4562,77.3538,68.1473,58.1791,77.4115
9,2021-10-01,21.3523,18.4327,24.5626,historical,13.2794,10.2957,16.0194,42.1727,2.2631,82.0241,67.6981,58.9726,77.0564
9,2021-11-01,23.2515,19.915,26.517,historical,15.2379,12.3311,18.2322,119.6729,81.4485,158.6881,83.0903,73.5568,93.1585
9,2021-12-01,22.1954,19.0008,25.4143,historical,14.2872,11.341,16.8991,71.5562,32.0304,109.7476,66.7001,57.8593,76.4851
9,2022-01-01,22.9794,19.808,26.1856,historical,11.8476,9.1102,14.859,18.7341,0.0,54.5094,69.1705,59.2398,78.6211
9,2022-02-01,23.9076,20.8735,27.0745,historical,13.213,10.2013,16.1392,74.043,33.2399,110.5434,67.6914,57.6572,76.6943
9,2022-03-01,23.517,20.2424,26.6233,historical,12.0863,9.2774,15.1422,49.9786,12.8848,90.1376,70.7658,61.3301,80.2424
9,2022-04-01,21.8343,18.6853,24.9397,historical,13.6666,10.5016,16.5964,82.6299,43.9554,122.0385,74.6173,65.1322,84.6738
9,2022-05-01,23.8615,20.7544,26.995,historical,10.7363,7.7707,13.5601,32.1766,0.0,74.0949,71.7373,62.8804,81.4129
9,2022-06-01,25.4605,22.5275,28.6668,historical,13.9409,11.0435,16.7757,50.4856,12.2944,89.2722,75.1059,65.9201,84.5041
9,2022-07-01,25.4427,22.2302,28.6887,historical,14.5579,11.7023,17.5916,65.5598,28.2297,102.3598,69.8275,60.7662,78.9763
9,2022-08-01,22.9571,19.8098,26.1841,historical,9.405,6.5351,12.2592,50.3491,12.6964,88.289,74.5388,65.3567,84.3034
9,2022-09-01,22.8006,19.8103,25.8899,historical,14.7721,12.014,17.7079,32.3221,0.0,69.4617,67.6977,58.5633,77.7303
9,2022-10-01,21.2762,18.0798,24.5021,historical,11.3199,8.5287,14.0793,52.994,12.1616,91.4168,80.0554,69.7938,89.6915
9,2022-11-01,23.43,20.2822,26.7065,historical,14.0853,11.1429,16.7666,101.2687,63.8563,137.6512,76.3717,66.5536,85.701
9,2022-12-01,22.4929,19.506,25.8414,historical,14.239,11.1774,17.0535,51.5875,13.438,90.5665,74.4409,64.9746,83.0003
9,2023-01-01,23.1836,20.2909,26.3824,forecast,11.5535,8.6542,14.3063,24.624,0.0,64.4171,76.2612,66.4878,85.9654
9,2023-02-01,23.9049,20.8403,27.2509,forecast,12.2834,9.433,15.2593,70.6235,31.9216,108.9726,72.9014,63.0812,82.7544
9,2023-03-01,20.7707,17.6923,23.9805,forecast,9.4182,6.4493,12.2474,45.4949,8.8742,83.7471,72.9568,63.3378,82.8184
9,2023-04-01,22.5347,19.5215,25.9492,forecast,13.1076,10.367,16.0642,98.5701,61.7639,137.9837,82.0964,72.4881,91.9083
9,2023-05-01,24.2005,21.1461,27.423,forecast,10.2331,7.4621,13.0956,0.0,0.0,37.3091,72.4479,62.7921,81.395
9,2023-06-01,26.6912,23.5266,29.7685,forecast,12.5498,9.6808,15.2556,36.8917,0.0,74.9402,83.1545,73.7236,92.468
9,2023-07-01,23.6082,20.5535,26.9547,forecast,14.4975,11.7806,17.4073,76.4528,36.4631,112.7193,73.1138,63.9573,83.4473
9,2023-08-01,23.3393,20.1375,26.4799,forecast,8.1996,5.2989,11.0559,48.6354,9.1944,86.7988,80.7956,71.0792,90.1974
9,2023-09-01,20.9945,17.8402,24.2804,forecast,13.3756,10.3945,16.441,22.9599,0.0,62.1792,68.7678,59.2982,77.8103
9,2023-10-01,21.2335,18.2525,24.348,forecast,9.3723,6.4489,11.9849,63.5616,25.727,104.0412,93.4132,84.6035,103.0276
9,2023-11-01,23.6237,20.5596,26.8563,forecast,12.9653,10.0871,15.9303,82.4432,46.2724,122.3746,70.3228,61.8145,79.4815
9,2023-12-01,22.7876,19.5607,26.0543,forecast,14.2036,11.3823,17.1723,31.952,0.0,72.6328,82.7027,73.552,91.9746
9,2024-01-01,23.3678,20.2654,26.5287,forecast,11.2405,8.4178,14.1878,30.8633,0.0,71.4594,83.3411,73.6867,93.4139
9,2024-02-01,23.8597,20.5808,27.1167,forecast,11.3173,8.1944,14.1391,67.206,26.1232,104.9097,78.0511,68.0995,87.9195
9,2024-03-01,27.9115,24.8819,31.1191,forecast,13.3087,10.2667,16.334,38.8547,0.9872,77.2132,85.2728,75.8815,95.1629
9,2024-04-01,19.4351,16.3782,22.6839,forecast,10.7378,7.7073,13.415,28.9666,0.0,66.0839,78.4756,68.7824,87.6379
9,2024-05-01,22.066,18.9391,25.2587,forecast,7.6095,4.5709,10.5186,79.0211,42.3743,114.1201,89.2202,79.923,98.8868
9,2024-06-01,21.7524,18.6769,24.9137,forecast,12.5967,9.726,15.3508,58.9347,22.7784,96.0046,77.9675,69.2543,87.8008
9,2024-07-01,27.882,24.6487,30.9991,forecast,10.5202,7.737,13.5394,24.222,0.0,64.8395,82.0622,72.5429,91.0851
9,2024-08-01,21.0136,17.8432,24.4616,forecast,7.6069,4.7752,10.6088,32.9556,0.0,69.276,80.8216,70.5543,91.1645
9,2024-09-01,25.2558,21.8522,28.3177,forecast,13.3735,10.4632,16.3935,30.8036,0.0,70.9848,84.5897,75.003,94.2415
9,2024-10-01,20.3053,17.1933,23.3859,forecast,11.1092,8.2707,14.08,10.7336,0.0,48.8908,71.8998,62.2836,81.9189
9,2024-11-01,21.9325,18.6122,24.87,forecast,12.2827,9.4767,15.1699,117.262,79.9563,156.4633,107.1347,97.7971,117.9189
9,2024-12-01,20.7395,17.6589,24.1081,forecast,10.2092,7.5175,12.965,71.461,30.861,107.9735,77.2221,68.6201,87.1424
10,2019-01-01,25.2035,21.8391,28.8494,historical,15.0425,12.7187,17.1649,69.5411,31.824,109.451,72.4316,66.1661,78.4524
10,2019-02-01,24.1848,20.7215,27.7788,historical,12.9863,10.5969,15.462,50.0114,11.2185,90.6369,60.917,54.9917,67.301
10,2019-03-01,24.4959,21.0715,27.9073,historical,15.3171,12.997,17.6753,87.3823,45.3027,128.9693,85.4483,78.9539,92.3673
10,2019-04-01,24.5685,21.1251,28.0471,historical,17.519,15.2533,19.9301,60.6092,18.8192,97.0353,63.2986,57.0128,69.5321
10,2019-05-01,25.0009,21.3491,28.4806,historical,11.1118,8.9672,13.536,56.0919,15.565,96.6636,77.5224,71.028,83.2772
10,2019-06-01,24.6626,21.2013,28.1089,historical,11.8084,9.6777,14.2156,33.5775,0.0,77.5923,70.2395,64.027,76.3007
10,2019-07-01,23.4931,19.9127,26.9371,historical,18.8357,16.3938,21.2717,66.718,25.0812,108.1607,77.9777,71.9882,83.9732
10,2019-08-01,26.6862,23.329,30.1276,historical,13.6456,11.2753,15.9807,135.09,92.0384,176.4764,72.4834,65.9768,78.0955
10,2019-09-01,26.188,22.714,29.5492,historical,13.2186,10.9679,15.8042,88.0858,45.3303,125.8048,77.5972,71.2529,84.3135
10,2019-10-01,25.0706,21.6533,28.4768,historical,16.4157,14.1693,18.7755,59.2689,18.8042,102.1396,76.3307,70.5014,82.6001
10,2019-11-01,22.5872,19.1397,26.0378,historical,12.1295,9.5158,14.5572,82.4454,39.3307,118.3578,76.0666,69.4407,82.2855
10,2019-12-01,24.6179,21.1227,27.8899,historical,12.9437,10.7583,15.3292,26.2302,0.0,68.3039,67.1991,61.3711,73.7694
10,2020-01-01,23.1365,19.7028,26.603,historical,13.2366,10.8559,15.541,93.8853,53.269,136.8017,72.8265,66.3448,79.286
10,2020-02-01,22.179,18.5508,25.6548,historical,9.5979,7.3368,11.8906,49.0453,7.0783,90.9786,64.2425,58.0736,69.935
10,2020-03-01,21.7383,18.2571,25.1094,historical,8.0807,5.5458,10.4727,42.2471,1.755,86.6863,83.3927,77.505,89.7678
10,2020-04-01,19.9579,16.4335,23.5826,historical,12.3074,10.0844,14.7708,62.8341,21.7783,103.5578,70.6966,64.3478,76.9779
10,2020-05-01,23.8044,20.0783,27.2167,historical,12.253,9.8193,14.6835,77.1086,35.871,119.6002,77.9316,71.72,83.813
10,2020-06-01,21.9927,18.4868,25.3958,historical,14.2396,11.8564,16.6588,89.0822,49.7818,131.1134,75.0084,68.6518,81.6177
10,2020-07-01,27.1846,23.7792,30.5442,historical,14.9217,12.5391,17.3132,113.6286,72.9786,156.3651,75.9441,69.9359,82.229
10,2020-08-01,26.7697,23.4321,30.3157,historical,14.541,12.2317,17.0276,88.0666,46.5001,128.9715,79.0316,72.7956,85.8578
10,2020-09-01,22.7035,19.0648,26.1605,historical,13.506,11.0471,15.8793,48.1714,6.0944,90.8725,88.7809,82.9743,95.1713
10,2020-10-01,18.1894,14.9201,21.6857,historical,9.4511,7.0073,11.746,107.859,68.1001,148.005,74.1093,67.9109,80.2863
10,2020-11-01,24.0142,20.3444,27.3286,historical,12.9748,10.4306,15.3086,54.1487,12.2344,90.6553,68.9789,63.0468,75.2803
10,2020-12-01,24.3268,20.5902,27.8305,historical,11.6609,9.3148,14.09,99.9295,59.4946,143.3181,72.6849,66.1588,78.4486
10,2021-01-01,23.9823,20.2577,27.3382,historical,14.0858,11.6464,16.4457,52.2155,12.9292,91.8388,83.4074,77.3679,89.9901
10,2021-02-01,23.0342,19.4141,26.6696,historical,15.5294,13.0848,17.8111,80.498,41.5934,122.6941,66.1287,59.8893,72.3173
10,2021-03-01,21.5548,18.1119,24.9023,historical,9.8199,7.4837,12.2452,53.8829,14.0676,91.3717,87.4114,81.149,94.0076
10,2021-04-01,20.5547,17.2047,24.2389,historical,13.6134,11.2071,15.8519,56.5332,15.5089,99.2581,71.4675,65.2148,77.5812
10,2021-05-01,23.4121,19.9708,26.706,historical,11.6073,9.2644,14.0121,62.0133,19.9125,103.4074,80.9373,75.0244,87.4507
10,2021-06-01,22.2355,18.6404,25.9,historical,13.2808,10.9198,15.8304,59.5853,20.3407,101.0697,76.5321,70.3276,82.8686
10,2021-07-01,25.4135,22.3227,29.1119,historical,16.2409,13.7944,18.5938,83.8275,44.494,124.2628,79.7376,73.4386,86.0633
10,2021-08-01,26.2879,22.9848,30.1187,historical,14.4335,11.9926,16.869,87.1128,46.3556,130.0741,79.9605,73.8228,86.0837
10,2021-09-01,23.4584,20.1285,26.9818,historical,13.6194,11.2569,16.0117,44.7523,1.885,87.2901,88.0464,82.047,94.3581
10,2021-10-01,20.1816,16.4809,23.4737,historical,12.0725,9.8502,14.469,74.0126,34.4168,115.8476,77.7741,71.296,84.2026
10,2021-11-01,23.2998,19.7997,26.9013,historical,13.0763,10.7612,15.4205,45.0075,2.1433,83.9436,74.348,68.3498,80.8398
10,2021-12-01,24.1998,20.829,27.9263,historical,12.5117,10.2527,14.8929,55.6663,13.0411,100.9303,73.8885,67.7082,79.9896
10,2022-01-01,23.5137,19.9412,26.8962,historical,14.2913,11.9593,16.5947,45.3548,2.4037,85.3926,82.7998,76.4867,88.6585
10,2022-02-01,22.5885,19.2211,26.1015,historical,14.0406,11.634,16.4441,48.4639,7.3846,87.3293,68.3284,62.3195,74.6159
10,2022-03-01,22.0632,18.6793,25.4803,historical,12.4226,10.0803,14.7027,52.7212,10.4673,93.7199,89.678,83.2934,95.8276
10,2022-04-01,21.6811,18.062,25.0415,historical,15.5409,13.3104,17.9256,39.5785,0.0,81.0153,68.8541,63.2662,75.0613
10,2022-05-01,23.4001,19.8646,26.9062,historical,11.4162,9.0569,13.8095,38.7879,0.0,80.6663,78.9824,72.4443,85.0956
10,2022-06-01,22.7146,19.5821,26.1359,historical,12.6595,10.3841,15.1459,24.8586,0.0,68.5522,71.3683,64.8515,77.7564
10,2022-07-01,23.7715,20.1865,27.1958,historical,17.7353,15.3558,20.034,51.9684,7.4378,91.1173,75.143,68.9788,81.3696
10,2022-08-01,25.8493,22.2641,29.3739,historical,14.3244,11.8824,16.9049,86.5761,43.3077,126.4809,70.7488,64.6726,76.6306
10,2022-09-01,24.2548,20.4667,27.5696,historical,13.7687,11.3569,16.3217,40.9781,2.883,79.3531,75.5336,69.5886,81.8784
10,2022-10-01,22.1543,18.5844,25.7454,historical,14.6936,12.444,17.0892,39.8873,0.0,79.5266,68.0326,62.1368,73.6966
10,2022-11-01,22.5474,19.0681,25.8252,historical,13.149,10.8374,15.5693,35.647,0.0,74.7095,64.4738,58.6087,70.5495
10,2022-12-01,24.0636,20.6365,27.6966,historical,13.3475,11.1283,15.8274,11.4586,0.0,54.4206,58.1228,51.3166,64.5128
10,2023-01-01,23.0437,19.5258,26.4401,forecast,14.4717,12.1063,16.6781,38.7448,0.0,82.2516,63.5796,57.3941,69.9774
10,2023-02-01,22.1606,18.5966,25.6158,forecast,12.5821,10.1961,15.0147,16.6076,0.0,58.3095,50.2527,44.0227,56.8873
10,2023-03-01,22.5942,19.1788,26.0924,forecast,15.0633,12.5615,17.4344,51.6232,11.6894,93.3472,73.147,67.496,79.2159
10,2023-04-01,22.8024,19.3457,26.2657,forecast,17.4317,15.1087,19.7307,22.2425,0.0,66.8318,49.185,42.9028,55.3445
10,2023-05-01,23.366,19.7109,26.9899,forecast,11.1858,8.6115,13.573,15.2018,0.0,52.7892,61.655,55.3419,67.7076
10,2023-06-01,23.1634,19.7351,26.8451,forecast,12.049,9.6363,14.3804,0.0,0.0,30.6287,52.5598,46.209,58.7466
10,2023-07-01,22.1251,18.6334,25.2892,forecast,19.2375,16.9136,21.564,20.6968,0.0,61.925,58.5441,51.9965,64.8709
10,2023-08-01,25.4538,22.0064,29.1163,forecast,14.2141,11.7724,16.5959,86.4612,43.9609,126.052,51.2375,45.1744,57.8379
10,2023-09-01,25.0912,21.4446,28.4722,forecast,13.9539,11.6615,16.4121,36.8494,0.0,78.1459,54.539,47.9638,61.1964
10,2023-10-01,24.1051,20.5946,27.7266,forecast,17.3123,14.9547,19.773,5.509,0.0,43.328,51.5186,45.1355,58.0027
10,2023-11-01,21.7573,18.179,25.4565,forecast,13.1928,10.8828,15.668,26.078,0.0,64.426,49.4421,43.0003,56.0652
10,2023-12-01,23.9192,20.5926,27.472,forecast,14.1685,11.7562,16.5413,0.0,0.0,7.187,38.8208,32.7357,44.969
10,2024-01-01,22.5734,19.013,26.1095,forecast,14.6281,12.0859,17.1071,32.3868,0.0,74.6398,42.6359,35.6969,49.2054
10,2024-02-01,21.7514,18.4507,25.2703,forecast,11.1561,8.989,13.4605,0.0,0.0,26.1339,32.2396,26.1814,39.3164
10,2024-03-01,21.4374,18.051,25.0438,forecast,9.7949,7.4321,12.2988,0.0,0.0,16.8382,49.6943,43.0957,56.4101
10,2024-04-01,19.7924,16.3504,22.9972,forecast,14.1884,12.0332,16.5975,0.0,0.0,32.4755,35.186,28.5288,42.423
10,2024-05-01,23.77,20.102,27.2108,forecast,14.2953,11.7969,16.8371,5.4351,0.0,47.9124,40.6671,33.6345,48.3224
10,2024-06-01,22.0936,18.6319,25.6443,forecast,16.4486,14.0137,18.7186,14.803,0.0,56.2678,36.016,28.6536,43.1242
10,2024-07-01,27.4164,23.7636,30.7542,forecast,17.292,14.8024,19.7116,36.8278,0.0,79.3048,35.2795,27.7813,43.378
10,2024-08-01,27.1362,23.2208,30.7629,forecast,17.078,14.7819,19.3989,8.6606,0.0,51.5033,36.6392,29.0675,44.7998
10,2024-09-01,23.0704,19.3448,26.8605,forecast,16.0432,13.5323,18.6882,0.0,0.0,11.4432,44.6606,36.3824,52.3564
10,2024-10-01,18.5568,15.1541,22.2561,forecast,11.9884,9.6424,14.2763,28.4408,0.0,68.1984,28.3168,19.9749,36.5398
10,2024-11-01,24.3817,20.7164,27.5477,forecast,15.5121,12.9768,17.8952,0.0,0.0,17.1941,21.4586,13.0843,29.8801
10,2024-12-01,24.6942,21.0917,28.0634,forecast,14.1982,11.5881,16.4057,20.5044,0.0,61.1879,23.4924,14.6405,32.631
