zone_sk,ds,aqi_forecast,aqi_lower,aqi_upper,row_type,pm25_forecast,pm25_lower,pm25_upper,co2_forecast,co2_lower,co2_upper,nrj_forecast,nrj_lower,nrj_upper
1,2019-01-01,27.4542,23.6942,31.0016,historical,14.5438,11.8391,17.0862,97.7656,49.816,145.5374,78.8659,65.9838,90.5825
1,2019-02-01,28.0015,24.0842,31.6457,historical,15.1362,12.2364,17.8953,7.0362,0.0,58.1515,75.2361,63.2765,87.2485
1,2019-03-01,24.3417,20.7732,28.1468,historical,15.5296,12.895,18.3473,66.8863,15.5907,115.9403,82.8315,70.7834,94.3065
1,2019-04-01,22.0662,18.4039,25.7068,historical,15.7236,13.0426,18.1759,39.2725,0.0,86.5901,89.2571,76.2557,101.3745
1,2019-05-01,23.8047,20.2441,27.4948,historical,16.2643,13.5539,19.0771,109.4021,60.0759,157.0215,82.4786,70.7239,94.745
1,2019-06-01,22.838,19.3771,26.6505,historical,10.8633,8.4668,13.6639,97.6638,48.0229,144.8682,79.7371,67.5209,91.747
1,2019-07-01,21.6888,18.0546,25.4955,historical,12.6559,10.0024,15.3707,27.9496,0.0,75.6092,84.5562,72.4907,96.1288
1,2019-08-01,25.0864,21.1226,29.0404,historical,14.2948,11.4399,16.9337,101.0878,51.4014,149.6067,80.6234,68.3251,92.8695
1,2019-09-01,32.1734,28.6382,36.034,historical,16.9699,14.3041,19.6256,94.7496,45.485,142.7227,82.9475,71.6918,95.2959
1,2019-10-01,25.9007,22.2062,29.5638,historical,16.4264,13.6751,19.1148,18.4568,0.0,65.529,83.6829,71.8161,95.1977
1,2019-11-01,21.8418,18.1549,25.6627,historical,11.8072,9.07,14.3455,99.3636,48.1121,140.2166,80.9437,69.1598,92.8458
1,2019-12-01,19.7935,16.0783,23.6174,historical,12.1813,9.6258,14.8406,127.6111,79.6567,173.5198,97.3511,85.0871,109.0868
1,2020-01-01,25.8382,22.0602,29.6344,historical,13.7183,11.0381,16.4487,94.5822,47.3461,141.4725,76.1998,63.7628,87.5446
1,2020-02-01,28.6211,24.7465,32.3311,historical,13.8462,11.1817,16.6116,0.0,0.0,36.9974,81.9646,70.7027,94.0129
1,2020-03-01,27.93,24.1624,31.5735,historical,14.0486,11.2405,16.8494,32.7387,0.0,81.034,87.263,75.1961,98.1546
1,2020-04-01,14.0068,10.1305,17.7092,historical,13.4484,10.8614,16.1453,56.5414,9.4556,102.7597,94.5245,82.5464,106.0605
1,2020-05-01,25.8175,22.3584,29.5051,historical,11.6763,9.0737,14.3654,47.1604,0.0,95.0753,89.1069,77.5819,100.934
1,2020-06-01,21.1291,17.4772,24.8969,historical,16.5533,13.9432,19.4448,109.1891,60.7331,160.471,80.4718,68.9745,93.5162
1,2020-07-01,25.0552,21.2698,28.3921,historical,13.5866,10.7251,16.4087,101.7641,53.8854,150.3131,79.3114,67.5008,91.0419
1,2020-08-01,22.8354,19.0672,26.6237,historical,12.1285,9.5848,14.934,85.1368,40.5705,134.0369,85.3261,73.6744,96.4364
1,2020-09-01,21.1435,17.4055,24.7735,historical,13.3331,10.5773,16.0746,117.0129,67.7639,164.2403,76.5786,64.7761,87.836
1,2020-10-01,23.28,19.4681,27.0255,historical,15.1415,12.327,17.9632,41.245,0.0,90.0243,96.0164,85.5945,108.2089
1,2020-11-01,25.0013,21.5122,28.6565,historical,13.9094,11.1298,16.6762,62.2361,14.2712,111.4558,90.3244,79.3994,102.3086
1,2020-12-01,25.3121,21.7965,29.2214,historical,12.8923,10.0803,15.4854,88.6077,43.9834,132.0592,68.9295,57.8639,81.0121
1,2021-01-01,23.5284,19.6161,27.1511,historical,13.189,10.5357,15.777,130.266,86.5478,179.5522,96.0071,84.6911,108.8112
1,2021-02-01,19.4815,15.7745,23.5353,historical,14.7953,12.1258,17.3948,73.6368,26.5577,122.4731,72.6387,61.0181,84.2021
1,2021-03-01,25.1913,21.6885,29.189,historical,14.2037,11.3525,16.7987,53.0723,2.5857,104.4627,86.0094,73.9149,98.283
1,2021-04-01,15.3843,11.6858,19.3147,historical,13.9022,11.1754,16.5176,59.9102,8.5,104.0333,92.8224,81.4327,104.7921
1,2021-05-01,24.1013,20.2252,27.6666,historical,12.9748,10.1824,15.5863,77.4118,26.7797,126.2729,86.7547,75.3213,98.9177
1,2021-06-01,20.7971,17.1071,24.4965,historical,14.4382,11.6942,17.1497,115.3781,67.1596,164.8586,79.9066,68.0641,92.0633
1,2021-07-01,23.1627,19.5795,27.1367,historical,13.0179,10.2459,15.608,86.5115,35.3866,137.9707,80.6648,68.5296,92.524
1,2021-08-01,22.9389,19.2,26.5777,historical,12.6241,9.9591,15.4147,99.5883,52.16,148.0186,83.2221,71.9768,93.969
1,2021-09-01,24.4137,20.8605,28.2715,historical,14.3796,11.6196,17.1045,118.9433,70.0144,168.5596,78.0431,66.8935,89.7293
1,2021-10-01,23.9949,20.4265,27.7319,historical,15.4613,12.7125,18.0933,42.6185,0.0,90.1466,91.0887,79.1385,102.9111
1,2021-11-01,23.9343,20.1453,27.864,historical,13.1122,10.4313,15.8832,83.706,33.9394,132.6373,86.0373,74.1154,97.6791
1,2021-12-01,23.5358,20.0497,27.171,historical,12.5592,9.6894,15.3981,111.4355,61.0309,159.1932,77.2775,65.1358,89.733
1,2022-01-01,24.4922,20.8024,28.1948,historical,13.3003,10.4579,15.9772,128.3815,82.5144,172.9235,88.1768,75.4795,100.1966
1,2022-02-01,22.9686,19.1805,26.9261,historical,14.4395,11.6362,17.1461,54.2833,9.3183,100.4865,74.3819,62.4073,85.3701
1,2022-03-01,24.11,20.6224,27.7089,historical,14.3732,11.6284,17.3514,73.7905,26.6152,122.2339,84.7096,73.0577,97.0444
1,2022-04-01,18.1869,14.5682,21.9642,historical,14.3634,11.7022,17.1713,63.4847,14.9422,112.0675,91.0921,78.9369,103.1829
1,2022-05-01,23.546,20.1358,27.2993,historical,14.2328,11.4877,17.1532,107.4941,63.5701,160.3183,84.4242,71.7916,95.7348
1,2022-06-01,21.5187,17.7651,25.153,historical,12.2959,9.5441,14.9563,120.8603,72.6234,170.2985,79.3902,67.5765,90.7171
1,2022-07-01,22.2272,18.5208,25.951,historical,12.4883,9.8338,15.1121,71.2207,22.4262,122.131,81.9956,69.8895,93.2542
1,2022-08-01,23.913,20.2228,27.7363,historical,13.1543,10.4836,15.9337,114.2272,65.1205,159.93,81.0853,69.7229,93.7648
1,2022-09-01,28.3515,24.3994,31.9582,historical,15.427,12.6189,18.1817,120.8419,74.8962,169.9332,79.4468,67.3857,92.0539
1,2022-10-01,25.1636,21.8375,28.6886,historical,15.7503,13.0302,18.4572,44.3436,0.0,94.9343,86.1104,74.8761,97.6853
1,2022-11-01,23.2116,19.6394,27.1054,historical,12.2984,9.5576,15.0845,105.4108,56.3955,150.2423,81.8937,70.0972,93.0605
1,2022-12-01,22.0617,18.1657,25.7806,historical,12.2352,9.372,14.8018,133.7648,87.7504,181.4961,85.593,74.1371,97.3716
1,2023-01-01,25.6651,21.8247,29.2799,forecast,13.4167,10.5792,16.1073,125.8037,78.2953,176.6646,80.2616,68.4028,92.132
1,2023-02-01,26.4558,22.4011,30.1916,forecast,14.0896,11.2729,16.8572,35.0696,0.0,84.3992,76.1793,64.8728,87.4082
1,2023-03-01,23.0157,19.5476,26.8351,forecast,14.5556,11.6824,17.4359,94.9156,50.1711,143.6502,83.366,71.7962,94.3689
1,2023-04-01,20.9835,17.4789,24.6071,forecast,14.83,11.9228,17.3685,67.2971,17.2607,114.2092,89.3392,78.0759,101.0404
1,2023-05-01,22.9576,19.4893,26.7982,forecast,15.4487,12.6148,18.1444,137.4222,85.3325,183.204,82.1229,70.7049,94.5103
1,2023-06-01,22.2342,18.6316,25.9,forecast,10.1281,7.3039,12.8736,125.6792,76.638,175.8223,78.9289,67.1173,91.4975
1,2023-07-01,21.3205,17.4816,25.1239,forecast,11.9985,9.2874,14.5567,55.9605,8.1751,105.9743,83.3101,71.3129,94.5975
1,2023-08-01,24.9614,21.4351,28.8906,forecast,13.7179,10.9197,16.3088,129.0941,82.1929,181.0391,78.9249,67.5548,90.2726
1,2023-09-01,32.2917,28.5526,36.0313,forecast,16.4735,13.8318,18.9371,122.7512,74.4966,173.6946,80.7965,68.5871,93.1076
1,2023-10-01,26.2544,22.599,29.9375,forecast,16.0078,13.2622,18.7381,46.454,0.0,95.9195,81.0941,69.1173,92.1704
1,2023-11-01,22.4387,18.7414,25.8551,forecast,11.469,8.791,14.1218,127.356,77.3948,175.5534,77.9028,66.5794,90.2376
1,2023-12-01,20.6255,17.0003,24.3717,forecast,11.9209,9.266,14.8229,155.5991,107.5129,203.1696,93.8737,82.1042,105.5979
1,2024-01-01,26.9133,23.1111,30.5316,forecast,13.5383,10.5516,16.1739,122.5655,73.255,172.5906,72.2714,60.4952,84.3373
1,2024-02-01,29.9393,26.3157,33.7866,forecast,13.7459,11.1491,16.3514,16.0424,0.0,59.1303,78.034,66.0778,89.9508
1,2024-03-01,29.4754,25.7228,33.1744,forecast,13.9486,11.2622,16.4877,60.713,10.5088,104.8926,83.3313,70.9993,94.4996
1,2024-04-01,15.7953,11.873,19.5832,forecast,13.3487,10.8165,16.2879,84.511,33.5456,132.619,90.5919,78.3572,102.9996
1,2024-05-01,27.8406,24.3041,31.7,forecast,11.5768,8.6943,14.1853,75.1255,28.2807,121.213,85.1735,73.1751,96.4065
1,2024-06-01,23.2869,19.2338,26.9523,forecast,16.4539,13.7827,19.0917,137.1496,92.3762,184.4114,76.5376,64.5666,88.2103
1,2024-07-01,27.3435,23.3768,31.1754,forecast,13.4874,10.8253,16.143,129.7201,77.1823,178.2357,75.3764,63.7127,87.6135
1,2024-08-01,25.2582,21.6263,29.1154,forecast,12.0294,9.3087,14.8971,113.0881,63.3571,159.7188,81.3903,69.6786,92.6573
1,2024-09-01,23.7008,19.8856,27.4213,forecast,13.2341,10.49,15.9583,144.9595,95.4313,195.8674,72.6419,60.9779,84.7079
1,2024-10-01,25.9675,22.0382,29.5331,forecast,15.0426,12.5001,17.9639,69.1872,21.0894,117.4113,92.079,79.8294,103.7161
1,2024-11-01,27.823,23.9077,31.6505,forecast,13.8106,11.081,16.523,90.1736,47.1659,139.1613,86.3861,74.8034,98.6865
1,2024-12-01,28.2634,24.4501,32.0083,forecast,12.7934,9.9929,15.5345,116.5407,67.6349,161.7963,64.9904,53.1443,77.3749
2,2019-01-01,26.5372,24.0474,29.0919,historical,14.5492,12.0136,16.9443,113.8206,70.2447,157.4886,73.5977,62.0867,85.2286
2,2019-02-01,22.3952,20.111,25.002,historical,13.9332,11.6922,16.2077,80.2913,37.8124,124.382,80.4624,68.283,91.9349
2,2019-03-01,31.1136,28.3798,33.5761,historical,23.4206,21.0134,25.5746,93.0285,50.5079,138.871,78.5807,67.3527,90.1117
2,2019-04-01,26.6861,24.0661,29.1212,historical,14.8475,12.3967,17.1702,33.9571,0.0,75.0608,71.0814,59.7471,82.9544
2,2019-05-01,22.1397,19.6431,24.4021,historical,10.6889,8.3673,13.1399,128.693,87.564,172.6551,74.4684,62.8272,85.6969
2,2019-06-01,20.708,18.3162,23.0491,historical,14.3897,12.0242,16.6927,87.6083,41.7088,129.6943,78.716,66.803,90.4218
2,2019-07-01,26.5211,23.9968,28.9463,historical,16.4639,14.1303,18.8025,61.4713,17.8892,105.1801,72.738,60.3828,84.4028
2,2019-08-01,24.1555,21.7364,26.7147,historical,14.2727,11.7649,16.6297,1.5178,0.0,42.9015,75.5148,62.9611,86.5979
2,2019-09-01,25.3549,22.865,27.7813,historical,17.1808,14.8517,19.446,135.2527,93.8812,178.2845,80.155,68.5862,91.5828
2,2019-10-01,21.9473,19.3968,24.1446,historical,13.1394,10.8554,15.4551,64.6062,20.8652,105.3254,68.226,56.3059,79.7093
2,2019-11-01,23.9225,21.3579,26.3358,historical,11.4797,9.1282,13.7251,95.3872,53.216,138.5998,74.6207,62.587,85.7713
2,2019-12-01,23.8256,21.3773,26.2465,historical,16.4167,14.0721,18.8065,38.5392,0.0,82.4732,74.4909,62.7778,84.9936
2,2020-01-01,24.095,21.7233,26.6222,historical,12.6148,10.2659,14.943,114.0947,69.9578,162.3503,71.4884,60.1127,83.1356
2,2020-02-01,20.9338,18.4856,23.5272,historical,12.1426,9.7281,14.4176,64.9061,25.5761,106.0108,84.8527,73.1935,96.2939
2,2020-03-01,23.104,20.5299,25.4738,historical,11.4373,9.0196,13.7659,81.076,36.3657,124.2511,87.6025,76.1862,98.9183
2,2020-04-01,23.5183,20.9292,25.8449,historical,18.4197,15.9298,20.7932,95.914,55.0632,138.5113,70.8821,58.7508,82.8228
2,2020-05-01,22.9182,20.3695,25.3809,historical,12.3801,10.2566,14.6862,65.9971,19.9322,106.5482,83.3037,71.8745,93.9107
2,2020-06-01,27.1459,24.593,29.5261,historical,16.0285,13.8317,18.3256,5.5922,0.0,50.9712,62.943,52.1172,74.0728
2,2020-07-01,24.135,21.5224,26.6073,historical,14.5014,12.0247,16.7786,79.998,38.3855,121.2287,76.5639,65.658,88.2337
2,2020-08-01,25.729,23.4849,28.0507,historical,14.4183,12.0917,16.616,99.052,52.5747,140.7792,81.1266,69.8971,92.2487
2,2020-09-01,22.4035,19.9162,24.7598,historical,12.233,9.8688,14.594,55.6106,10.2943,98.9674,66.1523,55.151,76.9859
2,2020-10-01,22.1332,19.7318,24.5629,historical,14.7407,12.3972,17.0237,66.7319,19.552,109.9569,66.9976,56.0674,79.0969
2,2020-11-01,18.9682,16.5366,21.5185,historical,10.7863,8.5061,13.0906,95.4632,50.6837,139.2068,90.9102,79.4376,102.0477
2,2020-12-01,24.5643,22.1773,26.9802,historical,14.9212,12.5145,17.2463,16.8004,0.0,59.6947,66.0475,54.5413,76.7689
2,2021-01-01,30.5371,28.0511,33.1527,historical,16.2343,13.9557,18.4623,79.3831,34.2777,122.6913,74.3621,62.8389,85.6113
2,2021-02-01,24.6689,22.3812,26.8905,historical,15.5696,13.3372,17.733,77.1775,31.5418,119.3689,67.9941,56.8988,79.7642
2,2021-03-01,25.4621,23.0081,28.0941,historical,14.7845,12.3851,17.2137,74.1119,28.592,117.4889,83.4674,71.9306,94.9102
2,2021-04-01,24.3339,21.9002,26.8268,historical,16.6652,14.3239,19.1335,63.8203,20.161,104.8063,69.7406,58.2837,81.3567
2,2021-05-01,22.4287,19.8237,24.8946,historical,11.2182,8.9441,13.4387,75.2311,33.77,118.5839,79.0739,67.8793,90.5551
2,2021-06-01,24.7143,22.327,27.1429,historical,14.8927,12.6305,17.1418,22.2067,0.0,66.128,66.9554,54.8678,79.0945
2,2021-07-01,24.6179,22.0426,27.0998,historical,14.5949,12.1633,17.0607,63.5379,23.337,106.5565,74.1427,62.0179,84.9841
2,2021-08-01,24.9019,22.3692,27.4147,historical,13.8391,11.4805,16.1957,55.1448,12.3936,96.3034,77.9906,67.1543,89.1929
2,2021-09-01,23.087,20.6508,25.5708,historical,13.4046,11.1458,15.7375,70.6175,29.4059,110.8528,69.5979,58.0609,81.3746
2,2021-10-01,21.7804,19.3023,24.2203,historical,13.7734,11.5788,16.1108,55.0985,12.1058,98.5659,66.3181,55.8083,78.3783
2,2021-11-01,20.3521,17.8967,22.8652,historical,10.5902,8.1778,12.8993,84.2794,40.3131,128.2402,84.2642,73.0204,96.6837
2,2021-12-01,24.0917,21.6317,26.336,historical,15.0421,12.9403,17.5727,12.8327,0.0,53.7382,67.5685,56.6438,78.6363
2,2022-01-01,28.1166,25.7267,30.6384,historical,14.6638,12.1462,17.1967,80.0782,41.7473,122.922,72.1371,59.5821,83.453
2,2022-02-01,23.0718,20.6415,25.4467,historical,14.0033,11.7898,16.6005,62.2151,21.111,107.1345,72.4227,61.2434,82.9466
2,2022-03-01,27.8486,25.3625,30.3819,historical,18.4073,16.1019,20.7928,67.0093,25.3532,111.1905,79.2499,68.0276,90.7976
2,2022-04-01,25.1059,22.8416,27.7433,historical,15.1012,12.8117,17.4989,32.0762,0.0,76.4603,68.5972,56.1932,80.8235
2,2022-05-01,21.8845,19.4222,24.0556,historical,10.2807,7.8972,12.75,85.0532,41.4061,127.4047,74.9188,63.5855,86.5562
2,2022-06-01,22.283,19.746,24.6858,historical,13.9726,11.8904,16.2862,38.4717,0.0,83.3756,71.0054,58.8909,82.9548
2,2022-07-01,25.1288,22.8809,27.6055,historical,14.8754,12.4918,17.2912,46.2735,1.9448,87.2505,71.6579,59.9202,83.9369
2,2022-08-01,24.0929,21.7731,26.4107,historical,13.4167,10.9199,15.7115,11.5368,0.0,52.4131,74.9103,63.0939,86.3169
2,2022-09-01,23.7867,21.2992,26.1296,historical,14.6805,12.2932,16.9969,86.086,43.6819,127.1668,73.0578,61.3111,84.779
2,2022-10-01,21.4341,18.9919,24.0622,historical,12.8657,10.3111,15.1951,43.3061,2.4455,90.4257,65.5182,53.3934,77.3334
2,2022-11-01,21.7197,19.0705,24.2516,historical,10.4478,7.9715,12.8048,73.1691,27.6656,116.6045,77.6232,66.8393,89.0556
2,2022-12-01,23.5607,21.0395,26.0572,historical,15.1673,12.8496,17.4915,8.9972,0.0,52.0347,69.1742,57.5244,80.2513
2,2023-01-01,25.6837,23.1794,28.1597,forecast,13.0839,10.7266,15.4077,80.5678,39.5136,126.6384,69.9703,58.1942,81.6199
2,2023-02-01,21.5418,18.9401,23.899,forecast,12.4976,10.2589,14.6513,47.0385,3.6104,87.4454,76.835,66.2466,87.9251
2,2023-03-01,30.2601,27.6578,32.6959,forecast,22.0118,19.7432,24.1745,59.7758,23.0044,106.2847,74.9533,63.3442,85.828
2,2023-04-01,25.8327,23.4442,28.3459,forecast,13.4684,11.143,15.7203,0.7044,0.0,41.9551,67.4539,56.2575,78.6108
2,2023-05-01,21.2863,18.8269,23.7488,forecast,9.3386,6.8488,11.5901,95.4402,52.8749,137.0234,70.841,59.6887,82.9025
2,2023-06-01,19.8546,17.4687,22.1883,forecast,13.0691,10.6045,15.2562,54.3555,14.1237,100.2933,75.0886,63.6908,86.1097
2,2023-07-01,25.6677,23.2598,27.9936,forecast,15.1721,12.7905,17.7201,28.2185,0.0,73.5868,69.1105,57.3132,80.5737
2,2023-08-01,23.3021,20.8654,25.8369,forecast,13.0106,10.6586,15.3947,0.0,0.0,11.5747,71.8873,59.8856,83.723
2,2023-09-01,24.5015,22.1013,26.8789,forecast,15.9484,13.4903,18.1841,101.9999,60.7241,145.1366,76.5275,64.4881,87.6396
2,2023-10-01,21.0939,18.5703,23.5372,forecast,11.9357,9.6259,14.2626,31.3535,0.0,74.7466,64.5985,52.5465,76.1834
2,2023-11-01,23.0691,20.525,25.5747,forecast,10.3058,7.9389,12.744,62.1345,18.3534,102.9439,70.9933,60.3425,82.28
2,2023-12-01,22.9722,20.586,25.5646,forecast,15.2714,12.9568,17.649,5.2864,0.0,47.5081,70.8634,58.9731,82.456
2,2024-01-01,23.2416,20.6782,25.8558,forecast,11.4993,9.0768,13.8704,80.8419,40.3966,124.8509,67.861,56.319,79.2474
2,2024-02-01,20.0804,17.7103,22.609,forecast,11.0567,8.6292,13.3596,31.6534,0.0,73.0968,81.2253,70.1535,93.2099
2,2024-03-01,22.2506,19.7922,24.8934,forecast,10.3793,7.8226,12.548,47.8232,4.9259,89.2115,83.9751,72.7657,95.3853
2,2024-04-01,22.6649,20.1341,24.9731,forecast,17.3913,15.2325,19.6613,62.6612,15.5552,105.3232,67.2547,55.9754,78.7673
2,2024-05-01,22.0648,19.773,24.5762,forecast,11.3804,9.136,13.7752,32.7443,0.0,75.8809,79.6763,67.9747,90.6462
2,2024-06-01,26.2925,23.9194,28.7929,forecast,15.0583,12.6699,17.3608,0.0,0.0,15.6195,59.3156,45.7273,69.7975
2,2024-07-01,23.2815,20.6136,25.704,forecast,13.5598,11.4038,15.9485,46.7453,6.1994,89.2427,72.9365,61.469,84.2972
2,2024-08-01,24.8756,22.3397,27.2688,forecast,13.506,11.158,15.9421,65.7992,21.8145,107.1213,77.4992,66.7276,89.0677
2,2024-09-01,21.55,19.1757,24.0881,forecast,11.3489,9.1021,13.6861,22.3578,0.0,70.3282,62.5249,50.5022,73.4462
2,2024-10-01,21.2798,18.7929,23.8068,forecast,13.884,11.4391,16.1254,33.4791,0.0,76.8533,63.3701,51.5601,74.5349
2,2024-11-01,18.1148,15.7744,20.7528,forecast,9.9577,7.6531,12.1994,62.2105,18.0329,103.6008,87.2828,76.2245,98.8176
2,2024-12-01,23.7108,21.3839,26.2194,forecast,14.1193,11.6051,16.4401,0.0,0.0,26.7736,62.4201,51.6856,73.7131
3,2019-01-01,23.0938,19.0483,27.1557,historical,16.3716,12.7705,19.9786,78.8446,39.1462,119.9973,217.6268,181.9414,257.7804
3,2019-02-01,22.838,18.9608,26.8055,historical,13.0818,9.3043,16.5614,42.3545,0.0,81.3704,102.3192,60.9592,142.9632
3,2019-03-01,29.947,26.0743,34.0404,historical,17.4025,13.6123,21.0277,118.1308,77.3272,155.598,99.334,60.7392,138.8743
3,2019-04-01,18.3328,14.2695,22.4091,historical,11.8402,8.3449,15.6362,32.5998,0.0,72.4878,92.476,52.1448,132.7268
3,2019-05-01,26.9681,23.0039,31.309,historical,13.1773,9.5731,16.7432,112.2846,68.1355,153.9272,107.9345,68.6556,148.8602
3,2019-06-01,27.5059,23.2966,31.6002,historical,15.8755,12.2945,19.2856,59.2697,18.6439,98.3942,94.827,51.6506,138.2733
3,2019-07-01,24.4552,20.7087,28.7071,historical,14.825,11.3654,18.4929,37.1749,0.0,75.9533,81.5445,41.547,118.5358
3,2019-08-01,27.9892,23.897,31.7986,historical,11.7136,7.8683,15.5186,24.7919,0.0,66.4792,77.5341,38.8961,120.8601
3,2019-09-01,21.2676,17.1307,25.485,historical,12.1858,8.3404,15.8134,89.2738,50.21,130.0716,77.4201,34.2138,117.6437
3,2019-10-01,19.0902,14.9924,22.9879,historical,10.1174,6.7463,13.681,71.253,31.7705,112.1506,72.3128,28.5877,112.8499
3,2019-11-01,24.8436,20.6801,28.5833,historical,15.6492,11.8827,19.3499,20.8892,0.0,60.2219,56.6835,17.477,95.5341
3,2019-12-01,20.4713,16.6028,24.5828,historical,9.0627,5.3738,13.1757,68.3131,29.727,108.5936,70.2298,28.6564,110.8554
3,2020-01-01,25.2097,20.9994,29.4531,historical,20.6152,16.714,24.5852,78.4941,39.6711,120.7509,172.2485,132.2897,214.793
3,2020-02-01,21.7095,17.9479,25.4981,historical,11.5362,7.7353,15.2402,21.6766,0.0,63.9723,34.5626,0.0,73.8964
3,2020-03-01,25.3879,21.1554,29.4565,historical,14.2384,10.5618,17.8241,16.4648,0.0,55.5922,58.5374,18.1619,99.7831
3,2020-04-01,26.1899,22.2147,29.9891,historical,17.9189,14.5566,22.0372,93.807,53.1922,133.6659,55.6946,16.8065,96.2837
3,2020-05-01,24.9242,20.8817,28.9667,historical,12.9893,9.2808,16.5476,85.0824,47.6541,127.1203,59.1077,19.633,97.8697
3,2020-06-01,24.7245,20.6807,29.0984,historical,16.2088,12.7449,19.9121,53.8957,8.8507,92.1013,51.5452,12.3141,91.2905
3,2020-07-01,25.5126,21.1996,29.3743,historical,10.903,6.9728,14.7947,46.4156,3.7467,88.1431,61.7481,21.5582,100.869
3,2020-08-01,26.958,22.6721,30.9809,historical,11.9477,8.2741,15.6757,49.4844,7.6668,85.3998,73.7199,33.8479,112.3775
3,2020-09-01,24.9936,21.0971,28.7456,historical,17.6952,14.0458,21.404,100.9581,62.0449,141.1992,73.9196,32.8243,114.9352
3,2020-10-01,21.4968,17.3367,25.2573,historical,12.6389,8.8884,16.5639,0.0,0.0,37.9958,74.6293,35.6482,116.7228
3,2020-11-01,20.337,15.9678,24.3133,historical,12.1767,8.4195,15.8001,22.392,0.0,64.0801,64.4844,23.4432,106.5116
3,2020-12-01,24.7007,20.8028,29.0005,historical,15.5301,11.8801,19.2837,101.0176,62.3439,137.3231,70.927,29.5724,111.6741
3,2021-01-01,20.4372,16.379,24.5205,historical,10.8005,7.1564,14.5549,71.5468,31.5087,113.4976,118.4218,75.1284,157.6588
3,2021-02-01,26.6623,22.5414,30.7639,historical,19.0092,15.2831,22.6138,76.9356,35.3393,114.5514,69.0664,24.818,108.8046
3,2021-03-01,27.4573,23.358,31.8012,historical,16.2791,12.6522,20.0768,47.76,5.2816,86.5329,55.4802,11.3589,94.511
3,2021-04-01,24.1046,19.8058,27.7427,historical,16.879,13.2096,20.4884,71.0531,31.5691,110.2512,53.6435,10.6684,94.5321
3,2021-05-01,26.0926,22.0006,30.2333,historical,13.999,10.4827,17.6938,91.3772,50.6641,131.3107,63.4502,22.0985,103.8572
3,2021-06-01,26.186,22.2232,30.4995,historical,17.0546,13.0951,20.8784,53.1921,13.6267,93.6383,56.6147,11.4793,98.2874
3,2021-07-01,25.7071,21.5875,29.9604,historical,13.2,9.8529,16.7642,40.8064,0.4931,80.9915,61.3961,20.5102,101.6703
3,2021-08-01,27.856,23.7577,31.5845,historical,12.8993,9.0419,16.5222,38.4855,0.0,79.0647,70.3387,29.8309,112.3984
3,2021-09-01,24.2962,19.9035,28.1826,historical,16.8581,13.1229,20.5304,93.9691,57.7158,133.7465,72.7454,29.9099,112.3473
3,2021-10-01,21.1907,17.2976,25.1771,historical,12.7416,9.1843,16.8308,20.5963,0.0,61.5827,73.8216,32.9517,113.8137
3,2021-11-01,22.3662,18.5384,26.4781,historical,14.3113,10.9154,17.9136,19.6998,0.0,61.301,61.7892,17.9646,103.1408
3,2021-12-01,23.8217,20.2656,27.8049,historical,14.3269,10.5101,18.0813,87.5775,46.6531,131.6322,70.4625,29.7765,110.124
3,2022-01-01,22.5657,18.5514,26.477,historical,15.0602,11.2258,18.8227,71.2172,32.2256,110.8212,136.5915,96.2571,180.2505
3,2022-02-01,25.5526,21.8386,29.6076,historical,17.5345,13.8191,21.0771,55.4643,13.4004,93.1122,57.8961,19.4835,98.4188
3,2022-03-01,29.5097,25.5068,33.3579,historical,18.3148,14.6446,21.8609,78.9975,35.0606,118.3471,52.6278,12.5454,92.2081
3,2022-04-01,22.0173,18.2088,25.716,historical,15.8331,12.2649,19.5677,47.9844,11.2843,90.7507,51.837,14.6106,93.7692
3,2022-05-01,27.3067,23.5473,31.4101,historical,15.0426,11.5346,18.6812,97.7832,56.4859,139.1367,67.9681,31.1826,108.9237
3,2022-06-01,27.6462,23.3491,31.6189,historical,17.9247,14.1932,21.8293,52.3203,11.4874,90.9671,61.6666,22.9176,104.2063
3,2022-07-01,25.8873,21.9412,29.6453,historical,15.4891,12.1278,19.5338,35.0594,0.0,74.5071,60.9224,21.1257,100.1173
3,2022-08-01,28.7324,24.9409,32.7969,historical,13.8025,10.2407,17.5134,27.5858,0.0,67.8968,66.9179,26.5016,108.2547
3,2022-09-01,23.5863,19.614,27.4559,historical,16.0022,12.3044,19.4612,87.4089,45.5985,127.6657,71.6021,30.9721,109.8975
3,2022-10-01,20.9209,16.7508,24.9291,historical,12.882,8.9869,16.4462,41.9281,2.1803,81.3258,73.0443,31.6807,111.9165
3,2022-11-01,24.4015,20.1785,28.8975,historical,16.4503,12.9927,20.2022,16.5349,0.0,56.8918,59.1901,17.6898,95.9608
3,2022-12-01,22.9443,18.8712,26.9329,historical,13.152,9.7268,16.8514,74.0064,31.9201,117.7908,70.2409,30.9819,108.3066
3,2023-01-01,24.6896,20.7951,28.904,forecast,19.314,15.4334,23.2064,70.8655,31.9436,110.6988,154.5558,112.9078,193.9848
3,2023-02-01,24.4339,20.4154,28.3261,forecast,16.0242,12.3298,19.6965,34.3744,0.0,74.4084,46.4136,4.1742,88.6381
3,2023-03-01,31.543,27.5142,35.8453,forecast,20.345,16.7052,24.2048,110.1497,68.8979,151.5387,49.9004,8.1818,90.6343
3,2023-04-01,19.9289,15.807,24.0209,forecast,14.7827,11.12,18.6914,24.6176,0.0,63.2988,50.2079,12.0209,92.5478
3,2023-05-01,28.5643,24.4662,32.3922,forecast,16.1199,12.4451,19.7677,104.3014,65.4338,147.6565,72.5989,34.4031,112.8238
3,2023-06-01,29.1023,24.6557,32.9518,forecast,18.8182,15.1099,22.5639,51.2855,9.4421,90.9873,66.6502,30.7514,108.0314
3,2023-07-01,26.0517,22.0654,30.1617,forecast,17.7677,14.0727,21.6253,29.1896,0.0,69.0386,60.2956,18.5783,102.2311
3,2023-08-01,29.5859,25.627,33.3868,forecast,14.6564,10.8073,18.4733,16.8055,0.0,57.1353,63.4396,22.2047,106.0636
3,2023-09-01,22.8644,18.7727,26.8681,forecast,15.1287,11.2678,18.8426,81.2864,40.2984,117.8278,70.4772,31.2912,109.5991
3,2023-10-01,20.6871,16.6085,24.5396,forecast,13.0603,9.4387,16.864,63.2645,23.895,103.1741,72.2908,32.3663,114.6649
3,2023-11-01,26.4406,22.1737,30.359,forecast,18.5922,15.1183,22.4229,12.9,0.0,56.2609,56.6868,16.2008,99.1513
3,2023-12-01,22.0684,18.1664,26.1079,forecast,12.0057,8.4603,15.653,60.3232,22.3509,101.9135,70.2553,31.3689,111.8505
3,2024-01-01,26.807,22.5512,31.0118,forecast,23.5583,19.936,27.3602,70.5034,28.5073,110.2765,172.297,128.8369,215.4097
3,2024-02-01,23.3069,19.2758,27.3874,forecast,14.4793,10.7922,18.1114,13.6852,0.0,54.1145,34.6289,0.0,75.3737
3,2024-03-01,26.9855,23.2326,31.0299,forecast,17.1816,13.5238,20.6064,8.4727,0.0,50.6177,58.6201,16.0545,99.8004
3,2024-04-01,27.7876,23.3462,32.0183,forecast,20.8621,16.9693,24.2438,85.8141,45.5965,124.7887,55.7948,14.0599,103.3118
3,2024-05-01,26.522,22.5167,30.6407,forecast,15.9327,12.3179,19.2862,77.0888,37.6998,116.9671,59.2218,17.1653,101.0967
3,2024-06-01,26.3225,22.1709,30.2704,forecast,19.1522,15.5236,22.8779,45.9014,7.301,84.4359,51.6717,5.6784,99.0702
3,2024-07-01,27.1106,23.165,31.3581,forecast,13.8464,10.0297,17.662,38.4206,0.0,77.3707,61.8865,16.3186,104.6472
3,2024-08-01,28.5561,24.4082,32.8775,forecast,14.8912,11.0805,18.6137,41.4886,1.3482,79.9403,73.8671,30.3366,119.6985
3,2024-09-01,26.5919,22.809,30.7816,forecast,20.6388,16.9392,24.5688,92.9616,52.2352,132.61,74.0737,27.7464,120.7457
3,2024-10-01,23.0952,18.8931,27.5211,forecast,15.5826,11.7776,19.0911,0.0,0.0,30.3478,74.79,30.1778,121.7321
3,2024-11-01,21.9355,18.1552,26.0297,forecast,15.1204,11.4919,18.7372,14.394,0.0,53.6217,64.6506,17.7577,111.063
3,2024-12-01,26.2993,22.1751,30.2227,forecast,18.4739,14.6714,22.0755,93.0189,53.6959,133.0119,71.095,23.1866,117.1317
4,2019-01-01,24.2128,21.7927,26.7858,historical,10.7458,8.537,13.1285,113.7295,72.9692,150.8739,75.8536,65.4179,86.599
4,2019-02-01,28.7234,26.1461,31.6498,historical,17.0767,14.7289,19.4355,88.2491,49.1556,128.4673,79.011,67.5263,89.9575
4,2019-03-01,23.5038,20.8242,25.9324,historical,13.2344,10.8352,15.5831,41.8956,5.5612,78.9116,70.1724,59.2874,81.1492
4,2019-04-01,23.6687,20.9807,26.2879,historical,14.0233,11.7485,16.5005,88.9804,50.7922,131.5267,65.1036,54.4023,76.2052
4,2019-05-01,27.4943,24.893,30.1897,historical,12.5113,10.3007,14.9145,10.6146,0.0,49.7271,68.5863,57.5822,79.0396
4,2019-06-01,22.6222,20.0454,25.4366,historical,12.9914,10.5138,15.3369,49.4427,7.5658,86.9182,72.1815,61.6459,82.2755
4,2019-07-01,22.5149,19.9514,25.282,historical,14.7723,12.4022,17.0915,104.08,66.4348,139.4292,81.0942,70.2333,91.5789
4,2019-08-01,14.9031,12.2118,17.6465,historical,12.523,10.248,14.8916,86.6738,47.9695,122.8148,71.4594,60.377,82.1111
4,2019-09-01,24.6796,21.9101,27.2864,historical,12.5769,10.2729,15.0329,33.729,0.0,67.8775,56.1995,44.7645,67.111
4,2019-10-01,35.8668,33.1046,38.5727,historical,11.6994,9.4579,13.9617,61.9606,23.5871,102.3689,72.2615,61.3241,83.2937
4,2019-11-01,25.0556,22.2233,27.8477,historical,12.2344,9.8499,14.6376,119.1079,79.2739,156.5633,78.6693,67.3997,89.9474
4,2019-12-01,19.9438,17.2337,22.5231,historical,14.21,11.8491,16.5086,53.1743,12.7784,89.6831,80.4571,69.6579,91.7487
4,2020-01-01,23.3666,20.7388,26.0354,historical,10.479,8.2449,13.0195,118.4299,79.8643,156.4848,76.0959,65.7844,86.9543
4,2020-02-01,30.3232,27.6905,32.9739,historical,18.7223,16.5601,21.0152,98.9729,60.5685,135.4749,86.5883,75.8377,97.247
4,2020-03-01,24.4381,21.8839,27.0246,historical,15.2018,12.9046,17.424,29.1192,0.0,69.116,78.1773,67.4736,89.769
4,2020-04-01,26.1689,23.4981,29.0459,historical,13.2049,10.9776,15.6275,89.5411,49.9911,126.8684,80.9565,70.3887,91.1045
4,2020-05-01,22.1343,19.4038,24.7722,historical,16.4837,14.4295,18.871,89.5826,51.6428,130.1128,74.8903,63.9475,85.7189
4,2020-06-01,23.4433,20.7687,26.3163,historical,12.1892,9.8834,14.6244,75.8368,37.8492,112.6957,61.1534,51.5191,72.2962
4,2020-07-01,22.0257,19.3429,24.5455,historical,15.674,13.2877,17.9604,34.2622,0.0,72.6042,73.3097,62.6516,84.729
4,2020-08-01,22.8823,20.1121,25.4404,historical,12.2739,9.9983,14.7047,0.0,0.0,25.6444,77.5758,67.2428,87.8716
4,2020-09-01,23.0746,20.3335,25.8773,historical,11.1992,8.8858,13.5633,111.2035,69.056,151.6564,70.6983,59.7895,81.7175
4,2020-10-01,21.2826,18.6556,23.7459,historical,16.2117,13.9228,18.4116,98.9319,58.0518,138.0131,71.6274,60.5037,82.123
4,2020-11-01,30.5507,27.8716,33.2392,historical,12.126,9.8159,14.5975,103.3627,66.5499,141.5506,81.9668,71.0042,92.7288
4,2020-12-01,25.6475,23.0497,28.099,historical,12.7336,10.5723,15.1798,73.7058,34.6854,113.6597,78.7329,67.8362,89.7245
4,2021-01-01,24.4223,21.7484,27.1527,historical,13.8348,11.535,16.0866,103.1529,62.1691,141.7387,84.0515,73.2362,94.8286
4,2021-02-01,23.9028,21.3086,26.6032,historical,16.2835,14.0694,18.7394,64.7959,24.1534,104.713,72.3512,61.4505,83.385
4,2021-03-01,23.5953,20.7767,26.2565,historical,15.0856,12.7578,17.5445,33.0048,0.0,71.611,78.4832,67.9319,88.6798
4,2021-04-01,24.7586,22.2808,27.4395,historical,13.9608,11.5019,16.2681,89.1905,52.7523,129.0188,78.5116,67.6665,89.7274
4,2021-05-01,23.3604,20.8712,26.0639,historical,15.5733,13.315,17.8282,62.5218,22.0389,102.0073,75.4847,64.5185,86.4703
4,2021-06-01,22.6388,20.0694,25.2335,historical,12.7968,10.4651,15.2394,65.5175,29.4898,105.3597,67.5839,56.5265,77.7402
4,2021-07-01,21.6564,18.9845,24.4832,historical,15.6708,13.4606,18.1755,56.2909,20.4488,92.5497,78.8469,67.8981,89.7574
4,2021-08-01,19.6319,16.8624,22.3978,historical,12.5935,10.3238,14.9302,20.0388,0.0,59.983,78.5142,66.6693,90.1038
4,2021-09-01,22.9502,20.2834,25.5805,historical,11.9,9.4864,14.3089,85.4681,49.2686,122.2226,68.7094,57.4964,79.4222
4,2021-10-01,25.6196,22.9326,28.1649,historical,14.9149,12.7181,17.1128,85.6746,45.9065,125.0505,74.6268,63.4142,86.2925
4,2021-11-01,28.2559,25.5683,31.008,historical,12.3214,9.8912,14.5211,107.7311,71.0794,148.3213,83.6885,72.8616,94.2804
4,2021-12-01,23.172,20.5554,25.8632,historical,13.3957,11.0593,15.6756,65.9679,28.1671,102.8064,82.15,71.6496,92.9621
4,2022-01-01,23.4469,20.5395,26.2158,historical,12.8532,10.6519,15.0555,107.2451,68.8944,146.1419,84.1984,73.601,95.9836
4,2022-02-01,25.464,22.6486,28.182,historical,17.1496,14.9744,19.2389,75.4619,36.6465,115.0806,79.9566,68.743,90.0173
4,2022-03-01,22.7225,20.1188,25.5618,historical,14.5524,12.3129,16.8648,36.5714,0.9364,76.7108,78.6627,67.3006,89.1224
4,2022-04-01,23.3636,20.5732,26.0805,historical,14.2935,12.1887,16.6642,88.3069,48.7446,125.3468,76.0739,65.084,87.354
4,2022-05-01,24.5862,21.8668,27.0728,historical,14.2475,11.9517,16.6839,35.4933,0.0,72.961,76.2316,64.8958,87.2067
4,2022-06-01,21.8035,19.0331,24.5832,historical,12.9999,10.6628,15.3126,56.0214,17.8248,93.4497,74.1107,63.4927,86.0787
4,2022-07-01,21.2575,18.6534,23.9811,historical,15.2447,12.8739,17.6139,78.8812,39.9527,115.6944,84.2922,73.1002,94.7092
4,2022-08-01,16.4092,13.7767,19.1245,historical,12.4877,10.1327,14.8695,52.6713,13.3144,92.3843,79.3236,68.5424,90.7443
4,2022-09-01,22.9235,20.1851,25.7611,historical,12.0877,9.7828,14.434,58.9418,20.6157,96.8815,66.7236,55.8505,77.9769
4,2022-10-01,29.9205,27.0817,32.5563,historical,13.0585,10.7591,15.3338,72.6502,35.4683,110.1105,77.6869,65.9349,87.8233
4,2022-11-01,25.8612,23.193,28.5778,historical,11.9229,9.6605,14.2946,112.2855,75.4309,152.5426,85.4381,74.2551,96.2213
4,2022-12-01,20.7071,18.0162,23.3011,historical,13.3733,10.9433,15.7317,58.4289,22.2358,97.6209,85.574,74.4159,97.6322
4,2023-01-01,22.5319,19.7269,25.1389,forecast,11.1369,8.852,13.5016,111.6469,70.6511,149.588,84.3953,74.5791,95.1797
4,2023-02-01,27.0418,24.3157,29.7175,forecast,17.3451,14.8852,19.6787,86.1666,48.0659,123.6428,87.5531,76.9234,97.8553
4,2023-03-01,21.8216,19.2067,24.5851,forecast,13.392,11.048,15.6944,39.8132,2.545,78.1572,78.7149,67.8855,89.0659
4,2023-04-01,21.9859,19.3135,24.8344,forecast,14.0583,11.7459,16.2848,86.8981,49.3424,126.7317,73.6465,62.6406,84.7052
4,2023-05-01,25.8108,23.2134,28.5214,forecast,12.4275,10.1922,14.6367,8.5324,0.0,45.8373,77.1296,66.2012,88.2355
4,2023-06-01,20.9381,18.077,23.7214,forecast,12.7849,10.4925,15.039,47.3606,9.6556,83.0735,80.7251,69.3491,91.3838
4,2023-07-01,20.8301,18.1157,23.5977,forecast,14.4471,11.8832,16.8299,101.998,62.0103,138.262,89.6382,77.6777,100.8925
4,2023-08-01,13.2177,10.5282,15.8575,forecast,12.0752,9.6583,14.4963,84.592,49.9788,123.8416,80.0037,69.0292,91.6506
4,2023-09-01,22.9935,20.2885,25.3899,forecast,12.0064,9.7702,14.3329,31.6473,0.0,69.0585,64.7443,54.5246,76.2761
4,2023-10-01,34.1802,31.0864,36.9278,forecast,11.0103,8.8498,13.4403,59.879,24.1052,95.0506,80.8067,70.2211,91.3985
4,2023-11-01,23.3683,20.716,26.0611,forecast,11.4225,8.9853,13.8471,117.0264,80.5018,155.345,87.2149,76.0612,97.7502
4,2023-12-01,18.2559,15.4765,21.0993,forecast,13.2794,11.007,15.697,51.0929,12.2413,88.4243,89.0031,77.954,101.0805
4,2024-01-01,21.678,18.9671,24.2669,forecast,9.4258,6.9148,11.8762,116.3487,78.6122,155.5121,84.6422,72.6054,95.6563
4,2024-02-01,28.6341,26.2305,31.2642,forecast,17.5465,15.3895,20.0462,96.8918,58.8539,131.676,95.135,84.5282,106.0475
4,2024-03-01,22.7485,19.9684,25.4953,forecast,13.9113,11.6803,16.1698,27.0382,0.0,61.5713,86.7243,75.7052,97.6943
4,2024-04-01,24.4788,21.6237,27.3165,forecast,11.7919,9.5217,14.2602,87.4602,47.3835,125.6084,89.504,77.4364,99.5614
4,2024-05-01,20.4438,17.7076,23.0513,forecast,14.9528,12.5114,17.1188,87.5019,51.695,123.0619,83.4381,73.108,94.3083
4,2024-06-01,21.7526,19.0795,24.4081,forecast,10.5367,8.1546,12.9763,73.7561,37.8647,109.8305,69.7017,58.6849,80.7401
4,2024-07-01,20.3347,17.7039,22.9787,forecast,13.904,11.5789,16.3987,32.1817,0.0,70.1145,81.8583,70.2134,93.0961
4,2024-08-01,21.1912,18.4324,23.9174,forecast,10.3829,8.0158,12.6911,0.0,0.0,22.38,86.1248,75.0648,96.4493
4,2024-09-01,21.3834,18.6637,24.0808,forecast,9.2452,7.0596,11.6487,109.1232,68.8856,145.4731,79.2476,68.3248,90.3465
4,2024-10-01,19.5914,16.8196,22.2369,forecast,14.1967,11.8079,16.5698,96.8517,62.0149,135.0635,80.1771,68.6412,90.7533
4,2024-11-01,28.8595,26.2493,31.4609,forecast,10.0481,7.5069,12.4972,101.2827,61.9551,137.5906,90.5169,79.5012,101.2713
4,2024-12-01,23.9562,21.2723,26.6412,forecast,10.5949,8.1135,12.9806,71.6258,32.6453,108.8949,87.2834,75.9604,97.9877
5,2019-01-01,24.1339,20.8354,27.6055,historical,13.3692,10.6167,16.267,76.0404,41.4789,115.4916,80.5769,71.5978,89.363
5,2019-02-01,24.462,20.7985,28.0722,historical,15.3699,12.6831,18.0178,82.8633,49.4596,114.6614,71.7996,63.7253,80.1358
5,2019-03-01,25.3019,21.6839,28.8534,historical,12.3735,9.5724,15.1951,97.0782,61.788,132.4584,70.9514,62.9743,79.4564
5,2019-04-01,31.9517,28.385,35.4323,historical,20.7801,17.9293,23.3086,67.5157,31.0333,104.3302,71.7245,63.6404,80.0385
5,2019-05-01,19.1474,15.5478,22.8991,historical,13.4659,10.7094,16.1274,99.5938,64.2433,135.2426,77.9397,69.3807,86.6572
5,2019-06-01,22.8069,18.9859,26.2528,historical,13.161,10.2033,15.8312,29.3014,0.0,66.0595,81.0515,72.825,89.5835
5,2019-07-01,22.2143,18.4006,25.8109,historical,15.0505,12.3233,17.8402,54.86,17.2343,89.3007,71.0436,62.6009,78.7933
5,2019-08-01,28.7176,25.2447,32.1114,historical,15.8092,12.9726,18.5953,90.1455,55.6936,123.4715,74.9383,66.8956,82.751
5,2019-09-01,24.2843,20.9906,27.77,historical,13.403,10.6762,16.0673,123.582,89.7107,159.3955,79.1027,70.6499,86.8227
5,2019-10-01,25.239,21.7849,28.7969,historical,14.512,11.7522,17.2926,39.1015,4.8815,74.6441,66.2562,57.4423,74.4226
5,2019-11-01,14.4893,10.7424,17.9702,historical,15.0241,12.3148,17.6193,94.7708,59.0327,127.3817,77.7596,69.8228,86.3106
5,2019-12-01,27.9269,24.4865,31.6403,historical,14.7059,11.8745,17.5906,17.9419,0.0,55.1301,77.0919,68.8076,85.3122
5,2020-01-01,21.6957,18.0596,25.2539,historical,12.396,9.7763,15.0648,110.1939,71.986,147.1576,81.2356,72.6871,89.2169
5,2020-02-01,25.0242,21.4189,28.416,historical,14.5008,11.5328,17.019,75.2889,39.3551,112.8664,74.6344,67.0831,83.4922
5,2020-03-01,24.5612,21.012,28.0216,historical,13.7662,11.0696,16.462,124.9858,89.1042,159.5398,79.9152,71.9551,88.2171
5,2020-04-01,22.3916,18.7231,25.9432,historical,12.9458,9.9903,15.85,46.3562,10.1899,84.6639,78.2682,69.9969,86.3763
5,2020-05-01,25.359,21.8288,28.7887,historical,15.7573,12.8535,18.5182,33.18,0.0,68.1228,73.157,65.269,81.4728
5,2020-06-01,27.9183,24.0973,31.8092,historical,15.2408,12.545,17.7637,111.2221,73.9926,148.7995,71.8905,64.3575,80.9332
5,2020-07-01,24.3094,20.7995,28.1141,historical,13.8146,11.1204,16.8245,90.9312,55.158,126.8804,79.6721,71.1977,87.575
5,2020-08-01,22.6465,19.4153,26.3113,historical,15.354,12.372,18.0496,78.692,44.1252,116.2701,84.6288,76.2239,93.2958
5,2020-09-01,24.9168,21.243,28.2399,historical,14.1562,11.2787,17.1779,19.5521,0.0,55.5234,57.5284,48.9232,65.544
5,2020-10-01,19.4641,15.9016,23.0189,historical,12.7874,10.1384,15.5436,120.3898,85.4847,155.6067,93.796,85.919,102.4917
5,2020-11-01,21.7546,17.9484,25.2499,historical,13.3489,10.5798,16.2037,60.9964,24.2542,96.6353,69.6192,61.5871,77.6439
5,2020-12-01,23.5349,20.0344,26.9598,historical,13.8461,11.0885,16.4452,108.0529,72.3212,142.3581,71.6961,63.0752,79.914
5,2021-01-01,29.0347,25.5705,32.7088,historical,13.6842,10.8643,16.3627,17.0632,0.0,54.0657,83.8969,75.0806,92.0549
5,2021-02-01,23.495,19.9218,27.1023,historical,15.5243,12.7537,18.2515,105.4355,67.2744,142.8455,70.5707,62.2897,78.8967
5,2021-03-01,24.7843,21.3697,28.2386,historical,12.73,9.972,15.5007,118.3267,82.376,154.7355,78.1317,70.0191,86.2448
5,2021-04-01,25.6268,22.0165,28.9312,historical,15.0288,11.9044,17.9069,55.9309,19.4896,93.7681,77.1739,69.5806,84.5162
5,2021-05-01,23.3661,19.9621,27.0421,historical,14.5047,11.8301,17.2938,58.695,24.0818,94.3217,75.8194,67.5529,83.8124
5,2021-06-01,26.2115,22.6629,29.7781,historical,14.0125,11.3775,16.8567,87.2613,51.3162,121.206,76.117,67.584,83.7891
5,2021-07-01,23.5546,20.1242,27.1195,historical,13.6833,10.8396,16.4858,81.2809,45.0279,114.538,77.9684,69.8304,85.8077
5,2021-08-01,24.65,20.9499,28.27,historical,14.976,12.1381,17.7024,84.7068,48.8476,119.771,82.3972,74.2635,90.0957
5,2021-09-01,24.7151,20.8143,28.2375,historical,13.3645,10.6061,16.0467,57.3707,24.8947,94.7536,65.8339,57.0549,73.4688
5,2021-10-01,21.4344,18.0331,25.0118,historical,12.8197,10.0158,15.6989,96.5799,60.1436,132.3169,85.6921,77.3248,94.5769
5,2021-11-01,19.3602,15.4794,22.8099,historical,13.3819,10.6596,16.158,75.2169,38.7622,111.8117,73.2254,64.8363,81.0021
5,2021-12-01,25.0132,21.4688,28.2813,historical,13.621,10.8824,16.4714,80.5672,45.961,115.5468,74.535,65.7288,83.3463
5,2022-01-01,26.5939,23.1487,30.3257,historical,12.736,9.7574,15.4282,50.7206,16.9074,87.6993,84.0601,76.3097,92.2232
5,2022-02-01,23.9651,20.518,27.4815,historical,14.6486,11.8012,17.3629,98.6468,63.0417,133.4371,72.984,64.7111,81.5023
5,2022-03-01,25.0381,21.65,28.6574,historical,11.7343,8.8967,14.4779,111.889,73.7368,149.233,76.3075,68.1044,84.0924
5,2022-04-01,28.821,25.3368,32.2118,historical,17.1096,14.2567,20.1141,65.8569,31.805,102.5542,76.1375,67.7609,83.9169
5,2022-05-01,21.3012,17.4973,24.8719,historical,13.2093,10.556,15.987,83.7093,46.9607,119.0067,78.5415,71.3981,87.3068
5,2022-06-01,24.5131,21.0619,28.097,historical,12.7874,9.8724,15.4105,62.815,26.9098,100.4004,80.2799,71.7655,88.9523
5,2022-07-01,22.8623,18.9265,26.2038,historical,13.5639,10.7884,16.1736,72.1219,37.3278,106.7513,76.1808,67.5708,85.114
5,2022-08-01,26.6807,23.1518,30.0745,historical,14.5963,11.8548,17.2987,91.4,56.0123,128.9126,80.2371,71.8733,87.9927
5,2022-09-01,24.5109,20.8579,27.9075,historical,12.5819,9.8624,15.1854,94.9319,58.6043,129.8759,74.0797,66.0658,82.4155
5,2022-10-01,23.3662,19.6502,27.0098,historical,12.8634,10.1307,15.5776,72.3505,38.3492,107.4372,77.5445,69.4148,85.8907
5,2022-11-01,16.9441,13.3708,20.8627,historical,13.4091,10.8078,16.1649,89.3483,52.6754,125.2803,76.9566,68.6239,84.8875
5,2022-12-01,26.4836,22.8742,30.0896,historical,13.3762,10.6914,16.2421,53.3963,16.6506,87.596,77.3517,68.9819,85.3588
5,2023-01-01,24.153,20.5955,27.5396,forecast,11.7749,9.0231,14.5464,84.6472,47.4564,118.5612,84.19,75.5715,92.2233
5,2023-02-01,24.4811,20.9102,27.9772,forecast,13.7757,11.0608,16.5232,91.4709,55.0597,129.3706,75.3556,66.7626,83.5544
5,2023-03-01,25.3211,21.6438,28.5573,forecast,10.7793,8.2026,13.5551,105.6864,69.3052,140.3515,74.4559,66.1143,82.8281
5,2023-04-01,31.9708,28.4471,35.3125,forecast,19.1858,16.4622,22.1272,76.1247,41.2782,114.4329,75.1719,66.8688,83.1372
5,2023-05-01,19.1665,15.7964,22.8135,forecast,11.8716,9.2112,14.5405,108.2035,73.493,146.0813,81.3318,73.1972,89.1013
5,2023-06-01,22.826,19.4714,26.3495,forecast,11.5668,8.9181,14.189,37.9118,1.777,74.7022,84.3864,76.6555,93.026
5,2023-07-01,22.2334,18.5494,25.8524,forecast,13.4563,10.6225,16.2784,63.4711,29.4611,96.9608,74.3233,65.966,82.308
5,2023-08-01,28.7366,25.3625,32.0933,forecast,14.2149,11.4016,17.1739,98.7573,62.254,136.6249,78.1611,70.0481,86.5121
5,2023-09-01,24.3034,20.8703,27.9423,forecast,11.8088,8.8765,14.6495,132.1945,97.6649,166.7302,82.2697,73.6464,90.6242
5,2023-10-01,25.258,21.8931,28.7513,forecast,12.9177,10.1508,15.8228,47.7147,14.6512,84.7568,69.369,61.023,77.6674
5,2023-11-01,14.5083,11.0499,18.2066,forecast,13.4298,10.5987,16.1786,103.3848,67.8134,139.3074,80.8181,72.877,88.6731
5,2023-12-01,27.9458,24.1488,31.534,forecast,13.1116,10.1821,15.7843,26.5566,0.0,60.9819,80.1485,71.925,88.6209
5,2024-01-01,21.7147,18.3212,25.6275,forecast,10.8018,8.1082,13.6375,118.8093,82.4395,154.689,84.2902,75.9278,92.1885
5,2024-02-01,25.0431,21.4846,28.6139,forecast,12.9066,10.3236,15.6168,83.905,46.9085,118.9904,77.6873,69.6829,86.423
5,2024-03-01,24.5801,21.3057,27.859,forecast,12.1719,9.6875,15.0798,133.6026,97.4984,168.4802,82.9669,75.0304,90.6963
5,2024-04-01,22.4105,18.9754,26.0592,forecast,11.3516,8.5767,14.0702,54.9738,18.8167,89.0896,81.3184,72.9247,88.7715
5,2024-05-01,25.3779,21.8722,28.6718,forecast,14.1631,11.16,16.7982,41.7983,4.7509,76.9473,76.2059,67.7606,84.599
5,2024-06-01,27.9372,24.5494,31.4508,forecast,13.6466,10.788,16.5024,119.8411,83.0552,157.6941,74.9382,67.0448,82.9473
5,2024-07-01,24.3282,20.8574,28.0771,forecast,12.2203,9.5947,15.076,99.5509,63.5762,134.5423,82.7185,74.121,91.0739
5,2024-08-01,22.6653,19.0733,26.2074,forecast,13.7597,11.0502,16.4667,87.3124,50.8661,121.455,87.6739,79.9434,96.5883
5,2024-09-01,24.9356,21.533,28.2234,forecast,12.562,9.8466,15.285,28.1732,0.0,61.7454,60.5723,52.1516,68.9002
5,2024-10-01,19.4829,15.7306,22.8529,forecast,11.1931,8.543,13.7377,129.0117,92.1108,164.0665,96.8387,89.6463,105.1508
5,2024-11-01,21.7734,18.0887,25.5353,forecast,11.7546,8.8497,14.4688,69.619,34.5978,107.7167,72.6606,64.0083,80.3781
5,2024-12-01,23.5537,20.006,26.8985,forecast,12.2519,9.5268,15.1535,116.6762,80.8238,153.412,74.7363,66.7737,82.4858
6,2019-01-01,22.9231,19.5143,26.5484,historical,12.9836,10.2679,15.7388,49.2636,2.8806,93.6232,65.9684,55.1854,76.8774
6,2019-02-01,26.799,23.2736,30.2247,historical,17.0456,14.5437,19.6956,67.0546,21.0871,114.3677,67.4168,56.7294,77.5268
6,2019-03-01,20.5941,17.1428,23.8185,historical,14.2959,11.7315,16.6025,125.6966,81.8703,173.2917,82.9334,72.9756,93.4199
6,2019-04-01,24.9709,21.7504,28.4385,historical,16.0819,13.4351,18.5234,66.0585,22.7942,111.7159,60.2143,49.3114,70.7119
6,2019-05-01,25.6257,22.1341,29.1001,historical,9.7037,7.1103,12.2787,55.3707,11.2906,100.6228,83.534,73.4836,93.636
6,2019-06-01,24.3421,21.1298,28.1493,historical,13.854,11.3781,16.3836,100.3146,53.8245,146.2513,67.6834,57.6359,78.1818
6,2019-07-01,23.2457,19.784,26.6578,historical,13.1853,10.5442,15.4611,82.5665,33.6991,128.4885,77.1429,66.5423,87.7374
6,2019-08-01,26.6442,23.1986,30.2493,historical,15.5031,12.9639,18.0971,33.6034,0.0,78.2272,73.4515,63.1864,83.7333
6,2019-09-01,23.9167,20.4458,27.3561,historical,14.4704,11.8572,16.9786,54.2477,10.301,97.5256,71.2533,61.8377,82.0135
6,2019-10-01,24.117,20.6358,27.4556,historical,15.3058,12.6916,17.8784,35.5916,0.0,82.0174,67.3347,56.5804,77.3997
6,2019-11-01,24.7889,21.0615,28.3652,historical,12.5161,10.0056,14.9322,93.9935,47.131,139.5191,67.0937,56.7432,77.6558
6,2019-12-01,24.9953,21.7331,28.5327,historical,11.4091,8.8243,13.9672,110.2437,63.9944,153.1238,66.474,56.013,76.427
6,2020-01-01,21.1269,17.5497,24.649,historical,11.4903,8.9037,14.0462,56.1259,10.0823,102.1989,69.361,59.2302,79.5506
6,2020-02-01,28.4048,25.0392,31.6912,historical,18.4137,15.9314,21.1218,47.3977,1.0797,91.679,72.4675,62.6616,81.8927
6,2020-03-01,23.9128,20.4286,27.3322,historical,12.408,9.7976,14.9295,67.5612,22.1028,113.8829,79.4485,69.791,89.618
6,2020-04-01,24.0259,20.7279,27.397,historical,12.1594,9.6906,14.4468,77.5924,30.8806,121.4863,73.2415,63.357,83.7903
6,2020-05-01,25.6732,22.3574,29.2204,historical,18.5528,15.8238,21.0802,81.7154,33.7801,126.4392,91.6702,81.5101,101.7716
6,2020-06-01,22.9143,19.1618,26.4674,historical,12.5323,9.8931,15.0062,72.3161,23.5776,117.5549,64.9585,54.8397,74.9075
6,2020-07-01,27.2717,23.7899,30.8499,historical,13.1433,10.7094,15.6579,77.631,33.7032,124.1546,78.9238,68.3319,89.5812
6,2020-08-01,21.7991,18.5209,24.8991,historical,12.2515,9.9127,14.9954,86.9468,42.0687,132.5216,73.8485,63.4914,84.2329
6,2020-09-01,24.0217,20.403,27.2772,historical,14.1237,11.5518,16.5909,23.0396,0.0,65.05,67.3918,56.8467,77.4362
6,2020-10-01,26.634,23.0926,30.0365,historical,11.4782,9.1006,14.0966,71.084,25.3936,115.3947,66.0304,54.9133,75.9086
6,2020-11-01,25.4563,22.1865,28.8384,historical,15.8474,13.3222,18.381,54.3653,9.3208,99.438,77.5412,67.3767,87.3814
6,2020-12-01,20.7626,17.2655,24.3489,historical,13.0779,10.4495,15.8747,120.1451,76.7073,171.0027,78.1254,68.4523,88.6745
6,2021-01-01,26.2982,22.9079,30.1634,historical,15.0926,12.4885,17.482,45.8509,0.0,92.8095,67.0279,56.3627,77.142
6,2021-02-01,23.3807,19.9328,26.7278,historical,13.4094,10.8322,16.0392,117.8808,72.1192,163.2683,64.8827,54.1479,75.2459
6,2021-03-01,22.7421,19.0694,26.2783,historical,12.7204,10.1737,15.2266,90.4534,44.6352,136.2758,83.2274,72.8246,93.1856
6,2021-04-01,24.2552,20.7777,27.9114,historical,13.1918,10.7759,15.8069,77.7041,29.7385,126.7236,71.4658,61.8642,81.5985
6,2021-05-01,25.5812,22.3811,29.0224,historical,15.2863,12.6795,17.7807,76.5099,30.4782,120.805,91.3989,80.8799,101.4441
6,2021-06-01,23.3258,20.074,26.5933,historical,12.6015,9.9829,15.0498,85.272,34.5091,129.3619,68.3068,57.449,79.4984
6,2021-07-01,25.8389,22.3445,29.5508,historical,12.8034,10.4512,15.4254,83.2931,37.3927,129.9305,80.8228,71.2336,91.437
6,2021-08-01,23.325,19.6516,26.5426,historical,12.9982,10.4708,15.6108,72.8077,26.1704,120.3399,76.3312,67.0385,86.4234
6,2021-09-01,23.9382,20.6472,27.3364,historical,13.916,11.4613,16.5245,36.9964,0.0,80.6643,71.4671,61.8068,81.1504
6,2021-10-01,25.7208,22.5712,29.2377,historical,12.4581,9.8259,15.099,62.8367,15.82,108.6732,69.4631,59.5448,79.9269
6,2021-11-01,25.1317,21.6465,28.6608,historical,14.4471,11.7867,17.1608,71.173,22.955,117.9714,77.1746,66.0454,88.143
6,2021-12-01,22.1062,18.3667,25.622,historical,12.1928,9.5975,14.7831,120.7581,73.3969,168.4264,77.3474,67.3481,88.0328
6,2022-01-01,24.4935,21.2561,28.011,historical,13.5252,10.8955,16.0313,53.2369,7.3395,97.2394,71.0082,60.9907,80.7993
6,2022-02-01,24.9696,21.6796,28.6516,historical,14.7183,12.3097,17.3005,97.9539,52.6459,140.7326,70.8476,60.2459,81.2131
6,2022-03-01,21.5557,18.4866,24.8935,historical,13.0274,10.4376,15.6758,113.5368,67.3798,161.7645,88.0099,78.3933,98.5646
6,2022-04-01,24.49,21.1635,27.9976,historical,14.177,11.6146,16.7506,77.5584,31.002,120.6988,70.9153,60.6494,81.3756
6,2022-05-01,25.4848,22.2588,28.8447,historical,12.013,9.5841,14.5861,71.4251,23.8664,119.3696,92.6456,82.7642,102.827
6,2022-06-01,23.721,20.0617,27.2029,historical,12.7194,10.3815,15.306,98.3071,52.7018,143.3737,73.3467,62.692,83.6417
6,2022-07-01,24.4155,21.0558,27.9962,historical,12.495,10.0264,15.0045,88.6373,42.8113,136.9328,84.5265,74.2712,94.2718
6,2022-08-01,24.8594,21.3564,28.3868,historical,13.7601,11.3786,16.3416,58.72,14.9111,102.8519,80.533,70.5731,91.2289
6,2022-09-01,23.8221,20.2262,27.2047,historical,13.7095,11.1666,16.3276,51.0998,2.2367,95.2215,77.1237,67.3581,87.4132
6,2022-10-01,24.8003,21.3988,27.9776,historical,13.4122,10.9877,15.8591,54.703,8.8316,103.743,74.3003,62.7443,83.7745
6,2022-11-01,24.828,21.3791,28.1197,historical,13.0141,10.4844,15.5281,88.0859,40.7363,138.032,78.1271,67.4893,87.9286
6,2022-12-01,23.4363,20.1079,27.0528,historical,11.3141,8.7177,13.8398,121.1569,77.3392,172.641,77.9315,68.3641,88.1584
6,2023-01-01,22.6882,19.2051,26.252,forecast,12.0024,9.3597,14.6151,60.3601,16.4111,107.6623,76.2898,65.8049,87.0173
6,2023-02-01,26.5635,23.0905,30.2242,forecast,16.0656,13.5204,18.7085,78.1512,33.2141,124.5076,77.9116,67.1883,88.5383
6,2023-03-01,20.3582,16.9156,23.8096,forecast,13.3171,10.8694,15.7947,136.7931,90.8079,182.3484,93.5848,83.6069,104.196
6,2023-04-01,24.7345,21.3664,27.9142,forecast,15.1044,12.5429,17.6498,77.155,29.318,122.534,71.0391,60.2587,81.6662
6,2023-05-01,25.3888,22.0943,28.9623,forecast,8.7275,6.0512,11.3267,66.4672,21.2988,112.1522,94.5266,84.7584,105.0239
6,2023-06-01,24.1046,20.7114,27.669,forecast,12.8791,10.2323,15.2931,111.4111,62.4976,158.084,78.8494,68.9574,89.4547
6,2023-07-01,23.0077,19.3927,26.2228,forecast,12.2116,9.7753,15.0331,93.6631,49.606,138.0828,88.4766,79.0785,98.8825
6,2023-08-01,26.4057,23.0703,29.7111,forecast,14.5307,12.0673,17.1161,44.7,0.0,90.8751,84.9585,74.8556,94.9505
6,2023-09-01,23.6776,20.289,27.0357,forecast,13.4993,10.863,15.9307,65.3443,20.0705,111.0756,82.9333,72.8034,93.4377
6,2023-10-01,23.8774,20.4024,27.2595,forecast,14.336,11.7476,16.8233,46.6881,0.0,94.543,79.1819,68.9477,89.9223
6,2023-11-01,24.5488,21.0838,28.094,forecast,11.5476,9.1184,14.1224,105.0901,56.8801,152.246,79.1139,68.9917,89.9108
6,2023-12-01,24.7547,21.1639,28.2303,forecast,10.4418,7.9256,13.0777,121.3403,74.5758,167.3449,78.6614,68.8398,88.2641
6,2024-01-01,20.8857,17.4633,24.4218,forecast,10.5243,7.8094,12.9017,67.2224,17.1513,108.7151,81.7213,70.3517,92.5726
6,2024-02-01,28.1631,24.9044,31.5752,forecast,17.449,14.9479,19.9725,58.4942,11.6093,109.5439,85.0006,73.7004,95.1896
6,2024-03-01,23.6706,20.1737,26.9048,forecast,11.4444,8.7977,13.7104,78.6578,28.9396,122.7222,92.1433,82.0835,102.2283
6,2024-04-01,23.7831,20.4511,27.0946,forecast,11.1971,8.6364,13.7181,88.6889,47.2031,134.9487,86.1092,75.8888,96.6943
6,2024-05-01,25.43,22.2122,28.8592,forecast,17.5918,15.1029,20.1168,92.8119,45.5321,140.4047,104.7052,94.3945,114.9086
6,2024-06-01,22.6705,19.216,26.2519,forecast,11.5725,9.3038,14.128,83.4127,36.2768,131.2371,78.1663,67.8074,88.5695
6,2024-07-01,27.0274,23.6193,30.4067,forecast,12.1849,9.4854,14.4975,88.7276,45.0015,137.2797,92.2989,81.4841,103.0104
6,2024-08-01,21.5542,18.1486,24.9207,forecast,11.2941,8.7057,13.8508,98.0434,47.1704,143.0177,87.3964,76.9444,97.7641
6,2024-09-01,23.7764,20.0385,27.2322,forecast,13.1673,10.758,15.8668,34.1362,0.0,81.5193,81.1126,71.276,92.3568
6,2024-10-01,26.3881,22.868,29.8534,forecast,10.5228,7.9532,13.0337,82.1806,35.3128,128.7093,79.9185,70.1923,89.886
6,2024-11-01,25.2098,21.5514,28.7659,forecast,14.8929,12.3742,17.295,65.4619,16.0422,110.8095,91.6021,81.4155,101.6996
6,2024-12-01,20.5157,17.0649,24.5151,forecast,12.124,9.4873,14.75,131.2416,84.3874,179.6948,92.3535,82.2289,103.1144
7,2019-01-01,23.9059,20.939,26.9265,historical,13.1533,10.8454,15.4727,83.8195,44.3277,125.0462,70.2207,62.2511,77.7688
7,2019-02-01,24.6458,21.6815,27.8516,historical,14.2551,11.9688,16.4863,72.5963,31.5423,114.7442,56.8812,49.5838,64.2347
7,2019-03-01,20.4409,17.5264,23.2354,historical,13.9855,11.6205,16.1364,82.2253,38.9191,120.781,65.1955,57.6842,72.3473
7,2019-04-01,21.0687,17.925,23.6794,historical,13.9666,11.7515,16.0582,83.7517,45.0588,126.1237,68.8628,61.7307,76.2375
7,2019-05-01,24.5643,21.5726,27.3532,historical,16.0612,13.7574,18.384,74.4977,33.3536,113.7709,74.7799,67.715,82.3316
7,2019-06-01,25.0803,21.9442,28.1455,historical,12.0238,9.6113,14.4077,40.0421,0.0,80.1466,79.0251,71.7169,86.3956
7,2019-07-01,25.3969,22.3126,28.4348,historical,16.6038,14.372,18.7304,59.4526,14.5265,101.0756,60.0809,52.7713,67.3572
7,2019-08-01,26.2743,23.2001,29.3311,historical,12.04,9.7229,14.3344,41.9036,0.0,82.7535,65.8743,58.8795,72.9912
7,2019-09-01,22.4412,19.4364,25.4437,historical,13.8352,11.8573,16.257,70.7437,29.2417,110.1981,66.8938,59.466,73.9544
7,2019-10-01,13.8182,10.8149,16.8916,historical,13.452,11.1266,15.7676,90.6705,50.1406,131.5177,72.7849,65.2083,79.6036
7,2019-11-01,27.8062,24.791,30.6912,historical,12.9517,10.6877,15.2204,125.0932,84.9354,164.0528,78.4592,70.8659,85.9647
7,2019-12-01,23.9655,20.9641,26.8688,historical,14.5049,12.2815,16.6633,44.9695,3.3156,84.5841,72.9174,66.0263,80.1432
7,2020-01-01,23.6989,20.4441,26.4553,historical,12.3548,10.1875,14.4323,59.8353,20.4582,102.7107,66.4062,59.0714,73.539
7,2020-02-01,26.4403,23.4826,29.6809,historical,14.0669,11.7973,16.1306,69.3601,29.6452,110.9624,56.0305,48.8847,63.355
7,2020-03-01,22.1928,18.9057,25.1144,historical,14.5905,12.3738,16.8215,42.6877,1.8515,82.9656,75.6956,68.0633,83.2082
7,2020-04-01,22.3115,19.4887,25.3286,historical,9.6283,7.4364,11.8294,65.4524,21.8614,107.4603,59.3775,51.7759,66.3851
7,2020-05-01,28.6564,25.5996,31.7339,historical,14.7461,12.3996,16.9716,64.5544,23.8787,101.8297,76.3374,68.6102,83.6227
7,2020-06-01,24.4184,21.4583,27.2308,historical,19.2918,17.1844,21.5814,51.3048,14.2592,93.173,69.2309,62.2328,76.0804
7,2020-07-01,22.9574,19.9818,26.1999,historical,13.6635,11.6239,16.0872,94.1383,56.069,134.8237,66.0578,58.6574,73.6176
7,2020-08-01,21.2595,18.0569,24.2887,historical,12.4503,9.996,14.5912,13.5805,0.0,56.1606,59.6696,52.5342,66.6768
7,2020-09-01,20.4288,17.508,23.5326,historical,12.516,10.3249,14.7669,83.7912,44.9636,123.0954,72.8954,65.1991,80.1094
7,2020-10-01,24.7724,21.8503,28.1387,historical,14.4267,12.1138,16.7932,77.0819,37.2008,116.5559,81.2096,74.0321,88.9509
7,2020-11-01,22.2939,19.2593,25.3581,historical,12.3609,10.159,14.6626,47.2786,8.1532,87.9153,77.1941,69.944,84.365
7,2020-12-01,25.8401,23.009,28.7751,historical,13.1482,10.9002,15.2184,80.8749,39.9751,125.0252,51.663,44.8716,59.0403
7,2021-01-01,23.9426,20.7403,26.8207,historical,15.0403,12.7258,17.1407,116.058,73.551,155.7775,76.8647,69.2142,84.8423
7,2021-02-01,20.5694,17.5069,23.6451,historical,14.9887,12.675,17.1867,64.4291,22.6859,105.3976,58.3909,50.8018,65.1068
7,2021-03-01,21.4878,18.5915,24.6256,historical,14.4706,12.2368,16.78,50.378,8.2289,89.0566,73.8964,66.1438,81.1815
7,2021-04-01,21.7561,18.7357,24.8898,historical,11.1779,9.0385,13.3115,66.3474,27.7594,104.5899,64.7291,57.6267,72.8163
7,2021-05-01,27.1163,24.122,29.8941,historical,15.344,13.2583,17.6613,62.7702,23.347,100.8765,78.5512,71.6161,86.5576
7,2021-06-01,24.437,21.2873,27.3735,historical,16.9804,14.7668,19.3283,42.4182,0.0549,81.3318,75.7622,68.6056,83.3722
7,2021-07-01,23.5868,20.4705,26.5938,historical,14.7221,12.5913,17.0535,77.0435,35.4058,118.169,67.82,60.8198,75.3211
7,2021-08-01,22.7902,19.7401,25.5282,historical,12.4181,10.1648,14.6933,17.4315,0.0,55.7928,65.0836,57.2003,72.6816
7,2021-09-01,21.0141,18.1155,24.1239,historical,13.065,10.6814,15.2783,73.9722,33.949,113.2272,73.8609,66.2436,81.614
7,2021-10-01,20.9526,17.9885,23.9879,historical,14.2134,11.8625,16.3732,75.9254,32.6053,115.8069,80.8539,73.4036,88.8841
7,2021-11-01,23.9309,21.1253,26.8964,historical,12.6621,10.427,15.0844,68.1408,25.3107,108.3156,79.2587,72.0723,86.9236
7,2021-12-01,25.0571,21.9537,28.2295,historical,13.7264,11.6675,15.9869,64.1532,22.3887,109.8089,59.8637,52.5801,67.3063
7,2022-01-01,23.669,20.6881,26.7439,historical,14.2651,12.0198,16.6863,91.8257,52.7687,132.1518,73.8451,66.74,81.4947
7,2022-02-01,22.37,19.1477,25.3084,historical,14.7788,12.5528,16.9418,60.2102,22.24,100.7578,57.2376,49.9261,64.6195
7,2022-03-01,20.7446,17.6891,23.6454,historical,14.3775,12.0156,16.7453,58.191,19.6216,97.8717,68.5106,61.0144,76.3576
7,2022-04-01,21.1825,18.1471,24.3023,historical,12.7331,10.645,15.1447,67.0789,25.9715,108.5527,65.1051,58.1204,72.7007
7,2022-05-01,25.5927,22.5905,28.4934,historical,15.891,13.594,18.0451,60.7134,21.3334,101.1361,74.3732,66.9198,81.9802
7,2022-06-01,24.4986,21.6998,27.4273,historical,14.6654,12.4417,16.9401,33.289,0.0,72.9143,74.4689,67.0162,82.2696
7,2022-07-01,24.2415,21.2445,27.4445,historical,15.8109,13.3912,17.9515,60.1045,17.3038,97.5915,60.3973,52.4953,68.1503
7,2022-08-01,24.3035,21.0381,27.1864,historical,12.3899,10.1012,14.7508,21.5018,0.0,60.6172,61.7223,53.7048,69.3986
7,2022-09-01,21.526,18.4245,24.5479,historical,13.6134,11.3682,15.5354,64.2502,24.8833,108.5447,66.4318,58.8707,73.8867
7,2022-10-01,17.1409,14.1152,20.0659,historical,13.997,11.7891,16.1548,75.0864,34.4684,120.3129,72.619,65.5088,80.413
7,2022-11-01,25.6096,22.5288,28.4944,historical,12.9677,10.8555,15.3043,88.716,47.9658,131.0239,74.4222,67.0747,81.6325
7,2022-12-01,24.2731,21.2076,27.289,historical,14.2873,12.1077,16.5538,46.8075,6.0853,90.4137,61.8537,54.5738,69.2825
7,2023-01-01,23.4289,20.5756,26.4944,forecast,13.4782,11.2094,15.7106,67.7037,28.1095,109.4566,65.4276,57.8878,72.4495
7,2023-02-01,24.1688,21.2824,27.1016,forecast,14.58,12.3085,16.828,56.4805,15.306,95.6977,51.6861,43.998,59.1378
7,2023-03-01,19.9639,16.9638,23.0466,forecast,14.3105,11.9529,16.5357,66.1095,26.0013,108.7059,59.6374,52.4141,67.1519
7,2023-04-01,20.5917,17.5218,23.7006,forecast,14.2916,11.8694,16.5428,67.6359,26.2421,108.1139,62.9027,55.4775,70.3534
7,2023-05-01,24.0873,21.2559,26.9774,forecast,16.3863,14.145,18.5325,58.3819,17.0604,99.7194,68.4308,61.5882,76.4468
7,2023-06-01,24.6033,21.6625,27.7543,forecast,12.349,10.0695,14.5364,23.9263,0.0,66.3077,72.274,64.872,80.2558
7,2023-07-01,24.9199,22.0145,28.0558,forecast,16.9291,14.6048,19.1525,43.3368,1.2353,83.8051,52.9408,45.5794,60.031
7,2023-08-01,25.7973,22.7449,28.7694,forecast,12.3654,10.2023,14.739,25.7878,0.0,66.1986,58.3323,51.0457,65.723
7,2023-09-01,21.9642,19.0062,24.8172,forecast,14.1606,12.0312,16.5062,54.6279,12.2934,94.1432,58.9498,51.3047,66.4355
7,2023-10-01,13.3412,10.3884,16.4948,forecast,13.7775,11.6321,15.9313,74.5547,33.4661,115.0357,64.4519,57.1274,71.7793
7,2023-11-01,27.3292,24.3731,30.2785,forecast,13.2773,11.2814,15.4294,108.9774,68.8314,149.7712,69.7243,61.7917,77.3058
7,2023-12-01,23.4885,20.621,26.509,forecast,14.8305,12.5616,17.3174,28.8537,0.0,71.7952,63.7934,55.8791,71.0416
7,2024-01-01,23.2219,20.2049,26.3879,forecast,12.6806,10.5123,14.8993,43.7195,4.5701,83.7521,56.8803,49.003,64.2853
7,2024-02-01,25.9633,22.9607,28.9607,forecast,14.3927,12.1594,16.6248,53.2443,12.0604,95.2803,46.1026,38.7863,54.2758
7,2024-03-01,21.7158,18.8317,24.5101,forecast,14.9164,12.4384,16.9897,26.5719,0.0,68.6717,65.3916,57.5926,73.1777
7,2024-04-01,21.8345,18.8431,24.8151,forecast,9.9543,7.7724,12.2495,49.3366,9.9565,90.7592,48.6715,40.6536,56.0064
7,2024-05-01,28.1794,25.2037,31.2473,forecast,15.0721,12.8271,17.4018,48.4386,5.0381,86.2828,65.2425,57.3652,73.6724
7,2024-06-01,23.9414,20.6484,26.9255,forecast,19.6179,17.369,21.8961,35.189,0.0,75.7164,57.7308,49.3544,66.6251
7,2024-07-01,22.4803,19.4744,25.6634,forecast,13.9896,11.635,16.4154,78.0225,39.2689,118.9044,54.1657,45.7841,62.0962
7,2024-08-01,20.7825,17.8174,23.7104,forecast,12.7765,10.5984,15.1827,0.0,0.0,37.8756,47.3703,39.3189,56.0712
7,2024-09-01,19.9518,16.9423,23.0018,forecast,12.8422,10.5925,15.082,67.6754,27.6436,108.8308,60.1872,50.9323,68.6065
7,2024-10-01,24.2954,21.3316,27.3009,forecast,14.753,12.6721,17.0379,60.9661,20.0752,101.7757,68.1057,59.1375,76.3957
7,2024-11-01,21.8169,18.8474,24.6881,forecast,12.6872,10.3748,14.9592,31.1628,0.0,73.6392,63.1882,54.093,72.7957
7,2024-12-01,25.3631,22.3945,28.1914,forecast,13.4745,11.3318,15.5991,64.7591,26.0055,105.7363,36.7841,28.1857,45.1389
8,2019-01-01,25.5458,21.1034,30.0817,historical,13.9947,11.3964,16.6551,60.9223,33.4694,91.5378,62.8539,52.1021,72.289
8,2019-02-01,23.2066,18.7395,27.6463,historical,10.9533,8.3188,13.4802,86.1548,54.5905,115.3135,66.9057,56.8258,76.7809
8,2019-03-01,26.3986,21.8697,31.0743,historical,11.6266,9.1523,14.2069,53.2609,21.1978,85.9801,69.0655,59.353,78.5833
8,2019-04-01,24.0926,19.5922,28.5201,historical,14.9391,12.3371,17.4875,50.5856,19.3512,83.3531,63.6668,53.2854,73.1973
8,2019-05-01,20.4353,16.1596,25.1199,historical,6.9244,4.4418,9.4253,104.399,71.6817,133.4901,72.7584,62.5491,83.1791
8,2019-06-01,19.7001,15.3623,23.9734,historical,11.2536,8.5727,13.6405,88.7135,57.7899,118.3796,69.6006,59.5067,79.5684
8,2019-07-01,23.2496,19.1464,28.0471,historical,11.129,8.6358,13.5918,2.5071,0.0,32.9865,63.6191,53.3232,73.4623
8,2019-08-01,26.1046,21.4473,30.4488,historical,16.6837,14.1415,19.3279,76.9737,47.8262,107.7383,70.258,60.2333,80.4095
8,2019-09-01,25.687,20.8793,29.954,historical,11.6224,9.1182,14.2326,76.6898,47.0432,106.3177,64.3143,53.9405,73.9745
8,2019-10-01,16.4185,12.1577,20.7129,historical,10.4353,7.9653,13.051,129.9429,101.542,160.2179,89.3232,78.8612,98.5548
8,2019-11-01,26.1165,21.4082,30.1574,historical,12.3613,9.8262,14.7037,97.3946,69.3063,126.4566,72.8302,62.3355,82.7963
8,2019-12-01,23.6772,18.9697,28.2555,historical,10.0045,7.2869,12.3975,17.9175,0.0,47.4322,55.4867,45.3445,65.2995
8,2020-01-01,24.7097,20.4037,29.0845,historical,14.5498,11.6452,17.2887,51.8528,20.4074,82.0081,61.3493,51.4065,72.2897
8,2020-02-01,22.1462,17.9682,26.8942,historical,13.0032,10.6408,15.7979,95.5325,68.5344,126.9134,73.7167,63.9263,84.3199
8,2020-03-01,22.7714,18.4116,27.2171,historical,13.7866,11.3557,16.276,51.8205,22.3877,83.3209,63.9183,53.9897,74.7111
8,2020-04-01,21.5496,17.2125,26.195,historical,9.7912,7.1713,12.3949,39.9,7.9131,69.2656,71.124,61.2808,81.4943
8,2020-05-01,22.7773,18.2711,27.3614,historical,12.9942,10.3559,15.3812,74.5136,44.1358,105.5523,81.0865,71.4357,91.0126
8,2020-06-01,19.9579,15.4336,24.6678,historical,15.0071,12.5602,17.722,62.7644,31.5296,92.3308,72.4933,63.1789,81.6593
8,2020-07-01,27.7301,23.3741,32.5511,historical,15.0207,12.5172,17.5587,110.2639,80.2137,140.0195,57.2813,47.7265,66.9642
8,2020-08-01,19.4378,14.8292,23.9344,historical,11.8673,9.3572,14.6701,117.1953,87.514,148.8953,74.4256,64.0767,84.3227
8,2020-09-01,22.619,18.2245,27.0567,historical,9.8692,7.3571,12.2918,6.2911,0.0,37.3127,88.6333,78.7952,99.1017
8,2020-10-01,26.4548,21.9721,30.8126,historical,15.1749,12.6995,17.8533,89.3616,60.4892,118.1005,60.0273,50.2601,70.1363
8,2020-11-01,18.0461,13.5112,22.6957,historical,11.6162,9.0731,14.2774,73.3307,44.2708,106.1037,70.887,60.6666,81.3142
8,2020-12-01,24.2406,19.5454,28.9077,historical,14.2171,11.7052,16.7245,88.0412,57.4834,118.1316,77.6112,67.7928,87.3904
8,2021-01-01,26.6605,22.2568,31.3555,historical,17.4572,14.8886,20.142,88.1373,57.4171,116.7264,74.4402,64.3912,85.2646
8,2021-02-01,24.8825,20.2326,28.9119,historical,11.3945,8.9093,13.7604,76.2743,46.1367,107.0414,61.7312,51.9919,71.2119
8,2021-03-01,23.788,19.1342,28.104,historical,14.543,12.056,17.1632,54.8613,25.5496,85.7046,68.4199,58.664,78.3286
8,2021-04-01,22.2482,18.0748,27.2174,historical,13.0175,10.326,15.6236,45.9933,16.0316,76.5579,71.42,61.2503,81.1184
8,2021-05-01,21.843,17.3588,26.6458,historical,12.4943,10.04,15.0749,87.2991,55.0406,115.6891,80.9982,71.2362,90.8727
8,2021-06-01,19.7014,15.1357,24.0904,historical,15.2154,12.629,17.789,74.7777,46.289,102.0433,74.1654,64.5966,83.8579
8,2021-07-01,26.0261,21.6206,30.79,historical,15.1286,12.6616,17.8366,77.1571,48.3606,107.489,62.099,51.0629,72.3196
8,2021-08-01,21.4575,16.7387,26.014,historical,14.8862,12.2649,17.135,105.5343,73.7713,136.0045,75.8237,65.459,85.5959
8,2021-09-01,23.5249,18.8835,27.9235,historical,11.9185,9.1905,14.4192,31.7788,1.3673,61.6053,83.0906,73.4416,92.8889
8,2021-10-01,22.9164,18.3309,27.4036,historical,15.0313,12.4948,17.576,105.8136,76.3917,134.7402,72.414,62.6235,82.7082
8,2021-11-01,20.5239,15.8653,25.0908,historical,13.2761,10.6187,15.8631,84.6766,54.8483,115.6428,74.452,64.4567,84.3056
8,2021-12-01,23.9141,19.3365,28.2554,historical,14.2117,11.915,16.5227,67.6476,35.3594,95.7187,73.0064,63.7599,83.5429
8,2022-01-01,25.848,21.5983,30.4435,historical,17.8386,15.1818,20.3476,78.3175,44.4063,110.8995,72.6136,61.6366,82.0542
8,2022-02-01,23.7704,19.4648,28.3842,historical,13.0152,10.362,15.5128,85.0283,56.4803,115.612,68.3033,58.513,78.6996
8,2022-03-01,24.8221,20.6148,29.4238,historical,14.6822,12.0005,17.1788,57.9904,30.3133,86.664,72.8341,63.0446,82.8774
8,2022-04-01,22.9208,18.3934,27.5241,historical,15.3185,12.8309,17.898,52.2056,23.0949,82.8406,71.6309,61.8178,80.656
8,2022-05-01,20.8866,16.4,25.2173,historical,10.7893,8.1855,13.437,99.9133,70.2801,131.3244,80.9184,70.7651,91.3799
8,2022-06-01,19.4398,14.8013,23.5834,historical,14.0189,11.4575,16.5243,86.0756,54.3286,115.9481,75.8982,65.3176,85.2125
8,2022-07-01,24.3567,20.04,28.6775,historical,13.6313,10.9591,16.2537,43.8707,12.2917,73.5636,66.9097,57.2166,77.0557
8,2022-08-01,23.505,18.8411,28.0495,historical,16.0292,13.4672,18.5961,94.768,65.2134,123.9433,77.1311,66.9094,87.2714
8,2022-09-01,24.3722,20.0178,28.9239,historical,11.7767,9.2861,14.3956,57.9017,27.8341,88.1096,77.6794,68.1276,87.4841
8,2022-10-01,19.3942,15.0705,24.2456,historical,12.4696,10.075,15.0922,121.9967,92.0589,154.8136,84.8801,74.9395,95.1405
8,2022-11-01,23.0389,18.6561,27.698,historical,12.2798,9.7417,14.9432,95.348,65.2812,124.4621,77.7979,67.666,87.1611
8,2022-12-01,23.5504,19.0371,28.1397,historical,11.3079,8.8446,13.6123,46.9104,17.3736,76.3118,68.3259,57.9122,77.8609
8,2023-01-01,25.0213,20.6299,29.6144,forecast,15.1071,12.6197,17.7845,68.8634,38.3532,96.1861,70.9455,60.5998,80.9684
8,2023-02-01,22.6818,18.0332,27.0708,forecast,11.789,9.2627,14.4852,94.0959,61.6234,124.0209,74.9973,65.2072,85.7166
8,2023-03-01,25.8735,21.4672,30.6535,forecast,12.2123,9.658,14.8125,61.202,32.5979,89.3822,77.1572,65.9829,87.375
8,2023-04-01,23.5671,18.932,28.1755,forecast,15.248,12.6996,17.8878,58.5267,27.7609,88.26,71.7585,62.7506,82.0152
8,2023-05-01,19.9096,15.4008,24.3307,forecast,6.9656,4.2596,9.6229,112.3401,84.5675,143.9125,80.8501,71.2493,90.8097
8,2023-06-01,19.1741,14.656,23.4635,forecast,11.0181,8.5722,13.5947,96.6546,67.4707,127.1668,77.6923,67.97,86.7506
8,2023-07-01,22.7233,18.2308,27.3894,forecast,10.6257,8.2236,13.1209,10.4482,0.0,42.4616,71.7108,60.9562,82.164
8,2023-08-01,25.578,21.3051,30.1866,forecast,15.9037,13.1821,18.3171,84.9148,55.951,115.0147,78.3496,69.3081,89.0125
8,2023-09-01,25.1601,20.4457,29.516,forecast,10.5656,7.9966,13.2836,84.6309,54.2889,116.8568,72.4059,62.4722,82.2305
8,2023-10-01,15.8912,11.4485,20.6444,forecast,9.1108,6.5599,11.8074,137.884,107.7193,169.7591,97.4149,87.7497,107.372
8,2023-11-01,25.5889,20.9794,30.3019,forecast,10.7601,8.2232,13.4982,105.3357,75.5968,133.7782,80.9219,70.762,90.5796
8,2023-12-01,23.1493,18.6435,27.5939,forecast,8.1355,5.4032,10.7583,25.8586,0.0,57.5035,63.5784,53.3731,72.8901
8,2024-01-01,24.1815,19.6157,28.9339,forecast,12.4041,9.895,15.0372,59.7939,31.563,87.7712,69.441,59.6611,79.4281
8,2024-02-01,21.6178,16.9841,25.723,forecast,10.5809,8.0673,13.1053,103.4736,72.9563,130.2414,81.8084,72.126,91.1899
8,2024-03-01,22.2427,17.6676,26.4698,forecast,11.1056,8.3659,13.8498,59.7616,30.9938,89.0732,72.01,62.0081,81.6382
8,2024-04-01,21.0205,16.4247,25.0161,forecast,6.8337,3.9962,9.269,47.8411,20.8995,78.6669,79.2157,69.3781,89.0637
8,2024-05-01,22.248,17.8239,26.5265,forecast,9.7693,6.9805,12.2888,82.4547,54.61,111.3641,89.1782,79.5558,99.4154
8,2024-06-01,19.4282,14.7089,24.0513,forecast,11.5062,8.8659,13.968,70.7055,39.4575,99.7517,80.585,69.911,90.0992
8,2024-07-01,27.2002,22.558,31.7129,forecast,11.2526,8.4813,13.8098,118.205,87.3614,149.8879,65.373,55.7421,75.6089
8,2024-08-01,18.9077,14.3754,23.4556,forecast,7.8236,5.2695,10.5751,125.1364,95.3154,154.0411,82.5173,72.7028,93.2531
8,2024-09-01,22.0889,17.6629,26.9575,forecast,5.5502,2.6527,8.3046,14.2322,0.0,41.3668,96.725,87.0408,105.641
8,2024-10-01,25.9247,21.4542,30.3557,forecast,10.5894,7.7598,13.3359,97.3027,65.8807,127.0396,68.119,58.2002,78.2086
8,2024-11-01,17.516,12.7951,22.1448,forecast,6.7556,4.0942,9.5921,81.2718,52.4329,110.8142,78.9786,69.2519,88.9515
8,2024-12-01,23.7105,19.3756,28.1914,forecast,9.0903,6.2151,12.0014,95.9823,64.5729,125.9978,85.7029,75.8435,95.9537
9,2019-01-01,24.3401,21.0046,27.6527,historical,12.4962,9.5654,15.3434,55.4544,16.8127,94.4888,70.7133,61.214,80.3781
9,2019-02-01,25.0613,22.0751,28.2712,historical,13.3428,10.3629,16.2169,100.9464,59.6336,138.5271,66.9756,57.8829,76.4064
9,2019-03-01,21.9271,18.7423,25.1618,historical,10.5828,7.6802,13.4649,75.3595,37.6685,111.9655,66.6898,57.9234,76.7531
9,2019-04-01,23.6912,20.649,26.965,historical,14.3889,11.6278,17.2576,127.9273,88.006,167.6773,75.4514,65.614,85.4351
9,2019-05-01,25.3569,22.092,28.5546,historical,11.6272,8.6883,14.6604,26.9361,0.0,61.6079,65.4372,55.812,74.8631
9,2019-06-01,27.8477,24.9533,30.9436,historical,14.0605,11.1804,16.7394,65.2504,25.8346,104.0085,75.7659,66.4229,85.013
9,2019-07-01,24.7647,21.7677,28.1278,historical,16.121,13.359,18.9556,104.3204,65.5452,143.6794,65.3595,55.697,75.0163
9,2019-08-01,24.4957,21.1937,27.6592,historical,9.9398,7.0934,12.8439,75.9955,34.7467,113.3797,72.6634,64.0028,82.5688
9,2019-09-01,22.151,19.1106,25.1645,historical,15.2324,12.2966,18.2579,49.8125,10.0083,89.6938,60.2578,51.1796,70.0981
9,2019-10-01,22.3899,19.1726,25.542,historical,11.342,8.5848,14.3046,89.9232,50.8901,129.4728,84.5375,74.5937,94.607
9,2019-11-01,24.7802,21.4808,27.9085,historical,15.0516,12.0861,17.7924,108.2973,69.3045,145.2394,61.0692,52.1519,71.6546
9,2019-12-01,23.944,20.5564,26.9917,historical,16.4027,13.4192,19.1448,57.315,17.0478,96.7503,73.0835,64.6052,83.5589
9,2020-01-01,24.5243,21.4321,27.6133,historical,13.5562,10.8712,16.5547,55.7189,18.4057,95.4859,73.3439,63.964,82.5706
9,2020-02-01,25.0162,21.5893,28.004,historical,13.7496,10.8139,16.6178,91.5543,54.0929,128.986,67.6761,58.3468,76.8569
9,2020-03-01,29.068,25.8328,32.2114,historical,15.8501,13.0523,18.6582,62.7284,26.2661,104.0362,74.5442,64.7115,84.8247
9,2020-04-01,20.5915,17.5561,23.8168,historical,13.3959,10.5294,16.0353,52.3329,15.6137,90.3822,67.3692,57.6046,76.9943
9,2020-05-01,23.2224,20.0734,26.6871,historical,10.3803,7.4514,13.3404,101.8965,64.8433,140.4654,77.748,68.361,86.9741
9,2020-06-01,22.9089,19.6818,26.0316,historical,15.4842,12.6799,18.4896,81.3037,45.3719,117.7905,66.1175,56.306,75.4585
9,2020-07-01,29.0385,25.6797,32.2813,historical,13.5205,10.5501,16.448,46.101,5.8927,81.3699,69.8464,59.3263,79.5749
9,2020-08-01,22.17,18.8432,25.2736,historical,10.7238,7.8176,13.4764,54.3284,18.1423,92.9425,68.228,58.5996,77.8428
9,2020-09-01,26.4123,23.4174,29.6691,historical,16.607,13.5536,19.541,51.6758,14.906,85.0067,71.6182,62.4122,80.9599
9,2020-10-01,21.4618,18.3985,24.5588,historical,14.4556,11.5096,17.3173,31.1212,0.0,68.2894,58.5626,49.3356,67.8886
9,2020-11-01,23.089,19.9037,26.3236,historical,15.7457,12.7398,18.5748,137.6472,99.1212,174.8742,93.4202,83.9994,103.5232
9,2020-12-01,21.896,18.7631,24.8577,historical,13.7849,10.7755,16.5578,91.8441,53.772,129.2479,63.1429,52.3924,72.9571
9,2021-01-01,22.7559,19.3831,26.0115,historical,11.6756,8.9175,14.4882,13.2052,0.0,54.4645,66.4667,56.2038,75.6087
9,2021-02-01,23.8678,20.6713,27.2181,historical,13.7737,10.8326,16.7959,77.4722,38.1016,112.2687,66.4402,57.3072,75.966
9,2021-03-01,26.2836,22.9457,29.2609,historical,14.5363,11.6899,17.5218,54.5564,17.9742,94.991,72.2667,62.7237,81.5713
9,2021-04-01,21.1864,17.9032,24.4367,historical,14.1448,11.2612,17.0315,66.2156,26.6151,102.1239,70.4287,61.1703,79.678
9,2021-05-01,23.535,20.5106,26.6954,historical,11.2415,8.2824,14.2268,65.9635,27.3676,103.8609,73.9842,63.9304,82.721
9,2021-06-01,24.1992,20.9372,27.2222,historical,15.3365,12.4591,18.0335,64.631,25.9411,102.7181,69.6567,59.6828,78.3097
9,2021-07-01,27.2533,24.0097,30.4065,historical,14.6118,11.7974,17.5199,54.9366,15.7168,95.1274,68.7286,59.2725,78.1194
9,2021-08-01,22.5674,19.4408,25.8913,historical,10.5876,7.7186,13.5966,51.9124,10.8577,90.1389,70.0935,61.2657,79.1158
9,2021-09-01,24.6071,21.5681,27.672,historical,16.1518,13.17,19.1881,41.7289,3.1054,76.2831,68.1473,58.8828,77.2231
9,2021-10-01,21.3523,18.2053,24.408,historical,13.2794,10.5129,16.2922,42.1727,5.2401,78.389,67.6981,57.9852,76.9949
9,2021-11-01,23.2515,20.2135,26.6802,historical,15.2379,12.4381,18.1838,119.6729,80.2153,158.2839,83.0903,72.6608,93.0304
9,2021-12-01,22.1954,19.0332,25.3929,historical,14.2872,11.3735,17.2292,71.5562,32.7357,110.2317,66.7001,57.0876,76.6566
9,2022-01-01,22.9794,19.7305,26.115,historical,11.8476,8.8656,14.6582,18.7341,0.0,58.3398,69.1705,59.3764,78.3894
9,2022-02-01,23.9076,20.7513,26.9318,historical,13.213,10.2886,16.2175,74.043,36.751,112.7286,67.6914,58.2676,77.4186
9,2022-03-01,23.517,20.5091,26.902,historical,12.0863,9.1445,15.0437,49.9786,12.087,90.9899,70.7658,61.9673,79.5677
9,2022-04-01,21.8343,18.3935,24.8669,historical,13.6666,10.7484,16.7295,82.6299,44.84,122.4736,74.6173,65.0607,84.1844
9,2022-05-01,23.8615,20.8041,26.8761,historical,10.7363,8.0033,13.6958,32.1766,0.0,72.2978,71.7373,62.3272,81.4371
9,2022-06-01,25.4605,22.5427,28.8764,historical,13.9409,11.1864,16.8729,50.4856,10.3817,85.8102,75.1059,65.3249,84.2723
9,2022-07-01,25.4427,22.44,28.7619,historical,14.5579,11.6405,17.477,65.5598,26.1609,102.1443,69.8275,60.3951,78.782
9,2022-08-01,22.9571,19.9642,25.8263,historical,9.405,6.6379,12.2836,50.3491,11.6613,90.4155,74.5388,65.01,82.9857
9,2022-09-01,22.8006,19.5973,26.2539,historical,14.7721,11.8792,17.6601,32.3221,0.0,69.9394,67.6977,58.1985,77.2642
9,2022-10-01,21.2762,18.2983,24.5348,historical,11.3199,8.3983,14.2333,52.994,15.1646,93.262,80.0554,70.483,89.7231
9,2022-11-01,23.43,19.8751,26.3772,historical,14.0853,11.3629,17.0119,101.2687,63.9711,138.623,76.3717,66.5916,85.6897
9,2022-12-01,22.4929,19.2542,25.6284,historical,14.239,11.535,17.1455,51.5875,15.8727,88.9811,74.4409,64.6659,84.6713
9,2023-01-01,23.1836,20.0639,26.3284,forecast,11.5535,8.4992,14.5062,24.624,0.0,63.8854,76.2612,67.5496,85.7219
9,2023-02-01,23.9049,20.7183,26.9503,forecast,12.2834,9.3054,15.2542,70.6235,34.0035,108.9581,72.9014,62.9166,82.4788
9,2023-03-01,20.7707,17.3987,23.8137,forecast,9.4182,6.5517,12.386,45.4949,7.0939,83.0949,72.9568,64.2071,82.3683
9,2023-04-01,22.5347,19.1602,25.9293,forecast,13.1076,10.2518,16.0328,98.5701,57.9596,137.6899,82.0964,72.7018,91.5062
9,2023-05-01,24.2005,20.8296,27.2,forecast,10.2331,7.5546,12.9868,0.0,0.0,35.5534,72.4479,63.2082,81.9103
9,2023-06-01,26.6912,23.2564,29.8904,forecast,12.5498,9.479,15.4639,36.8917,0.9146,77.2582,83.1545,73.8097,92.4495
9,2023-07-01,23.6082,20.5648,26.7792,forecast,14.4975,11.741,17.3683,76.4528,39.3167,117.4739,73.1138,63.4928,82.9262
9,2023-08-01,23.3393,20.1816,26.6424,forecast,8.1996,5.3161,10.8689,48.6354,11.7316,90.1859,80.7956,70.4018,90.1906
9,2023-09-01,20.9945,17.8206,24.0984,forecast,13.3756,10.7225,16.4504,22.9599,0.0,61.0997,68.7678,58.8102,78.9684
9,2023-10-01,21.2335,18.156,24.2585,forecast,9.3723,6.4367,12.4065,63.5616,26.9592,102.8544,93.4132,82.9854,102.7883
9,2023-11-01,23.6237,20.4991,26.8831,forecast,12.9653,10.0698,15.8191,82.4432,45.5877,119.1219,70.3228,60.3874,80.4443
9,2023-12-01,22.7876,19.6666,25.8685,forecast,14.2036,11.3267,17.0886,31.952,0.0,69.8043,82.7027,73.0626,92.3294
9,2024-01-01,23.3678,20.3162,26.7372,forecast,11.2405,8.396,14.2901,30.8633,0.0,70.4102,83.3411,73.2933,92.354
9,2024-02-01,23.8597,20.8635,27.0554,forecast,11.3173,8.277,14.089,67.206,29.5383,105.1176,78.0511,68.776,87.8707
9,2024-03-01,27.9115,24.7126,30.979,forecast,13.3087,10.4365,16.3724,38.8547,0.0,76.9662,85.2728,74.8494,94.5661
9,2024-04-01,19.4351,16.0429,22.7017,forecast,10.7378,7.8201,13.6441,28.9666,0.0,66.0475,78.4756,69.3604,88.7705
9,2024-05-01,22.066,18.9486,25.1738,forecast,7.6095,4.731,10.5739,79.0211,39.832,118.7753,89.2202,79.4706,99.1325
9,2024-06-01,21.7524,18.4112,24.844,forecast,12.5967,9.8633,15.3811,58.9347,19.7678,96.4398,77.9675,68.1802,88.2298
9,2024-07-01,27.882,24.6306,30.9366,forecast,10.5202,7.4353,13.516,24.222,0.0,63.9676,82.0622,72.0278,91.833
9,2024-08-01,21.0136,17.7485,24.1837,forecast,7.6069,4.7494,10.4113,32.9556,0.0,74.7168,80.8216,71.4361,89.8778
9,2024-09-01,25.2558,22.0798,28.3689,forecast,13.3735,10.3363,16.4695,30.8036,0.0,70.376,84.5897,75.2259,94.0684
9,2024-10-01,20.3053,17.2523,23.6865,forecast,11.1092,8.1196,14.0865,10.7336,0.0,51.599,71.8998,62.8804,81.8853
9,2024-11-01,21.9325,19.0464,25.1484,forecast,12.2827,9.376,15.0112,117.262,82.1657,156.9302,107.1347,97.4874,116.9047
9,2024-12-01,20.7395,17.7167,23.8326,forecast,10.2092,7.1313,12.8771,71.461,36.7747,111.0687,77.2221,67.3403,86.8872
10,2019-01-01,25.2035,21.9057,28.7485,historical,15.0425,12.7489,17.7287,69.5411,27.2775,110.7227,72.4316,66.4386,78.3626
10,2019-02-01,24.1848,20.7808,27.6731,historical,12.9863,10.5101,15.462,50.0114,11.0767,93.0401,60.917,54.428,67.2851
10,2019-03-01,24.4959,21.162,27.8883,historical,15.3171,12.9982,17.8411,87.3823,46.711,128.3467,85.4483,79.3909,91.9518
10,2019-04-01,24.5685,20.8806,28.1405,historical,17.519,15.3334,20.0089,60.6092,20.9374,101.9087,63.2986,56.856,69.5021
10,2019-05-01,25.0009,21.5416,28.6447,historical,11.1118,8.7393,13.5467,56.0919,14.0034,96.7357,77.5224,71.239,83.5858
10,2019-06-01,24.6626,21.1863,28.0167,historical,11.8084,9.4195,14.1661,33.5775,0.0,73.7991,70.2395,63.9349,76.3709
10,2019-07-01,23.4931,19.7573,26.7944,historical,18.8357,16.5396,21.234,66.718,26.8286,106.5796,77.9777,71.4488,83.9741
10,2019-08-01,26.6862,22.9025,29.9668,historical,13.6456,11.0646,16.0386,135.09,97.7142,174.3377,72.4834,66.2165,78.729
10,2019-09-01,26.188,22.9501,29.8234,historical,13.2186,10.8672,15.4099,88.0858,45.798,127.922,77.5972,71.8462,84.1002
10,2019-10-01,25.0706,21.6919,28.607,historical,16.4157,14.1345,18.7557,59.2689,19.3764,103.0096,76.3307,69.9319,82.6276
10,2019-11-01,22.5872,19.196,26.2513,historical,12.1295,9.5866,14.5748,82.4454,39.1062,122.5387,76.0666,69.849,82.3442
10,2019-12-01,24.6179,21.298,28.1562,historical,12.9437,10.4904,15.216,26.2302,0.0,61.895,67.1991,61.0211,73.2306
10,2020-01-01,23.1365,19.5497,26.3158,historical,13.2366,10.7099,15.6051,93.8853,50.2657,135.0342,72.8265,66.817,79.5008
10,2020-02-01,22.179,18.6182,25.8231,historical,9.5979,7.2867,12.107,49.0453,10.7638,89.228,64.2425,58.0722,70.6956
10,2020-03-01,21.7383,18.3258,25.3682,historical,8.0807,5.658,10.4087,42.2471,3.6935,83.3028,83.3927,76.9697,89.7921
10,2020-04-01,19.9579,16.4603,23.3838,historical,12.3074,9.9339,14.6684,62.8341,23.7669,101.5221,70.6966,64.7377,76.9118
10,2020-05-01,23.8044,20.5103,27.3223,historical,12.253,9.5966,14.5727,77.1086,34.7667,118.8174,77.9316,71.7975,84.3013
10,2020-06-01,21.9927,18.3495,25.4577,historical,14.2396,11.7676,16.6258,89.0822,49.2922,129.2744,75.0084,68.7942,81.3037
10,2020-07-01,27.1846,23.5954,30.619,historical,14.9217,12.5012,17.3627,113.6286,71.8177,151.647,75.9441,69.4744,81.9921
10,2020-08-01,26.7697,23.2576,30.0643,historical,14.541,12.1789,16.8694,88.0666,46.9536,130.9718,79.0316,72.7009,84.8944
10,2020-09-01,22.7035,19.1791,26.0226,historical,13.506,11.1253,15.9291,48.1714,6.2868,89.6787,88.7809,82.5163,94.715
10,2020-10-01,18.1894,14.7578,21.6332,historical,9.4511,7.2614,11.9852,107.859,68.6021,145.4603,74.1093,67.7689,80.5092
10,2020-11-01,24.0142,20.4736,27.4052,historical,12.9748,10.5622,15.4049,54.1487,13.5767,94.0098,68.9789,63.1133,74.9387
10,2020-12-01,24.3268,20.7445,28.0347,historical,11.6609,9.3763,14.0297,99.9295,57.1782,141.3179,72.6849,66.4543,78.7869
10,2021-01-01,23.9823,20.3525,27.3845,historical,14.0858,11.6559,16.5626,52.2155,13.0742,95.9765,83.4074,77.5947,89.6703
10,2021-02-01,23.0342,19.6155,26.4943,historical,15.5294,13.1475,17.9534,80.498,39.389,121.5869,66.1287,60.0621,72.3886
10,2021-03-01,21.5548,18.1551,24.8153,historical,9.8199,7.5919,12.2105,53.8829,15.5579,94.0524,87.4114,81.4188,93.5429
10,2021-04-01,20.5547,17.1837,24.1278,historical,13.6134,11.3167,15.9277,56.5332,14.6814,96.6984,71.4675,64.8549,78.089
10,2021-05-01,23.4121,19.8809,26.9763,historical,11.6073,9.2265,13.9875,62.0133,23.8524,102.6016,80.9373,74.6496,87.1704
10,2021-06-01,22.2355,18.8355,25.8831,historical,13.2808,10.8928,15.7066,59.5853,19.5066,99.4985,76.5321,70.4966,82.7978
10,2021-07-01,25.4135,22.0589,28.7989,historical,16.2409,13.9399,18.5569,83.8275,42.6869,125.3533,79.7376,73.9128,85.8236
10,2021-08-01,26.2879,23.0541,29.8965,historical,14.4335,11.9855,16.8165,87.1128,47.0483,128.1619,79.9605,73.5865,86.1758
10,2021-09-01,23.4584,19.8536,26.8589,historical,13.6194,11.2884,16.0119,44.7523,2.1761,85.307,88.0464,81.9325,94.2134
10,2021-10-01,20.1816,16.4735,23.6906,historical,12.0725,9.6048,14.5143,74.0126,33.2227,113.2208,77.7741,71.6189,83.2664
10,2021-11-01,23.2998,19.8042,26.7977,historical,13.0763,10.7856,15.3779,45.0075,6.3188,89.312,74.348,68.4302,80.4609
10,2021-12-01,24.1998,20.8065,27.5124,historical,12.5117,9.9646,14.8945,55.6663,13.4535,96.3484,73.8885,67.4631,79.8586
10,2022-01-01,23.5137,19.7605,27.0962,historical,14.2913,11.8507,16.6037,45.3548,7.1326,87.8023,82.7998,76.5592,89.6694
10,2022-02-01,22.5885,18.9828,26.0441,historical,14.0406,11.5235,16.5174,48.4639,6.5627,86.6301,68.3284,62.3791,74.6293
10,2022-03-01,22.0632,18.4255,25.6143,historical,12.4226,10.0246,14.6954,52.7212,15.3727,95.764,89.678,83.5709,95.8055
10,2022-04-01,21.6811,18.1176,25.3685,historical,15.5409,13.1182,17.9926,39.5785,0.0,78.1619,68.8541,62.4652,75.1099
10,2022-05-01,23.4001,19.721,26.7686,historical,11.4162,9.181,13.779,38.7879,0.0,78.9098,78.9824,72.9596,85.3755
10,2022-06-01,22.7146,19.3072,26.2962,historical,12.6595,10.3249,14.9962,24.8586,0.0,65.6022,71.3683,65.5215,77.8106
10,2022-07-01,23.7715,20.0781,27.0027,historical,17.7353,14.9965,20.2009,51.9684,9.5126,91.1914,75.143,69.1195,81.3285
10,2022-08-01,25.8493,22.2931,29.2624,historical,14.3244,11.8209,16.8156,86.5761,45.682,128.2336,70.7488,64.3716,76.7262
10,2022-09-01,24.2548,20.9119,27.8821,historical,13.7687,11.237,16.1037,40.9781,0.0,82.4887,75.5336,69.2202,81.8602
10,2022-10-01,22.1543,18.6702,25.6597,historical,14.6936,12.2666,16.939,39.8873,0.0,82.9224,68.0326,61.507,74.5184
10,2022-11-01,22.5474,19.0842,25.939,historical,13.149,10.7519,15.524,35.647,0.0,78.9501,64.4738,58.1593,70.6361
10,2022-12-01,24.0636,20.5387,27.6805,historical,13.3475,10.9201,15.9678,11.4586,0.0,50.162,58.1228,52.0199,64.2877
10,2023-01-01,23.0437,19.4491,26.4728,forecast,14.4717,12.2862,16.8499,38.7448,0.0,79.3467,63.5796,57.7762,69.6399
10,2023-02-01,22.1606,18.6967,25.6915,forecast,12.5821,10.3521,14.9773,16.6076,0.0,57.7991,50.2527,43.8902,55.9439
10,2023-03-01,22.5942,18.8789,25.9105,forecast,15.0633,12.7264,17.5854,51.6232,10.6917,90.8003,73.147,66.5869,79.4094
10,2023-04-01,22.8024,18.9137,26.3937,forecast,17.4317,14.8487,19.7569,22.2425,0.0,63.7249,49.185,42.9197,55.1557
10,2023-05-01,23.366,19.7811,27.053,forecast,11.1858,8.7716,13.594,15.2018,0.0,55.7203,61.655,55.8085,68.0385
10,2023-06-01,23.1634,19.6472,26.3741,forecast,12.049,9.5789,14.4758,0.0,0.0,31.675,52.5598,46.167,58.7447
10,2023-07-01,22.1251,18.4386,25.5811,forecast,19.2375,16.7887,21.4068,20.6968,0.0,61.8993,58.5441,52.379,64.5226
10,2023-08-01,25.4538,21.9628,29.0148,forecast,14.2141,11.8708,16.5188,86.4612,42.3299,129.1374,51.2375,45.0704,57.8528
10,2023-09-01,25.0912,21.5681,28.5033,forecast,13.9539,11.5178,16.3424,36.8494,0.0,78.3663,54.539,48.1259,61.901
10,2023-10-01,24.1051,20.5073,27.5748,forecast,17.3123,15.0406,19.7855,5.509,0.0,46.9475,51.5186,44.9987,58.1761
10,2023-11-01,21.7573,18.4132,25.2482,forecast,13.1928,10.7621,15.4518,26.078,0.0,67.5274,49.4421,42.825,56.0382
10,2023-12-01,23.9192,20.2063,27.3106,forecast,14.1685,11.9665,16.7954,0.0,0.0,11.9425,38.8208,32.2306,45.0526
10,2024-01-01,22.5734,19.229,25.8097,forecast,14.6281,12.092,16.8958,32.3868,0.0,74.6565,42.6359,35.9977,49.2473
10,2024-02-01,21.7514,18.2912,25.321,forecast,11.1561,8.7509,13.6073,0.0,0.0,22.6671,32.2396,25.7172,38.6022
10,2024-03-01,21.4374,17.7957,25.0756,forecast,9.7949,7.4179,12.1321,0.0,0.0,16.3769,49.6943,42.486,57.0998
10,2024-04-01,19.7924,16.2421,23.2865,forecast,14.1884,11.8161,16.6172,0.0,0.0,37.8489,35.186,28.0746,41.6464
10,2024-05-01,23.77,20.2874,27.2468,forecast,14.2953,11.7348,16.7147,5.4351,0.0,45.542,40.6671,34.1677,48.3137
10,2024-06-01,22.0936,18.598,25.6803,forecast,16.4486,14.0663,18.9948,14.803,0.0,54.9394,36.016,28.7833,43.4547
10,2024-07-01,27.4164,24.0049,30.9908,forecast,17.292,14.9144,19.7019,36.8278,0.0,79.3592,35.2795,27.7116,43.4626
10,2024-08-01,27.1362,23.4606,30.4469,forecast,17.078,14.7077,19.5829,8.6606,0.0,51.3738,36.6392,28.5377,44.0269
10,2024-09-01,23.0704,19.6762,26.6439,forecast,16.0432,13.5913,18.4408,0.0,0.0,11.4892,44.6606,36.7397,52.4919
10,2024-10-01,18.5568,15.0593,21.9466,forecast,11.9884,9.5529,14.4219,28.4408,0.0,70.6729,28.3168,19.9799,36.5991
10,2024-11-01,24.3817,20.8711,28.1827,forecast,15.5121,13.0734,17.9962,0.0,0.0,15.2859,21.4586,13.1554,29.7254
10,2024-12-01,24.6942,21.2343,28.2484,forecast,14.1982,11.6359,16.5425,20.5044,0.0,59.5223,23.4924,14.6555,32.6379
